TimeStamp,B_x,B_y,B_z,B_net,CPU_load
2020/08/06 07:32:31.486,5,33,-19,38,0
2020/08/06 07:32:31.521,5,33,-19,38,24
2020/08/06 07:32:31.553,5,33,-19,38,54
2020/08/06 07:32:31.586,6,32,-18,37,41
2020/08/06 07:32:31.620,6,32,-18,37,25
2020/08/06 07:32:31.652,6,32,-18,37,48
2020/08/06 07:32:31.686,6,32,-18,37,25
2020/08/06 07:32:31.717,6,32,-18,37,35
2020/08/06 07:32:31.750,6,32,-18,37,39
2020/08/06 07:32:31.782,6,32,-18,37,42
2020/08/06 07:32:31.817,6,32,-18,37,40
2020/08/06 07:32:31.850,6,32,-18,37,29
2020/08/06 07:32:31.883,6,32,-18,37,36
2020/08/06 07:32:31.917,6,32,-18,37,30
2020/08/06 07:32:31.949,6,32,-18,37,35
2020/08/06 07:32:31.981,5,32,-17,37,38
2020/08/06 07:32:32.014,5,32,-17,37,33
2020/08/06 07:32:32.049,5,32,-17,37,26
2020/08/06 07:32:32.081,5,32,-17,37,42
2020/08/06 07:32:32.116,5,32,-17,37,52
2020/08/06 07:32:32.149,5,32,-17,37,39
2020/08/06 07:32:32.183,7,32,-19,38,39
2020/08/06 07:32:32.218,7,32,-19,38,34
2020/08/06 07:32:32.250,7,32,-19,38,26
2020/08/06 07:32:32.281,7,32,-19,38,13
2020/08/06 07:32:32.320,7,32,-19,38,9
2020/08/06 07:32:32.362,7,32,-19,38,21
2020/08/06 07:32:32.395,6,32,-16,36,43
2020/08/06 07:32:32.426,6,32,-16,36,35
2020/08/06 07:32:32.461,6,32,-16,36,29
2020/08/06 07:32:32.494,6,32,-16,36,45
2020/08/06 07:32:32.527,6,32,-16,36,51
2020/08/06 07:32:32.560,6,32,-16,36,30
2020/08/06 07:32:32.592,6,32,-17,37,67
2020/08/06 07:32:32.624,6,32,-17,37,33
2020/08/06 07:32:32.656,6,32,-17,37,25
2020/08/06 07:32:32.689,6,32,-17,37,43
2020/08/06 07:32:32.726,6,32,-17,37,37
2020/08/06 07:32:32.758,6,32,-17,37,48
2020/08/06 07:32:32.794,6,32,-17,37,32
2020/08/06 07:32:32.826,6,32,-17,37,87
2020/08/06 07:32:32.857,6,32,-17,37,67
2020/08/06 07:32:32.888,6,32,-17,37,73
2020/08/06 07:32:32.921,6,32,-17,37,86
2020/08/06 07:32:32.964,6,32,-17,37,65
2020/08/06 07:32:32.996,6,32,-17,37,57
2020/08/06 07:32:33.029,6,32,-17,37,41
2020/08/06 07:32:33.071,6,32,-17,37,41
2020/08/06 07:32:33.112,6,32,-17,37,48
2020/08/06 07:32:33.145,6,32,-17,37,36
2020/08/06 07:32:33.177,6,32,-17,37,30
2020/08/06 07:32:33.210,6,32,-17,37,40
2020/08/06 07:32:33.242,6,32,-17,37,50
2020/08/06 07:32:33.275,6,32,-17,37,44
2020/08/06 07:32:33.308,6,32,-17,37,30
2020/08/06 07:32:33.341,6,32,-17,37,30
2020/08/06 07:32:33.383,6,32,-17,37,31
2020/08/06 07:32:33.415,6,32,-17,37,32
2020/08/06 07:32:33.493,6,32,-17,37,32
2020/08/06 07:32:33.526,6,32,-17,37,31
2020/08/06 07:32:33.561,6,32,-17,37,31
2020/08/06 07:32:33.611,6,32,-17,37,25
2020/08/06 07:32:33.659,6,32,-17,37,27
2020/08/06 07:32:33.690,6,32,-17,37,32
2020/08/06 07:32:33.755,6,32,-17,37,29
2020/08/06 07:32:33.788,6,32,-17,37,52
2020/08/06 07:32:33.825,6,32,-17,37,44
2020/08/06 07:32:33.870,6,32,-17,37,82
2020/08/06 07:32:33.935,6,32,-17,37,100
2020/08/06 07:32:33.970,6,32,-17,37,92
2020/08/06 07:32:34.019,6,32,-17,37,94
2020/08/06 07:32:34.052,6,32,-17,37,87
2020/08/06 07:32:34.086,6,32,-17,37,83
2020/08/06 07:32:34.121,6,32,-17,37,81
2020/08/06 07:32:34.154,6,32,-17,37,85
2020/08/06 07:32:34.188,6,32,-17,37,71
2020/08/06 07:32:34.223,6,32,-17,37,86
2020/08/06 07:32:34.263,6,32,-17,37,74
2020/08/06 07:32:34.297,6,32,-17,37,55
2020/08/06 07:32:34.330,6,32,-17,37,45
2020/08/06 07:32:34.363,6,32,-17,37,52
2020/08/06 07:32:34.403,6,32,-17,37,80
2020/08/06 07:32:34.437,6,32,-17,37,78
2020/08/06 07:32:34.470,6,32,-17,37,82
2020/08/06 07:32:34.502,6,32,-17,37,62
2020/08/06 07:32:34.534,6,32,-17,37,81
2020/08/06 07:32:34.568,6,32,-17,37,57
2020/08/06 07:32:34.607,6,32,-17,37,56
2020/08/06 07:32:34.640,6,32,-17,37,63
2020/08/06 07:32:34.672,6,32,-17,37,85
2020/08/06 07:32:34.707,6,32,-17,37,66
2020/08/06 07:32:34.739,6,32,-17,37,67
2020/08/06 07:32:34.772,6,32,-17,37,50
2020/08/06 07:32:34.806,6,32,-17,37,76
2020/08/06 07:32:34.839,6,32,-17,37,86
2020/08/06 07:32:34.874,6,32,-17,37,67
2020/08/06 07:32:34.907,6,32,-17,37,52
2020/08/06 07:32:34.940,6,32,-17,37,38
2020/08/06 07:32:34.973,6,32,-17,37,41
2020/08/06 07:32:35.007,6,32,-17,37,64
2020/08/06 07:32:35.039,6,32,-17,37,63
2020/08/06 07:32:35.071,6,32,-17,37,56
2020/08/06 07:32:35.102,6,32,-17,37,78
2020/08/06 07:32:35.132,6,32,-17,37,54
2020/08/06 07:32:35.163,6,32,-17,37,42
2020/08/06 07:32:35.197,6,32,-17,37,36
2020/08/06 07:32:35.230,6,32,-17,37,66
2020/08/06 07:32:35.261,6,32,-17,37,51
2020/08/06 07:32:35.291,6,32,-17,37,28
2020/08/06 07:32:35.320,6,32,-17,37,15
2020/08/06 07:32:35.351,6,32,-17,37,15
2020/08/06 07:32:35.381,6,32,-17,37,31
2020/08/06 07:32:35.411,6,32,-17,37,18
2020/08/06 07:32:35.441,6,32,-17,37,43
2020/08/06 07:32:35.472,6,32,-17,37,43
2020/08/06 07:32:35.507,6,32,-17,37,70
2020/08/06 07:32:35.543,6,32,-17,37,55
2020/08/06 07:32:35.574,6,32,-17,37,42
2020/08/06 07:32:35.612,6,32,-17,37,79
2020/08/06 07:32:35.645,6,32,-17,37,86
2020/08/06 07:32:35.678,6,32,-17,37,63
2020/08/06 07:32:35.712,6,32,-17,37,62
2020/08/06 07:32:35.744,6,32,-17,37,46
2020/08/06 07:32:35.780,6,32,-17,37,33
2020/08/06 07:32:35.815,6,32,-17,37,90
2020/08/06 07:32:35.847,6,32,-17,37,86
2020/08/06 07:32:35.885,6,32,-17,37,78
2020/08/06 07:32:35.918,6,32,-17,37,95
2020/08/06 07:32:35.951,6,32,-17,37,75
2020/08/06 07:32:35.981,6,32,-17,37,82
2020/08/06 07:32:36.011,6,32,-17,37,33
2020/08/06 07:32:36.041,6,32,-17,37,22
2020/08/06 07:32:36.072,6,32,-17,37,22
2020/08/06 07:32:36.102,6,32,-17,37,26
2020/08/06 07:32:36.132,6,32,-17,37,32
2020/08/06 07:32:36.162,6,32,-17,37,29
2020/08/06 07:32:36.193,6,32,-17,37,21
2020/08/06 07:32:36.223,6,32,-17,37,43
2020/08/06 07:32:36.253,6,32,-17,37,21
2020/08/06 07:32:36.283,6,32,-17,37,20
2020/08/06 07:32:36.314,6,32,-17,37,19
2020/08/06 07:32:36.350,6,32,-17,37,61
2020/08/06 07:32:36.384,6,32,-17,37,49
2020/08/06 07:32:36.416,6,32,-17,37,37
2020/08/06 07:32:36.450,6,32,-17,37,59
2020/08/06 07:32:36.482,6,32,-17,37,79
2020/08/06 07:32:36.516,6,32,-17,37,64
2020/08/06 07:32:36.547,6,32,-17,37,31
2020/08/06 07:32:36.577,6,32,-17,37,42
2020/08/06 07:32:36.608,6,32,-17,37,41
2020/08/06 07:32:36.639,6,32,-17,37,39
2020/08/06 07:32:36.670,6,32,-17,37,46
2020/08/06 07:32:36.701,6,32,-17,37,47
2020/08/06 07:32:36.736,6,32,-17,37,40
2020/08/06 07:32:36.767,6,32,-17,37,41
2020/08/06 07:32:36.799,6,32,-17,37,38
2020/08/06 07:32:36.830,6,32,-17,37,29
2020/08/06 07:32:36.862,6,32,-17,37,35
2020/08/06 07:32:36.893,6,32,-17,37,51
2020/08/06 07:32:36.925,6,32,-17,37,69
2020/08/06 07:32:36.956,6,32,-17,37,33
2020/08/06 07:32:36.987,6,32,-17,37,20
2020/08/06 07:32:37.017,6,32,-17,37,48
2020/08/06 07:32:37.048,6,32,-17,37,25
2020/08/06 07:32:37.079,6,32,-17,37,19
2020/08/06 07:32:37.110,6,32,-17,37,40
2020/08/06 07:32:37.143,6,32,-17,37,67
2020/08/06 07:32:37.174,6,32,-17,37,64
2020/08/06 07:32:37.207,6,32,-17,37,87
2020/08/06 07:32:37.239,6,32,-17,37,81
2020/08/06 07:32:37.271,6,32,-17,37,73
2020/08/06 07:32:37.301,6,32,-17,37,58
2020/08/06 07:32:37.336,6,32,-17,37,38
2020/08/06 07:32:37.369,6,32,-17,37,76
2020/08/06 07:32:37.404,6,32,-17,37,93
2020/08/06 07:32:37.438,6,32,-17,37,93
2020/08/06 07:32:37.476,6,32,-17,37,100
2020/08/06 07:32:37.509,6,32,-17,37,75
2020/08/06 07:32:37.544,6,32,-17,37,83
2020/08/06 07:32:37.574,6,32,-17,37,10
2020/08/06 07:32:37.606,6,32,-17,37,14
2020/08/06 07:32:37.670,6,32,-17,37,64
2020/08/06 07:32:37.703,6,32,-17,37,70
2020/08/06 07:32:37.734,6,32,-17,37,70
2020/08/06 07:32:37.766,6,32,-17,37,61
2020/08/06 07:32:37.829,6,32,-17,37,54
2020/08/06 07:32:37.862,6,32,-17,37,72
2020/08/06 07:32:37.892,6,32,-17,37,65
2020/08/06 07:32:37.922,6,32,-17,37,32
2020/08/06 07:32:37.955,6,32,-17,37,19
2020/08/06 07:32:37.986,6,32,-17,37,47
2020/08/06 07:32:38.016,6,32,-17,37,16
2020/08/06 07:32:38.048,6,32,-17,37,16
2020/08/06 07:32:38.078,6,32,-17,37,35
2020/08/06 07:32:38.108,6,32,-17,37,16
2020/08/06 07:32:38.138,6,32,-17,37,15
2020/08/06 07:32:38.168,6,32,-17,37,29
2020/08/06 07:32:38.201,6,32,-17,37,80
2020/08/06 07:32:38.235,6,32,-17,37,66
2020/08/06 07:32:38.266,6,32,-17,37,67
2020/08/06 07:32:38.296,6,32,-17,37,62
2020/08/06 07:32:38.327,6,32,-17,37,62
2020/08/06 07:32:38.358,6,32,-17,37,53
2020/08/06 07:32:38.388,6,32,-17,37,54
2020/08/06 07:32:38.418,6,32,-17,37,29
2020/08/06 07:32:38.449,6,32,-17,37,18
2020/08/06 07:32:38.481,6,32,-17,37,64
2020/08/06 07:32:38.513,6,32,-17,37,58
2020/08/06 07:32:38.544,6,32,-17,37,46
2020/08/06 07:32:38.574,6,32,-17,37,39
2020/08/06 07:32:38.604,6,32,-17,37,17
2020/08/06 07:32:38.635,6,32,-17,37,11
2020/08/06 07:32:38.669,6,32,-17,37,33
2020/08/06 07:32:38.699,6,32,-17,37,47
2020/08/06 07:32:38.732,6,32,-17,37,66
2020/08/06 07:32:38.764,6,32,-17,37,78
2020/08/06 07:32:38.795,6,32,-17,37,77
2020/08/06 07:32:38.827,6,32,-17,37,63
2020/08/06 07:32:38.857,6,32,-17,37,58
2020/08/06 07:32:38.890,6,32,-17,37,55
2020/08/06 07:32:38.924,6,32,-17,37,84
2020/08/06 07:32:38.955,6,32,-17,37,60
2020/08/06 07:32:38.985,6,32,-17,37,31
2020/08/06 07:32:39.017,6,32,-17,37,14
2020/08/06 07:32:39.055,6,32,-17,37,14
2020/08/06 07:32:39.089,6,32,-17,37,21
2020/08/06 07:32:39.123,6,32,-17,37,29
2020/08/06 07:32:39.157,6,32,-17,37,36
2020/08/06 07:32:39.189,6,32,-17,37,31
2020/08/06 07:32:39.221,6,32,-17,37,44
2020/08/06 07:32:39.252,6,32,-17,37,16
2020/08/06 07:32:39.287,6,32,-17,37,7
2020/08/06 07:32:39.336,6,32,-17,37,9
2020/08/06 07:32:39.370,6,32,-17,37,12
2020/08/06 07:32:39.406,6,32,-17,37,14
2020/08/06 07:32:39.440,6,32,-17,37,44
2020/08/06 07:32:39.474,6,32,-17,37,69
2020/08/06 07:32:39.506,6,32,-17,37,89
2020/08/06 07:32:39.538,6,32,-17,37,67
2020/08/06 07:32:39.571,6,32,-17,37,79
2020/08/06 07:32:39.602,6,32,-17,37,69
2020/08/06 07:32:39.634,6,32,-17,37,67
2020/08/06 07:32:39.667,6,32,-17,37,70
2020/08/06 07:32:39.700,6,32,-17,37,81
2020/08/06 07:32:39.735,6,32,-17,37,59
2020/08/06 07:32:39.767,6,32,-17,37,81
2020/08/06 07:32:39.798,6,32,-17,37,64
2020/08/06 07:32:39.832,6,32,-17,37,41
2020/08/06 07:32:39.866,6,32,-17,37,86
2020/08/06 07:32:39.900,6,32,-17,37,48
2020/08/06 07:32:39.936,6,32,-17,37,72
2020/08/06 07:32:39.968,6,32,-17,37,67
2020/08/06 07:32:40.000,6,32,-17,37,80
2020/08/06 07:32:40.033,6,32,-17,37,89
2020/08/06 07:32:40.065,6,32,-17,37,83
2020/08/06 07:32:40.096,6,32,-17,37,81
2020/08/06 07:32:40.127,6,32,-17,37,62
2020/08/06 07:32:40.161,6,32,-17,37,98
2020/08/06 07:32:40.194,6,32,-17,37,76
2020/08/06 07:32:40.226,6,32,-17,37,56
2020/08/06 07:32:40.260,6,32,-17,37,57
2020/08/06 07:32:40.291,6,32,-17,37,85
2020/08/06 07:32:40.336,6,32,-17,37,88
2020/08/06 07:32:40.369,6,32,-17,37,86
2020/08/06 07:32:40.402,6,32,-17,37,85
2020/08/06 07:32:40.437,6,32,-17,37,103
2020/08/06 07:32:40.471,6,32,-17,37,79
2020/08/06 07:32:40.504,6,32,-17,37,94
2020/08/06 07:32:40.541,6,32,-17,37,80
2020/08/06 07:32:40.575,6,32,-17,37,88
2020/08/06 07:32:40.614,6,32,-17,37,91
2020/08/06 07:32:40.650,6,32,-17,37,85
2020/08/06 07:32:40.685,6,32,-17,37,91
2020/08/06 07:32:40.717,6,32,-17,37,77
2020/08/06 07:32:40.755,6,32,-17,37,86
2020/08/06 07:32:40.786,6,32,-17,37,89
2020/08/06 07:32:40.821,6,32,-17,37,96
2020/08/06 07:32:40.854,6,32,-17,37,82
2020/08/06 07:32:40.886,6,32,-17,37,94
2020/08/06 07:32:40.918,6,32,-17,37,93
2020/08/06 07:32:40.952,6,32,-17,37,37
2020/08/06 07:32:40.987,6,32,-17,37,90
2020/08/06 07:32:41.021,6,32,-17,37,93
2020/08/06 07:32:41.054,6,32,-17,37,80
2020/08/06 07:32:41.089,6,32,-17,37,83
2020/08/06 07:32:41.125,6,32,-17,37,89
2020/08/06 07:32:41.158,6,32,-17,37,89
2020/08/06 07:32:41.192,6,32,-17,37,87
2020/08/06 07:32:41.230,6,32,-17,37,75
2020/08/06 07:32:41.262,6,32,-17,37,71
2020/08/06 07:32:41.293,6,32,-17,37,45
2020/08/06 07:32:41.324,6,32,-17,37,50
2020/08/06 07:32:41.359,6,32,-17,37,60
2020/08/06 07:32:41.395,6,32,-17,37,19
2020/08/06 07:32:41.428,6,32,-17,37,64
2020/08/06 07:32:41.462,6,32,-17,37,72
2020/08/06 07:32:41.495,6,32,-17,37,81
2020/08/06 07:32:41.537,6,32,-17,37,52
2020/08/06 07:32:41.599,6,32,-17,37,73
2020/08/06 07:32:41.633,6,32,-17,37,68
2020/08/06 07:32:41.666,6,32,-17,37,58
2020/08/06 07:32:41.699,6,32,-17,37,62
2020/08/06 07:32:41.731,6,32,-17,37,57
2020/08/06 07:32:41.763,6,32,-17,37,68
2020/08/06 07:32:41.795,6,32,-17,37,56
2020/08/06 07:32:41.827,6,32,-17,37,61
2020/08/06 07:32:41.858,6,32,-17,37,71
2020/08/06 07:32:41.888,6,32,-17,37,63
2020/08/06 07:32:41.922,6,32,-17,37,52
2020/08/06 07:32:41.953,6,32,-17,37,66
2020/08/06 07:32:41.985,6,32,-17,37,93
2020/08/06 07:32:42.017,6,32,-17,37,90
2020/08/06 07:32:42.050,6,32,-17,37,80
2020/08/06 07:32:42.082,6,32,-17,37,51
2020/08/06 07:32:42.116,6,32,-17,37,50
2020/08/06 07:32:42.148,6,32,-17,37,63
2020/08/06 07:32:42.180,6,32,-17,37,32
2020/08/06 07:32:42.211,6,32,-17,37,37
2020/08/06 07:32:42.241,6,32,-17,37,54
2020/08/06 07:32:42.272,6,32,-17,37,45
2020/08/06 07:32:42.303,6,32,-17,37,58
2020/08/06 07:32:42.334,6,32,-17,37,45
2020/08/06 07:32:42.365,6,32,-17,37,61
2020/08/06 07:32:42.395,6,32,-17,37,39
2020/08/06 07:32:42.426,6,32,-17,37,37
2020/08/06 07:32:42.458,6,32,-17,37,63
2020/08/06 07:32:42.489,6,32,-17,37,73
2020/08/06 07:32:42.520,6,32,-17,37,47
2020/08/06 07:32:42.550,6,32,-17,37,44
2020/08/06 07:32:42.583,6,32,-17,37,69
2020/08/06 07:32:42.614,6,32,-17,37,52
2020/08/06 07:32:42.644,6,32,-17,37,45
2020/08/06 07:32:42.675,6,32,-17,37,22
2020/08/06 07:32:42.710,6,32,-17,37,14
2020/08/06 07:32:42.747,6,32,-17,37,33
2020/08/06 07:32:42.783,6,32,-17,37,21
2020/08/06 07:32:42.818,6,32,-17,37,12
2020/08/06 07:32:42.853,6,32,-17,37,25
2020/08/06 07:32:42.888,6,32,-17,37,19
2020/08/06 07:32:42.924,6,32,-17,37,8
2020/08/06 07:32:42.961,6,32,-17,37,28
2020/08/06 07:32:43.001,6,32,-17,37,25
2020/08/06 07:32:43.048,6,32,-17,37,24
2020/08/06 07:32:43.093,6,32,-17,37,21
2020/08/06 07:32:43.129,6,32,-17,37,21
2020/08/06 07:32:43.165,6,32,-17,37,25
2020/08/06 07:32:43.204,6,32,-17,37,15
2020/08/06 07:32:43.243,6,32,-17,37,24
2020/08/06 07:32:43.293,6,32,-17,37,22
2020/08/06 07:32:43.326,6,32,-17,37,32
2020/08/06 07:32:43.359,6,32,-17,37,37
2020/08/06 07:32:43.392,6,32,-17,37,66
2020/08/06 07:32:43.440,6,32,-17,37,78
2020/08/06 07:32:43.470,6,32,-17,37,44
2020/08/06 07:32:43.502,6,32,-17,37,41
2020/08/06 07:32:43.534,6,32,-17,37,68
2020/08/06 07:32:43.565,6,32,-17,37,46
2020/08/06 07:32:43.596,6,32,-17,37,45
2020/08/06 07:32:43.629,6,32,-17,37,51
2020/08/06 07:32:43.661,6,32,-17,37,66
2020/08/06 07:32:43.693,6,32,-17,37,40
2020/08/06 07:32:43.730,6,32,-17,37,47
2020/08/06 07:32:43.770,6,32,-17,37,59
2020/08/06 07:32:43.801,6,32,-17,37,81
2020/08/06 07:32:43.831,6,32,-17,37,55
2020/08/06 07:32:43.862,6,32,-17,37,30
2020/08/06 07:32:43.892,6,32,-17,37,19
2020/08/06 07:32:43.922,6,32,-17,37,21
2020/08/06 07:32:43.953,6,32,-17,37,75
2020/08/06 07:32:43.983,6,32,-17,37,59
2020/08/06 07:32:44.014,6,32,-17,37,35
2020/08/06 07:32:44.044,6,32,-17,37,37
2020/08/06 07:32:44.074,6,32,-17,37,31
2020/08/06 07:32:44.104,6,32,-17,37,32
2020/08/06 07:32:44.134,6,32,-17,37,16
2020/08/06 07:32:44.165,6,32,-17,37,35
2020/08/06 07:32:44.195,6,32,-17,37,40
2020/08/06 07:32:44.226,6,32,-17,37,51
2020/08/06 07:32:44.257,6,32,-17,37,58
2020/08/06 07:32:44.288,6,32,-17,37,52
2020/08/06 07:32:44.318,6,32,-17,37,43
2020/08/06 07:32:44.348,6,32,-17,37,16
2020/08/06 07:32:44.378,6,32,-17,37,15
2020/08/06 07:32:44.408,6,32,-17,37,30
2020/08/06 07:32:44.438,6,32,-17,37,26
2020/08/06 07:32:44.468,6,32,-17,37,20
2020/08/06 07:32:44.498,6,32,-17,37,17
2020/08/06 07:32:44.529,6,32,-17,37,20
2020/08/06 07:32:44.559,6,32,-17,37,34
2020/08/06 07:32:44.589,6,32,-17,37,26
2020/08/06 07:32:44.620,6,32,-17,37,25
2020/08/06 07:32:44.650,6,32,-17,37,38
2020/08/06 07:32:44.685,6,32,-17,37,40
2020/08/06 07:32:44.716,6,32,-17,37,22
2020/08/06 07:32:44.748,6,32,-17,37,19
2020/08/06 07:32:44.779,6,32,-17,37,18
2020/08/06 07:32:44.809,6,32,-17,37,28
2020/08/06 07:32:44.840,6,32,-17,37,31
2020/08/06 07:32:44.871,6,32,-17,37,25
2020/08/06 07:32:44.902,6,32,-17,37,21
2020/08/06 07:32:44.952,6,32,-17,37,34
2020/08/06 07:32:44.983,6,32,-17,37,22
2020/08/06 07:32:45.013,6,32,-17,37,15
2020/08/06 07:32:45.043,6,32,-17,37,15
2020/08/06 07:32:45.073,6,32,-17,37,15
2020/08/06 07:32:45.104,6,32,-17,37,22
2020/08/06 07:32:45.134,6,32,-17,37,16
2020/08/06 07:32:45.165,6,32,-17,37,43
2020/08/06 07:32:45.196,6,32,-17,37,50
2020/08/06 07:32:45.226,6,32,-17,37,34
2020/08/06 07:32:45.256,6,32,-17,37,16
2020/08/06 07:32:45.286,6,32,-17,37,26
2020/08/06 07:32:45.316,6,32,-17,37,22
2020/08/06 07:32:45.346,6,32,-17,37,38
2020/08/06 07:32:45.376,6,32,-17,37,31
2020/08/06 07:32:45.406,6,32,-17,37,27
2020/08/06 07:32:45.436,6,32,-17,37,18
2020/08/06 07:32:45.466,6,32,-17,37,13
2020/08/06 07:32:45.497,6,32,-17,37,26
2020/08/06 07:32:45.527,6,32,-17,37,22
2020/08/06 07:32:45.557,6,32,-17,37,16
2020/08/06 07:32:45.587,6,32,-17,37,30
2020/08/06 07:32:45.620,6,32,-17,37,36
2020/08/06 07:32:45.660,6,32,-17,37,67
2020/08/06 07:32:45.691,6,32,-17,37,48
2020/08/06 07:32:45.722,6,32,-17,37,53
2020/08/06 07:32:45.754,6,32,-17,37,59
2020/08/06 07:32:45.792,6,32,-17,37,77
2020/08/06 07:32:45.823,6,32,-17,37,43
2020/08/06 07:32:45.853,6,32,-17,37,39
2020/08/06 07:32:45.884,6,32,-17,37,37
2020/08/06 07:32:45.914,6,32,-17,37,29
2020/08/06 07:32:45.947,6,32,-17,37,52
2020/08/06 07:32:45.978,6,32,-17,37,26
2020/08/06 07:32:46.012,6,32,-17,37,46
2020/08/06 07:32:46.044,6,32,-17,37,56
2020/08/06 07:32:46.075,6,32,-17,37,31
2020/08/06 07:32:46.107,6,32,-17,37,47
2020/08/06 07:32:46.139,6,32,-17,37,26
2020/08/06 07:32:46.172,6,32,-17,37,51
2020/08/06 07:32:46.205,6,32,-17,37,70
2020/08/06 07:32:46.237,6,32,-17,37,40
2020/08/06 07:32:46.269,6,32,-17,37,56
2020/08/06 07:32:46.303,6,32,-17,37,54
2020/08/06 07:32:46.336,6,32,-17,37,56
2020/08/06 07:32:46.369,6,32,-17,37,41
2020/08/06 07:32:46.400,6,32,-17,37,78
2020/08/06 07:32:46.430,6,32,-17,37,61
2020/08/06 07:32:46.461,6,32,-17,37,43
2020/08/06 07:32:46.491,6,32,-17,37,37
2020/08/06 07:32:46.534,6,32,-17,37,57
2020/08/06 07:32:46.564,6,32,-17,37,35
2020/08/06 07:32:46.595,6,32,-17,37,38
2020/08/06 07:32:46.628,6,32,-17,37,62
2020/08/06 07:32:46.660,6,32,-17,37,84
2020/08/06 07:32:46.691,6,32,-17,37,58
2020/08/06 07:32:46.722,6,32,-17,37,63
2020/08/06 07:32:46.753,6,32,-17,37,50
2020/08/06 07:32:46.783,6,32,-17,37,43
2020/08/06 07:32:46.815,6,32,-17,37,40
2020/08/06 07:32:46.847,6,32,-17,37,102
2020/08/06 07:32:46.878,6,32,-17,37,60
2020/08/06 07:32:46.909,6,32,-17,37,43
2020/08/06 07:32:46.941,6,32,-17,37,51
2020/08/06 07:32:46.971,6,32,-17,37,32
2020/08/06 07:32:47.001,6,32,-17,37,41
2020/08/06 07:32:47.032,6,32,-17,37,33
2020/08/06 07:32:47.064,6,32,-17,37,34
2020/08/06 07:32:47.101,6,32,-17,37,44
2020/08/06 07:32:47.132,6,32,-17,37,44
2020/08/06 07:32:47.164,6,32,-17,37,68
2020/08/06 07:32:47.197,6,32,-17,37,83
2020/08/06 07:32:47.240,6,32,-17,37,85
2020/08/06 07:32:47.272,6,32,-17,37,80
2020/08/06 07:32:47.305,6,32,-17,37,53
2020/08/06 07:32:47.337,6,32,-17,37,65
2020/08/06 07:32:47.371,6,32,-17,37,69
2020/08/06 07:32:47.403,6,32,-17,37,52
2020/08/06 07:32:47.435,6,32,-17,37,37
2020/08/06 07:32:47.466,6,32,-17,37,37
2020/08/06 07:32:47.508,6,32,-17,37,47
2020/08/06 07:32:47.541,6,32,-17,37,46
2020/08/06 07:32:47.572,6,32,-17,37,38
2020/08/06 07:32:47.602,6,32,-17,37,21
2020/08/06 07:32:47.632,6,32,-17,37,38
2020/08/06 07:32:47.664,6,32,-17,37,41
2020/08/06 07:32:47.703,6,32,-17,37,93
2020/08/06 07:32:47.736,6,32,-17,37,90
2020/08/06 07:32:47.769,6,32,-17,37,81
2020/08/06 07:32:47.800,6,32,-17,37,39
2020/08/06 07:32:47.830,6,32,-17,37,31
2020/08/06 07:32:47.860,6,32,-17,37,35
2020/08/06 07:32:47.890,6,32,-17,37,20
2020/08/06 07:32:47.922,6,32,-17,37,59
2020/08/06 07:32:47.952,6,32,-17,37,57
2020/08/06 07:32:48.003,6,32,-17,37,35
2020/08/06 07:32:48.033,6,32,-17,37,39
2020/08/06 07:32:48.063,6,32,-17,37,41
2020/08/06 07:32:48.094,6,32,-17,37,21
2020/08/06 07:32:48.124,6,32,-17,37,47
2020/08/06 07:32:48.154,6,32,-17,37,41
2020/08/06 07:32:48.185,6,32,-17,37,70
2020/08/06 07:32:48.218,6,32,-17,37,55
2020/08/06 07:32:48.269,6,32,-17,37,25
2020/08/06 07:32:48.300,6,32,-17,37,64
2020/08/06 07:32:48.332,6,32,-17,37,94
2020/08/06 07:32:48.364,6,32,-17,37,82
2020/08/06 07:32:48.397,6,32,-17,37,103
2020/08/06 07:32:48.428,6,32,-17,37,56
2020/08/06 07:32:48.461,6,32,-17,37,72
2020/08/06 07:32:48.492,6,32,-17,37,68
2020/08/06 07:32:48.525,6,32,-17,37,74
2020/08/06 07:32:48.555,6,32,-17,37,72
2020/08/06 07:32:48.586,6,32,-17,37,65
2020/08/06 07:32:48.618,6,32,-17,37,68
2020/08/06 07:32:48.649,6,32,-17,37,85
2020/08/06 07:32:48.679,6,32,-17,37,60
2020/08/06 07:32:48.710,6,32,-17,37,54
2020/08/06 07:32:48.740,6,32,-17,37,28
2020/08/06 07:32:48.770,6,32,-17,37,39
2020/08/06 07:32:48.801,6,32,-17,37,41
2020/08/06 07:32:48.831,6,32,-17,37,40
2020/08/06 07:32:48.861,6,32,-17,37,26
2020/08/06 07:32:48.891,6,32,-17,37,22
2020/08/06 07:32:48.922,6,32,-17,37,28
2020/08/06 07:32:48.960,6,32,-17,37,32
2020/08/06 07:32:49.007,6,32,-17,37,60
2020/08/06 07:32:49.041,6,32,-17,37,70
2020/08/06 07:32:49.077,6,32,-17,37,83
2020/08/06 07:32:49.117,6,32,-17,37,64
2020/08/06 07:32:49.166,6,32,-17,37,79
2020/08/06 07:32:49.201,6,32,-17,37,77
2020/08/06 07:32:49.249,6,32,-17,37,87
2020/08/06 07:32:49.290,6,32,-17,37,84
2020/08/06 07:32:49.333,6,32,-17,37,75
2020/08/06 07:32:49.374,6,32,-17,37,61
2020/08/06 07:32:49.407,6,32,-17,37,52
2020/08/06 07:32:49.445,6,32,-17,37,56
2020/08/06 07:32:49.479,6,32,-17,37,51
2020/08/06 07:32:49.530,6,32,-17,37,45
2020/08/06 07:32:49.563,6,32,-17,37,47
2020/08/06 07:32:49.596,6,32,-17,37,63
2020/08/06 07:32:49.629,6,32,-17,37,48
2020/08/06 07:32:49.662,6,32,-17,37,54
2020/08/06 07:32:49.697,6,32,-17,37,43
2020/08/06 07:32:49.728,6,32,-17,37,58
2020/08/06 07:32:49.758,6,32,-17,37,38
2020/08/06 07:32:49.790,6,32,-17,37,47
2020/08/06 07:32:49.820,6,32,-17,37,66
2020/08/06 07:32:49.851,6,32,-17,37,46
2020/08/06 07:32:49.882,6,32,-17,37,32
2020/08/06 07:32:49.913,6,32,-17,37,14
2020/08/06 07:32:49.943,6,32,-17,37,21
2020/08/06 07:32:49.974,6,32,-17,37,20
2020/08/06 07:32:50.004,6,32,-17,37,23
2020/08/06 07:32:50.035,6,32,-17,37,22
2020/08/06 07:32:50.065,6,32,-17,37,26
2020/08/06 07:32:50.095,6,32,-17,37,29
2020/08/06 07:32:50.125,6,32,-17,37,27
2020/08/06 07:32:50.156,6,32,-17,37,25
2020/08/06 07:32:50.186,6,32,-17,37,41
2020/08/06 07:32:50.217,6,32,-17,37,34
2020/08/06 07:32:50.249,6,32,-17,37,59
2020/08/06 07:32:50.281,6,32,-17,37,59
2020/08/06 07:32:50.312,6,32,-17,37,45
2020/08/06 07:32:50.346,6,32,-17,37,52
2020/08/06 07:32:50.376,6,32,-17,37,46
2020/08/06 07:32:50.414,6,32,-17,37,41
2020/08/06 07:32:50.447,6,32,-17,37,50
2020/08/06 07:32:50.481,6,32,-17,37,38
2020/08/06 07:32:50.512,6,32,-17,37,48
2020/08/06 07:32:50.545,6,32,-17,37,52
2020/08/06 07:32:50.575,6,32,-17,37,57
2020/08/06 07:32:50.606,6,32,-17,37,56
2020/08/06 07:32:50.640,6,32,-17,37,50
2020/08/06 07:32:50.671,6,32,-17,37,37
2020/08/06 07:32:50.701,6,32,-17,37,43
2020/08/06 07:32:50.732,6,32,-17,37,20
2020/08/06 07:32:50.763,6,32,-17,37,39
2020/08/06 07:32:50.793,6,32,-17,37,18
2020/08/06 07:32:50.838,6,32,-17,37,37
2020/08/06 07:32:50.872,6,32,-17,37,43
2020/08/06 07:32:50.902,6,32,-17,37,26
2020/08/06 07:32:50.932,6,32,-17,37,21
2020/08/06 07:32:50.963,6,32,-17,37,41
2020/08/06 07:32:50.993,6,32,-17,37,23
2020/08/06 07:32:51.023,6,32,-17,37,25
2020/08/06 07:32:51.053,6,32,-17,37,31
2020/08/06 07:32:51.083,6,32,-17,37,23
2020/08/06 07:32:51.114,6,32,-17,37,23
2020/08/06 07:32:51.146,6,32,-17,37,27
2020/08/06 07:32:51.177,6,32,-17,37,65
2020/08/06 07:32:51.210,6,32,-17,37,72
2020/08/06 07:32:51.241,6,32,-17,37,80
2020/08/06 07:32:51.272,6,32,-17,37,69
2020/08/06 07:32:51.302,6,32,-17,37,45
2020/08/06 07:32:51.332,6,32,-17,37,36
2020/08/06 07:32:51.363,6,32,-17,37,35
2020/08/06 07:32:51.394,6,32,-17,37,28
2020/08/06 07:32:51.425,6,32,-17,37,17
2020/08/06 07:32:51.455,6,32,-17,37,29
2020/08/06 07:32:51.486,6,32,-17,37,32
2020/08/06 07:32:51.529,6,32,-17,37,29
2020/08/06 07:32:51.561,6,32,-17,37,36
2020/08/06 07:32:51.591,6,32,-17,37,78
2020/08/06 07:32:51.622,6,32,-17,37,43
2020/08/06 07:32:51.653,6,32,-17,37,41
2020/08/06 07:32:51.683,6,32,-17,37,42
2020/08/06 07:32:51.714,6,32,-17,37,26
2020/08/06 07:32:51.745,6,32,-17,37,22
2020/08/06 07:32:51.775,6,32,-17,37,18
2020/08/06 07:32:51.806,6,32,-17,37,22
2020/08/06 07:32:51.837,6,32,-17,37,18
2020/08/06 07:32:51.868,6,32,-17,37,25
2020/08/06 07:32:51.898,6,32,-17,37,37
2020/08/06 07:32:51.929,6,32,-17,37,19
2020/08/06 07:32:51.961,6,32,-17,37,21
2020/08/06 07:32:51.993,6,32,-17,37,21
2020/08/06 07:32:52.024,6,32,-17,37,18
2020/08/06 07:32:52.060,6,32,-17,37,42
2020/08/06 07:32:52.097,6,32,-17,37,36
2020/08/06 07:32:52.129,6,32,-17,37,37
2020/08/06 07:32:52.161,6,32,-17,37,58
2020/08/06 07:32:52.211,6,32,-17,37,57
2020/08/06 07:32:52.242,6,32,-17,37,65
2020/08/06 07:32:52.275,6,32,-17,37,60
2020/08/06 07:32:52.308,6,32,-17,37,64
2020/08/06 07:32:52.350,6,32,-17,37,70
2020/08/06 07:32:52.383,6,32,-17,37,76
2020/08/06 07:32:52.425,6,32,-17,37,89
2020/08/06 07:32:52.457,6,32,-17,37,82
2020/08/06 07:32:52.490,6,32,-17,37,93
2020/08/06 07:32:52.524,6,32,-17,37,96
2020/08/06 07:32:52.559,6,32,-17,37,103
2020/08/06 07:32:52.602,6,32,-17,37,81
2020/08/06 07:32:52.642,6,32,-17,37,83
2020/08/06 07:32:52.676,6,32,-17,37,47
2020/08/06 07:32:52.714,6,32,-17,37,82
2020/08/06 07:32:52.748,6,32,-17,37,65
2020/08/06 07:32:52.780,6,32,-17,37,63
2020/08/06 07:32:52.816,6,32,-17,37,68
2020/08/06 07:32:52.851,6,32,-17,37,67
2020/08/06 07:32:52.890,6,32,-17,37,59
2020/08/06 07:32:52.925,6,32,-17,37,66
2020/08/06 07:32:52.955,6,32,-17,37,62
2020/08/06 07:32:52.990,6,32,-17,37,63
2020/08/06 07:32:53.023,6,32,-17,37,55
2020/08/06 07:32:53.060,6,32,-17,37,42
2020/08/06 07:32:53.095,6,32,-17,37,48
2020/08/06 07:32:53.129,6,32,-17,37,52
2020/08/06 07:32:53.167,6,32,-17,37,53
2020/08/06 07:32:53.201,6,32,-17,37,54
2020/08/06 07:32:53.234,6,32,-17,37,75
2020/08/06 07:32:53.268,6,32,-17,37,62
2020/08/06 07:32:53.303,6,32,-17,37,65
2020/08/06 07:32:53.337,6,32,-17,37,61
2020/08/06 07:32:53.372,6,32,-17,37,55
2020/08/06 07:32:53.405,6,32,-17,37,92
2020/08/06 07:32:53.437,6,32,-17,37,90
2020/08/06 07:32:53.470,6,32,-17,37,95
2020/08/06 07:32:53.506,6,32,-17,37,75
2020/08/06 07:32:53.543,6,32,-17,37,60
2020/08/06 07:32:53.597,6,32,-17,37,76
2020/08/06 07:32:53.634,6,32,-17,37,60
2020/08/06 07:32:53.666,6,32,-17,37,71
2020/08/06 07:32:53.698,6,32,-17,37,52
2020/08/06 07:32:53.737,6,32,-17,37,36
2020/08/06 07:32:53.781,6,32,-17,37,64
2020/08/06 07:32:53.813,6,32,-17,37,59
2020/08/06 07:32:53.845,6,32,-17,37,46
2020/08/06 07:32:53.878,6,32,-17,37,27
2020/08/06 07:32:53.911,6,32,-17,37,25
2020/08/06 07:32:53.945,6,32,-17,37,34
2020/08/06 07:32:53.980,6,32,-17,37,28
2020/08/06 07:32:54.014,6,32,-17,37,53
2020/08/06 07:32:54.047,6,32,-17,37,27
2020/08/06 07:32:54.083,6,32,-17,37,25
2020/08/06 07:32:54.120,6,32,-17,37,57
2020/08/06 07:32:54.152,6,32,-17,37,50
2020/08/06 07:32:54.188,6,32,-17,37,45
2020/08/06 07:32:54.228,6,32,-17,37,86
2020/08/06 07:32:54.260,6,32,-17,37,69
2020/08/06 07:32:54.292,6,32,-17,37,82
2020/08/06 07:32:54.331,6,32,-17,37,63
2020/08/06 07:32:54.365,6,32,-17,37,88
2020/08/06 07:32:54.401,6,32,-17,37,64
2020/08/06 07:32:54.463,6,32,-17,37,76
2020/08/06 07:32:54.524,6,32,-17,37,76
2020/08/06 07:32:54.556,6,32,-17,37,45
2020/08/06 07:32:54.588,6,32,-17,37,57
2020/08/06 07:32:54.620,6,32,-17,37,51
2020/08/06 07:32:54.654,6,32,-17,37,48
2020/08/06 07:32:54.685,6,32,-17,37,50
2020/08/06 07:32:54.717,6,32,-17,37,39
2020/08/06 07:32:54.757,6,32,-17,37,39
2020/08/06 07:32:54.803,6,32,-17,37,40
2020/08/06 07:32:54.839,6,32,-17,37,37
2020/08/06 07:32:54.878,6,32,-17,37,25
2020/08/06 07:32:54.914,6,32,-17,37,40
2020/08/06 07:32:54.946,6,32,-17,37,31
2020/08/06 07:32:54.977,6,32,-17,37,18
2020/08/06 07:32:55.012,6,32,-17,37,28
2020/08/06 07:32:55.074,6,32,-17,37,23
2020/08/06 07:32:55.105,6,32,-17,37,32
2020/08/06 07:32:55.136,6,32,-17,37,39
2020/08/06 07:32:55.169,6,32,-17,37,13
2020/08/06 07:32:55.200,6,32,-17,37,31
2020/08/06 07:32:55.233,6,32,-17,37,43
2020/08/06 07:32:55.267,6,32,-17,37,22
2020/08/06 07:32:55.299,6,32,-17,37,18
2020/08/06 07:32:55.332,6,32,-17,37,31
2020/08/06 07:32:55.365,6,32,-17,37,19
2020/08/06 07:32:55.398,6,32,-17,37,13
2020/08/06 07:32:55.435,6,32,-17,37,29
2020/08/06 07:32:55.466,6,32,-17,37,32
2020/08/06 07:32:55.497,6,32,-17,37,38
2020/08/06 07:32:55.534,6,32,-17,37,30
2020/08/06 07:32:55.566,6,32,-17,37,60
2020/08/06 07:32:55.598,6,32,-17,37,50
2020/08/06 07:32:55.637,6,32,-17,37,46
2020/08/06 07:32:55.671,6,32,-17,37,52
2020/08/06 07:32:55.703,6,32,-17,37,39
2020/08/06 07:32:55.734,6,32,-17,37,44
2020/08/06 07:32:55.765,6,32,-17,37,38
2020/08/06 07:32:55.795,6,32,-17,37,26
2020/08/06 07:32:55.827,6,32,-17,37,38
2020/08/06 07:32:55.858,6,32,-17,37,35
2020/08/06 07:32:55.891,6,32,-17,37,35
2020/08/06 07:32:55.923,6,32,-17,37,85
2020/08/06 07:32:55.956,6,32,-17,37,71
2020/08/06 07:32:55.988,6,32,-17,37,68
2020/08/06 07:32:56.019,6,32,-17,37,25
2020/08/06 07:32:56.049,6,32,-17,37,17
2020/08/06 07:32:56.079,6,32,-17,37,6
2020/08/06 07:32:56.110,6,32,-17,37,19
2020/08/06 07:32:56.140,5,33,-17,37,22
2020/08/06 07:32:56.170,5,33,-17,37,25
2020/08/06 07:32:56.201,5,33,-17,37,31
2020/08/06 07:32:56.240,5,33,-17,37,35
2020/08/06 07:32:56.271,5,33,-17,37,19
2020/08/06 07:32:56.303,5,33,-17,37,29
2020/08/06 07:32:56.334,5,32,-17,37,33
2020/08/06 07:32:56.364,5,32,-17,37,22
2020/08/06 07:32:56.394,5,32,-17,37,17
2020/08/06 07:32:56.425,5,32,-17,37,13
2020/08/06 07:32:56.455,5,32,-17,37,16
2020/08/06 07:32:56.486,5,32,-17,37,22
2020/08/06 07:32:56.517,5,32,-17,37,20
2020/08/06 07:32:56.547,6,32,-16,36,18
2020/08/06 07:32:56.577,6,32,-16,36,15
2020/08/06 07:32:56.608,6,32,-16,36,18
2020/08/06 07:32:56.639,6,32,-16,36,17
2020/08/06 07:32:56.669,6,32,-16,36,15
2020/08/06 07:32:56.699,6,32,-16,36,18
2020/08/06 07:32:56.730,4,32,-17,36,18
2020/08/06 07:32:56.761,4,32,-17,36,18
2020/08/06 07:32:56.791,4,32,-17,36,18
2020/08/06 07:32:56.821,4,32,-17,36,13
2020/08/06 07:32:56.852,4,32,-17,36,22
2020/08/06 07:32:56.882,4,32,-17,36,18
2020/08/06 07:32:56.914,4,32,-17,36,13
2020/08/06 07:32:56.946,5,32,-17,37,13
2020/08/06 07:32:56.978,5,32,-17,37,26
2020/08/06 07:32:57.009,5,32,-17,37,32
2020/08/06 07:32:57.044,5,32,-17,37,37
TimeStamp,B_x,B_y,B_z,B_net,CPU_load
2020/08/06 07:33:31.556,4,31,-16,35,25
2020/08/06 07:33:31.587,4,32,-17,36,26
2020/08/06 07:33:31.617,4,32,-17,36,35
2020/08/06 07:33:31.648,4,32,-17,36,28
2020/08/06 07:33:31.679,4,32,-17,36,26
2020/08/06 07:33:31.709,4,32,-17,36,44
2020/08/06 07:33:31.740,4,32,-17,36,27
2020/08/06 07:33:31.770,4,32,-17,36,37
2020/08/06 07:33:31.801,4,33,-16,37,46
2020/08/06 07:33:31.831,4,33,-16,37,32
2020/08/06 07:33:31.861,4,33,-16,37,39
2020/08/06 07:33:31.891,4,33,-16,37,21
2020/08/06 07:33:31.922,4,33,-16,37,29
2020/08/06 07:33:31.952,4,33,-16,37,35
2020/08/06 07:33:31.983,4,33,-16,37,44
2020/08/06 07:33:32.013,4,33,-16,37,25
2020/08/06 07:33:32.044,4,33,-16,37,13
2020/08/06 07:33:32.074,4,33,-16,37,31
2020/08/06 07:33:32.104,4,33,-16,37,27
2020/08/06 07:33:32.135,4,33,-16,37,15
2020/08/06 07:33:32.165,4,33,-16,37,19
2020/08/06 07:33:32.196,5,32,-17,37,23
2020/08/06 07:33:32.226,5,32,-17,37,19
2020/08/06 07:33:32.256,5,32,-17,37,27
2020/08/06 07:33:32.287,5,32,-17,37,16
2020/08/06 07:33:32.317,5,32,-17,37,20
2020/08/06 07:33:32.347,5,32,-17,37,19
2020/08/06 07:33:32.378,5,32,-17,37,16
2020/08/06 07:33:32.409,4,32,-16,36,20
2020/08/06 07:33:32.439,4,32,-16,36,29
2020/08/06 07:33:32.469,4,32,-16,36,22
2020/08/06 07:33:32.499,4,32,-16,36,19
2020/08/06 07:33:32.529,4,32,-16,36,21
2020/08/06 07:33:32.559,4,32,-16,36,16
2020/08/06 07:33:32.590,4,32,-16,36,16
2020/08/06 07:33:32.621,4,32,-16,36,37
2020/08/06 07:33:32.658,4,32,-16,36,47
2020/08/06 07:33:32.689,4,32,-16,36,83
2020/08/06 07:33:32.720,4,32,-16,36,57
2020/08/06 07:33:32.764,4,32,-16,36,52
2020/08/06 07:33:32.797,4,32,-16,36,42
2020/08/06 07:33:32.829,4,32,-16,36,43
2020/08/06 07:33:32.862,4,32,-16,36,54
2020/08/06 07:33:32.908,4,32,-16,36,50
2020/08/06 07:33:32.940,4,32,-16,36,44
2020/08/06 07:33:32.971,4,32,-16,36,30
2020/08/06 07:33:33.003,4,32,-16,36,35
2020/08/06 07:33:33.036,4,32,-16,36,37
2020/08/06 07:33:33.068,4,32,-16,36,28
2020/08/06 07:33:33.100,4,32,-16,36,31
2020/08/06 07:33:33.132,4,32,-16,36,35
2020/08/06 07:33:33.165,4,32,-16,36,39
2020/08/06 07:33:33.198,4,32,-16,36,40
2020/08/06 07:33:33.230,4,32,-16,36,26
2020/08/06 07:33:33.262,4,32,-16,36,30
2020/08/06 07:33:33.293,4,32,-16,36,31
2020/08/06 07:33:33.324,4,32,-16,36,31
2020/08/06 07:33:33.355,4,32,-16,36,31
2020/08/06 07:33:33.388,4,32,-16,36,21
2020/08/06 07:33:33.419,4,32,-16,36,25
2020/08/06 07:33:33.450,4,32,-16,36,31
2020/08/06 07:33:33.482,4,32,-16,36,25
2020/08/06 07:33:33.513,4,32,-16,36,31
2020/08/06 07:33:33.544,4,32,-16,36,21
2020/08/06 07:33:33.575,4,32,-16,36,21
2020/08/06 07:33:33.606,4,32,-16,36,18
2020/08/06 07:33:33.639,4,32,-16,36,27
2020/08/06 07:33:33.673,4,32,-16,36,21
2020/08/06 07:33:33.707,4,32,-16,36,29
2020/08/06 07:33:33.742,4,32,-16,36,29
2020/08/06 07:33:33.777,4,32,-16,36,38
2020/08/06 07:33:33.818,4,32,-16,36,68
2020/08/06 07:33:33.856,4,32,-16,36,96
2020/08/06 07:33:33.890,4,32,-16,36,73
2020/08/06 07:33:33.924,4,32,-16,36,77
2020/08/06 07:33:34.013,4,32,-16,36,75
2020/08/06 07:33:34.052,4,32,-16,36,87
2020/08/06 07:33:34.091,4,32,-16,36,85
2020/08/06 07:33:34.127,4,32,-16,36,59
2020/08/06 07:33:34.176,4,32,-16,36,76
2020/08/06 07:33:34.210,4,32,-16,36,95
2020/08/06 07:33:34.250,4,32,-16,36,93
2020/08/06 07:33:34.295,4,32,-16,36,80
2020/08/06 07:33:34.331,4,32,-16,36,90
2020/08/06 07:33:34.368,4,32,-16,36,96
2020/08/06 07:33:34.402,4,32,-16,36,83
2020/08/06 07:33:34.437,4,32,-16,36,78
2020/08/06 07:33:34.473,4,32,-16,36,78
2020/08/06 07:33:34.508,4,32,-16,36,84
2020/08/06 07:33:34.543,4,32,-16,36,70
2020/08/06 07:33:34.578,4,32,-16,36,93
2020/08/06 07:33:34.616,4,32,-16,36,95
2020/08/06 07:33:34.651,4,32,-16,36,106
2020/08/06 07:33:34.685,4,32,-16,36,92
2020/08/06 07:33:34.719,4,32,-16,36,103
2020/08/06 07:33:34.754,4,32,-16,36,92
2020/08/06 07:33:34.790,4,32,-16,36,97
2020/08/06 07:33:34.828,4,32,-16,36,85
2020/08/06 07:33:34.862,4,32,-16,36,96
2020/08/06 07:33:34.897,4,32,-16,36,93
2020/08/06 07:33:34.933,4,32,-16,36,91
2020/08/06 07:33:34.967,4,32,-16,36,91
2020/08/06 07:33:35.006,4,32,-16,36,98
2020/08/06 07:33:35.041,4,32,-16,36,103
2020/08/06 07:33:35.075,4,32,-16,36,100
2020/08/06 07:33:35.109,4,32,-16,36,79
2020/08/06 07:33:35.146,4,32,-16,36,85
2020/08/06 07:33:35.179,4,32,-16,36,97
2020/08/06 07:33:35.213,4,32,-16,36,100
2020/08/06 07:33:35.246,4,32,-16,36,100
2020/08/06 07:33:35.278,4,32,-16,36,91
2020/08/06 07:33:35.310,4,32,-16,36,93
2020/08/06 07:33:35.343,4,32,-16,36,95
2020/08/06 07:33:35.376,4,32,-16,36,92
2020/08/06 07:33:35.408,4,32,-16,36,86
2020/08/06 07:33:35.439,4,32,-16,36,88
2020/08/06 07:33:35.471,4,32,-16,36,84
2020/08/06 07:33:35.503,4,32,-16,36,90
2020/08/06 07:33:35.536,4,32,-16,36,84
2020/08/06 07:33:35.568,4,32,-16,36,95
2020/08/06 07:33:35.601,4,32,-16,36,90
2020/08/06 07:33:35.632,4,32,-16,36,73
2020/08/06 07:33:35.663,4,32,-16,36,64
2020/08/06 07:33:35.693,4,32,-16,36,45
2020/08/06 07:33:35.725,4,32,-16,36,42
2020/08/06 07:33:35.755,4,32,-16,36,50
2020/08/06 07:33:35.786,4,32,-16,36,40
2020/08/06 07:33:35.817,4,32,-16,36,32
2020/08/06 07:33:35.849,4,32,-16,36,23
2020/08/06 07:33:35.881,4,32,-16,36,34
2020/08/06 07:33:35.912,4,32,-16,36,43
2020/08/06 07:33:35.944,4,32,-16,36,44
2020/08/06 07:33:35.992,4,32,-16,36,48
2020/08/06 07:33:36.027,4,32,-16,36,30
2020/08/06 07:33:36.061,4,32,-16,36,48
2020/08/06 07:33:36.092,4,32,-16,36,61
2020/08/06 07:33:36.123,4,32,-16,36,39
2020/08/06 07:33:36.156,4,32,-16,36,63
2020/08/06 07:33:36.187,4,32,-16,36,48
2020/08/06 07:33:36.219,4,32,-16,36,68
2020/08/06 07:33:36.250,4,32,-16,36,66
2020/08/06 07:33:36.284,4,32,-16,36,53
2020/08/06 07:33:36.316,4,32,-16,36,66
2020/08/06 07:33:36.348,4,32,-16,36,45
2020/08/06 07:33:36.379,4,32,-16,36,38
2020/08/06 07:33:36.411,4,32,-16,36,45
2020/08/06 07:33:36.442,4,32,-16,36,71
2020/08/06 07:33:36.473,4,32,-16,36,52
2020/08/06 07:33:36.505,4,32,-16,36,60
2020/08/06 07:33:36.536,4,32,-16,36,42
2020/08/06 07:33:36.566,4,32,-16,36,28
2020/08/06 07:33:36.600,4,32,-16,36,40
2020/08/06 07:33:36.631,4,32,-16,36,30
2020/08/06 07:33:36.663,4,32,-16,36,7
2020/08/06 07:33:36.694,4,32,-16,36,28
2020/08/06 07:33:36.726,4,32,-16,36,22
2020/08/06 07:33:36.761,4,32,-16,36,17
2020/08/06 07:33:36.797,4,32,-16,36,27
2020/08/06 07:33:36.834,4,32,-16,36,22
2020/08/06 07:33:36.867,4,32,-16,36,32
2020/08/06 07:33:36.901,4,32,-16,36,21
2020/08/06 07:33:36.932,4,32,-16,36,23
2020/08/06 07:33:36.969,4,32,-16,36,12
2020/08/06 07:33:37.004,4,32,-16,36,13
2020/08/06 07:33:37.038,4,32,-16,36,6
2020/08/06 07:33:37.077,4,32,-16,36,3
2020/08/06 07:33:37.111,4,32,-16,36,26
2020/08/06 07:33:37.142,4,32,-16,36,9
2020/08/06 07:33:37.176,4,32,-16,36,3
2020/08/06 07:33:37.214,4,32,-16,36,6
2020/08/06 07:33:37.248,4,32,-16,36,6
2020/08/06 07:33:37.283,4,32,-16,36,6
2020/08/06 07:33:37.322,4,32,-16,36,12
2020/08/06 07:33:37.357,4,32,-16,36,26
2020/08/06 07:33:37.393,4,32,-16,36,33
2020/08/06 07:33:37.432,4,32,-16,36,52
2020/08/06 07:33:37.465,4,32,-16,36,47
2020/08/06 07:33:37.498,4,32,-16,36,44
2020/08/06 07:33:37.534,4,32,-16,36,43
2020/08/06 07:33:37.566,4,32,-16,36,52
2020/08/06 07:33:37.599,4,32,-16,36,56
2020/08/06 07:33:37.631,4,32,-16,36,41
2020/08/06 07:33:37.678,4,32,-16,36,42
2020/08/06 07:33:37.710,4,32,-16,36,48
2020/08/06 07:33:37.741,4,32,-16,36,37
2020/08/06 07:33:37.772,4,32,-16,36,28
2020/08/06 07:33:37.803,4,32,-16,36,31
2020/08/06 07:33:37.834,4,32,-16,36,37
2020/08/06 07:33:37.865,4,32,-16,36,34
2020/08/06 07:33:37.896,4,32,-16,36,15
2020/08/06 07:33:37.926,4,32,-16,36,18
2020/08/06 07:33:37.957,4,32,-16,36,18
2020/08/06 07:33:37.987,4,32,-16,36,15
2020/08/06 07:33:38.019,4,32,-16,36,15
2020/08/06 07:33:38.053,4,32,-16,36,6
2020/08/06 07:33:38.090,4,32,-16,36,60
2020/08/06 07:33:38.124,4,32,-16,36,51
2020/08/06 07:33:38.156,4,32,-16,36,35
2020/08/06 07:33:38.187,4,32,-16,36,34
2020/08/06 07:33:38.218,4,32,-16,36,16
2020/08/06 07:33:38.249,4,32,-16,36,16
2020/08/06 07:33:38.281,4,32,-16,36,16
2020/08/06 07:33:38.312,4,32,-16,36,21
2020/08/06 07:33:38.343,4,32,-16,36,30
2020/08/06 07:33:38.374,4,32,-16,36,35
2020/08/06 07:33:38.404,4,32,-16,36,41
2020/08/06 07:33:38.434,4,32,-16,36,32
2020/08/06 07:33:38.465,4,32,-16,36,40
2020/08/06 07:33:38.495,4,32,-16,36,35
2020/08/06 07:33:38.526,4,32,-16,36,32
2020/08/06 07:33:38.557,4,32,-16,36,43
2020/08/06 07:33:38.587,4,32,-16,36,41
2020/08/06 07:33:38.617,4,32,-16,36,32
2020/08/06 07:33:38.647,4,32,-16,36,37
2020/08/06 07:33:38.679,4,32,-16,36,35
2020/08/06 07:33:38.711,4,32,-16,36,62
2020/08/06 07:33:38.742,4,32,-16,36,26
2020/08/06 07:33:38.773,4,32,-16,36,16
2020/08/06 07:33:38.804,4,32,-16,36,32
2020/08/06 07:33:38.835,4,32,-16,36,26
2020/08/06 07:33:38.866,4,32,-16,36,19
2020/08/06 07:33:38.899,4,32,-16,36,30
2020/08/06 07:33:38.931,4,32,-16,36,19
2020/08/06 07:33:38.961,4,32,-16,36,38
2020/08/06 07:33:38.992,4,32,-16,36,22
2020/08/06 07:33:39.022,4,32,-16,36,22
2020/08/06 07:33:39.053,4,32,-16,36,38
2020/08/06 07:33:39.084,4,32,-16,36,28
2020/08/06 07:33:39.117,4,32,-16,36,15
2020/08/06 07:33:39.148,4,32,-16,36,37
2020/08/06 07:33:39.181,4,32,-16,36,31
2020/08/06 07:33:39.214,4,32,-16,36,53
2020/08/06 07:33:39.245,4,32,-16,36,45
2020/08/06 07:33:39.277,4,32,-16,36,33
2020/08/06 07:33:39.307,4,32,-16,36,38
2020/08/06 07:33:39.338,4,32,-16,36,45
2020/08/06 07:33:39.369,4,32,-16,36,32
2020/08/06 07:33:39.401,4,32,-16,36,43
2020/08/06 07:33:39.432,4,32,-16,36,38
2020/08/06 07:33:39.464,4,32,-16,36,19
2020/08/06 07:33:39.497,4,32,-16,36,33
2020/08/06 07:33:39.527,4,32,-16,36,29
2020/08/06 07:33:39.558,4,32,-16,36,38
2020/08/06 07:33:39.588,4,32,-16,36,38
2020/08/06 07:33:39.619,4,32,-16,36,29
2020/08/06 07:33:39.650,4,32,-16,36,35
2020/08/06 07:33:39.683,4,32,-16,36,45
2020/08/06 07:33:39.730,4,32,-16,36,32
2020/08/06 07:33:39.762,4,32,-16,36,30
2020/08/06 07:33:39.793,4,32,-16,36,25
2020/08/06 07:33:39.826,4,32,-16,36,18
2020/08/06 07:33:39.858,4,32,-16,36,26
2020/08/06 07:33:39.890,4,32,-16,36,22
2020/08/06 07:33:39.926,4,32,-16,36,20
2020/08/06 07:33:39.962,4,32,-16,36,35
2020/08/06 07:33:39.993,4,32,-16,36,61
2020/08/06 07:33:40.024,4,32,-16,36,41
2020/08/06 07:33:40.055,4,32,-16,36,65
2020/08/06 07:33:40.085,4,32,-16,36,55
2020/08/06 07:33:40.116,4,32,-16,36,59
2020/08/06 07:33:40.146,4,32,-16,36,50
2020/08/06 07:33:40.176,4,32,-16,36,56
2020/08/06 07:33:40.207,4,32,-16,36,50
2020/08/06 07:33:40.237,4,32,-16,36,40
2020/08/06 07:33:40.267,4,32,-16,36,47
2020/08/06 07:33:40.297,4,32,-16,36,47
2020/08/06 07:33:40.327,4,32,-16,36,43
2020/08/06 07:33:40.363,4,32,-16,36,47
2020/08/06 07:33:40.399,4,32,-16,36,89
2020/08/06 07:33:40.433,4,32,-16,36,82
2020/08/06 07:33:40.468,4,32,-16,36,48
2020/08/06 07:33:40.501,4,32,-16,36,52
2020/08/06 07:33:40.534,4,32,-16,36,47
2020/08/06 07:33:40.566,4,32,-16,36,43
2020/08/06 07:33:40.598,4,32,-16,36,45
2020/08/06 07:33:40.632,4,32,-16,36,71
2020/08/06 07:33:40.669,4,32,-16,36,69
2020/08/06 07:33:40.702,4,32,-16,36,71
2020/08/06 07:33:40.736,4,32,-16,36,66
2020/08/06 07:33:40.768,4,32,-16,36,57
2020/08/06 07:33:40.800,4,32,-16,36,62
2020/08/06 07:33:40.834,4,32,-16,36,61
2020/08/06 07:33:40.866,4,32,-16,36,50
2020/08/06 07:33:40.898,4,32,-16,36,40
2020/08/06 07:33:40.929,4,32,-16,36,38
2020/08/06 07:33:40.959,4,32,-16,36,35
2020/08/06 07:33:40.990,4,32,-16,36,32
2020/08/06 07:33:41.021,4,32,-16,36,15
2020/08/06 07:33:41.051,4,32,-16,36,19
2020/08/06 07:33:41.082,4,32,-16,36,12
2020/08/06 07:33:41.112,4,32,-16,36,12
2020/08/06 07:33:41.158,4,32,-16,36,6
2020/08/06 07:33:41.193,4,32,-16,36,8
2020/08/06 07:33:41.229,4,32,-16,36,6
2020/08/06 07:33:41.264,4,32,-16,36,9
2020/08/06 07:33:41.299,4,32,-16,36,9
2020/08/06 07:33:41.336,4,32,-16,36,9
2020/08/06 07:33:41.372,4,32,-16,36,3
2020/08/06 07:33:41.407,4,32,-16,36,9
2020/08/06 07:33:41.443,4,32,-16,36,6
2020/08/06 07:33:41.479,4,32,-16,36,8
2020/08/06 07:33:41.530,4,32,-16,36,9
2020/08/06 07:33:41.566,4,32,-16,36,8
2020/08/06 07:33:41.601,4,32,-16,36,9
2020/08/06 07:33:41.644,4,32,-16,36,8
2020/08/06 07:33:41.685,4,32,-16,36,16
2020/08/06 07:33:41.727,4,32,-16,36,11
2020/08/06 07:33:41.777,4,32,-16,36,24
2020/08/06 07:33:41.816,4,32,-16,36,50
2020/08/06 07:33:41.849,4,32,-16,36,22
2020/08/06 07:33:41.881,4,32,-16,36,15
2020/08/06 07:33:41.913,4,32,-16,36,17
2020/08/06 07:33:41.948,4,32,-16,36,9
2020/08/06 07:33:41.982,4,32,-16,36,3
2020/08/06 07:33:42.018,4,32,-16,36,11
2020/08/06 07:33:42.071,4,32,-16,36,14
2020/08/06 07:33:42.107,4,32,-16,36,18
2020/08/06 07:33:42.142,4,32,-16,36,4
2020/08/06 07:33:42.182,4,32,-16,36,4
2020/08/06 07:33:42.233,4,32,-16,36,9
2020/08/06 07:33:42.269,4,32,-16,36,7
2020/08/06 07:33:42.304,4,32,-16,36,4
2020/08/06 07:33:42.339,4,32,-16,36,8
2020/08/06 07:33:42.392,4,32,-16,36,8
2020/08/06 07:33:42.429,4,32,-16,36,11
2020/08/06 07:33:42.465,4,32,-16,36,9
2020/08/06 07:33:42.500,4,32,-16,36,8
2020/08/06 07:33:42.541,4,32,-16,36,3
2020/08/06 07:33:42.579,4,32,-16,36,7
2020/08/06 07:33:42.614,4,32,-16,36,14
2020/08/06 07:33:42.653,4,32,-16,36,23
2020/08/06 07:33:42.688,4,32,-16,36,38
2020/08/06 07:33:42.719,4,32,-16,36,21
2020/08/06 07:33:42.749,4,32,-16,36,23
2020/08/06 07:33:42.779,4,32,-16,36,21
2020/08/06 07:33:42.810,4,32,-16,36,37
2020/08/06 07:33:42.848,4,32,-16,36,6
2020/08/06 07:33:42.883,4,32,-16,36,11
2020/08/06 07:33:42.925,4,32,-16,36,6
2020/08/06 07:33:42.970,4,32,-16,36,12
2020/08/06 07:33:43.007,4,32,-16,36,28
2020/08/06 07:33:43.042,4,32,-16,36,3
2020/08/06 07:33:43.082,4,32,-16,36,6
2020/08/06 07:33:43.134,4,32,-16,36,6
2020/08/06 07:33:43.169,4,32,-16,36,9
2020/08/06 07:33:43.205,4,32,-16,36,3
2020/08/06 07:33:43.242,4,32,-16,36,6
2020/08/06 07:33:43.283,4,32,-16,36,6
2020/08/06 07:33:43.318,4,32,-16,36,13
2020/08/06 07:33:43.352,4,32,-16,36,15
2020/08/06 07:33:43.387,4,32,-16,36,20
2020/08/06 07:33:43.421,4,32,-16,36,17
2020/08/06 07:33:43.464,4,32,-16,36,20
2020/08/06 07:33:43.504,4,32,-16,36,6
2020/08/06 07:33:43.541,4,32,-16,36,13
2020/08/06 07:33:43.577,4,32,-16,36,23
2020/08/06 07:33:43.613,4,32,-16,36,3
2020/08/06 07:33:43.649,4,32,-16,36,13
2020/08/06 07:33:43.684,4,32,-16,36,9
2020/08/06 07:33:43.718,4,32,-16,36,6
2020/08/06 07:33:43.772,4,32,-16,36,6
2020/08/06 07:33:43.809,4,32,-16,36,7
2020/08/06 07:33:43.855,4,32,-16,36,13
2020/08/06 07:33:43.890,4,32,-16,36,13
2020/08/06 07:33:43.926,4,32,-16,36,38
2020/08/06 07:33:43.958,4,32,-16,36,27
2020/08/06 07:33:43.991,4,32,-16,36,21
2020/08/06 07:33:44.040,4,32,-16,36,23
2020/08/06 07:33:44.076,4,32,-16,36,7
2020/08/06 07:33:44.117,4,32,-16,36,6
2020/08/06 07:33:44.157,4,32,-16,36,9
2020/08/06 07:33:44.199,4,32,-16,36,10
2020/08/06 07:33:44.240,4,32,-16,36,6
2020/08/06 07:33:44.279,4,32,-16,36,9
2020/08/06 07:33:44.319,4,32,-16,36,6
2020/08/06 07:33:44.361,4,32,-16,36,9
2020/08/06 07:33:44.399,4,32,-16,36,31
2020/08/06 07:33:44.434,4,32,-16,36,18
2020/08/06 07:33:44.465,4,32,-16,36,41
2020/08/06 07:33:44.496,4,32,-16,36,11
2020/08/06 07:33:44.529,4,32,-16,36,48
2020/08/06 07:33:44.560,4,32,-16,36,55
2020/08/06 07:33:44.590,4,32,-16,36,40
2020/08/06 07:33:44.620,4,32,-16,36,33
2020/08/06 07:33:44.651,4,32,-16,36,29
2020/08/06 07:33:44.681,4,32,-16,36,14
2020/08/06 07:33:44.711,4,32,-16,36,10
2020/08/06 07:33:44.746,4,32,-16,36,12
2020/08/06 07:33:44.780,4,32,-16,36,13
2020/08/06 07:33:44.815,4,32,-16,36,12
2020/08/06 07:33:44.850,4,32,-16,36,9
2020/08/06 07:33:44.884,4,32,-16,36,20
2020/08/06 07:33:44.918,4,32,-16,36,19
2020/08/06 07:33:44.952,4,32,-16,36,13
2020/08/06 07:33:44.987,4,32,-16,36,22
2020/08/06 07:33:45.021,4,32,-16,36,9
2020/08/06 07:33:45.056,4,32,-16,36,29
2020/08/06 07:33:45.086,4,32,-16,36,25
2020/08/06 07:33:45.116,4,32,-16,36,9
2020/08/06 07:33:45.155,4,32,-16,36,7
2020/08/06 07:33:45.189,4,32,-16,36,31
2020/08/06 07:33:45.222,4,32,-16,36,26
2020/08/06 07:33:45.253,4,32,-16,36,45
2020/08/06 07:33:45.283,4,32,-16,36,32
2020/08/06 07:33:45.314,4,32,-16,36,33
2020/08/06 07:33:45.344,4,32,-16,36,27
2020/08/06 07:33:45.375,4,32,-16,36,12
2020/08/06 07:33:45.409,4,32,-16,36,20
2020/08/06 07:33:45.444,4,32,-16,36,16
2020/08/06 07:33:45.479,4,32,-16,36,33
2020/08/06 07:33:45.514,4,32,-16,36,21
2020/08/06 07:33:45.546,4,32,-16,36,52
2020/08/06 07:33:45.578,4,32,-16,36,54
2020/08/06 07:33:45.609,4,32,-16,36,48
2020/08/06 07:33:45.640,4,32,-16,36,51
2020/08/06 07:33:45.671,4,32,-16,36,34
2020/08/06 07:33:45.702,4,32,-16,36,20
2020/08/06 07:33:45.733,4,32,-16,36,16
2020/08/06 07:33:45.764,4,32,-16,36,33
2020/08/06 07:33:45.794,4,32,-16,36,18
2020/08/06 07:33:45.828,4,32,-16,36,19
2020/08/06 07:33:45.864,4,32,-16,36,23
2020/08/06 07:33:45.897,4,32,-16,36,54
2020/08/06 07:33:45.928,4,32,-16,36,30
2020/08/06 07:33:45.967,4,32,-16,36,47
2020/08/06 07:33:45.997,4,32,-16,36,34
2020/08/06 07:33:46.027,4,32,-16,36,14
2020/08/06 07:33:46.061,4,32,-16,36,9
2020/08/06 07:33:46.096,4,32,-16,36,22
2020/08/06 07:33:46.130,4,32,-16,36,20
2020/08/06 07:33:46.165,4,32,-16,36,22
2020/08/06 07:33:46.200,4,32,-16,36,13
2020/08/06 07:33:46.234,4,32,-16,36,21
2020/08/06 07:33:46.269,4,32,-16,36,10
2020/08/06 07:33:46.305,4,32,-16,36,17
2020/08/06 07:33:46.341,4,32,-16,36,6
2020/08/06 07:33:46.374,4,32,-16,36,43
2020/08/06 07:33:46.405,4,32,-16,36,48
2020/08/06 07:33:46.435,4,32,-16,36,37
2020/08/06 07:33:46.465,4,32,-16,36,44
2020/08/06 07:33:46.495,4,32,-16,36,21
2020/08/06 07:33:46.526,4,32,-16,36,31
2020/08/06 07:33:46.556,4,32,-16,36,37
2020/08/06 07:33:46.586,4,32,-16,36,28
2020/08/06 07:33:46.617,4,32,-16,36,46
2020/08/06 07:33:46.647,4,32,-16,36,47
2020/08/06 07:33:46.678,4,32,-16,36,50
2020/08/06 07:33:46.708,4,32,-16,36,50
2020/08/06 07:33:46.738,4,32,-16,36,53
2020/08/06 07:33:46.768,4,32,-16,36,39
2020/08/06 07:33:46.798,4,32,-16,36,27
2020/08/06 07:33:46.829,4,32,-16,36,19
2020/08/06 07:33:46.864,4,32,-16,36,25
2020/08/06 07:33:46.898,4,32,-16,36,15
2020/08/06 07:33:46.932,4,32,-16,36,6
2020/08/06 07:33:46.966,4,32,-16,36,6
2020/08/06 07:33:47.001,4,32,-16,36,3
2020/08/06 07:33:47.041,4,32,-16,36,14
2020/08/06 07:33:47.086,4,32,-16,36,6
2020/08/06 07:33:47.135,4,32,-16,36,9
2020/08/06 07:33:47.170,4,32,-16,36,10
2020/08/06 07:33:47.206,4,32,-16,36,6
2020/08/06 07:33:47.241,4,32,-16,36,4
2020/08/06 07:33:47.280,4,32,-16,36,6
2020/08/06 07:33:47.332,4,32,-16,36,6
2020/08/06 07:33:47.368,4,32,-16,36,11
2020/08/06 07:33:47.404,4,32,-16,36,4
2020/08/06 07:33:47.443,4,32,-16,36,6
2020/08/06 07:33:47.484,4,32,-16,36,12
2020/08/06 07:33:47.525,4,32,-16,36,8
2020/08/06 07:33:47.571,4,32,-16,36,12
2020/08/06 07:33:47.607,4,32,-16,36,34
2020/08/06 07:33:47.642,4,32,-16,36,38
2020/08/06 07:33:47.675,4,32,-16,36,38
2020/08/06 07:33:47.706,4,32,-16,36,22
2020/08/06 07:33:47.738,4,32,-16,36,27
2020/08/06 07:33:47.770,4,32,-16,36,22
2020/08/06 07:33:47.800,4,32,-16,36,17
2020/08/06 07:33:47.837,4,32,-16,36,36
2020/08/06 07:33:47.886,4,32,-16,36,53
2020/08/06 07:33:47.917,4,32,-16,36,25
2020/08/06 07:33:47.948,4,32,-16,36,23
2020/08/06 07:33:47.979,4,32,-16,36,20
2020/08/06 07:33:48.010,4,32,-16,36,29
2020/08/06 07:33:48.043,4,32,-16,36,29
2020/08/06 07:33:48.075,4,32,-16,36,19
2020/08/06 07:33:48.106,4,32,-16,36,31
2020/08/06 07:33:48.137,4,32,-16,36,25
2020/08/06 07:33:48.170,4,32,-16,36,25
2020/08/06 07:33:48.200,4,32,-16,36,32
2020/08/06 07:33:48.231,4,32,-16,36,31
2020/08/06 07:33:48.262,4,32,-16,36,18
2020/08/06 07:33:48.294,4,32,-16,36,35
2020/08/06 07:33:48.326,4,32,-16,36,34
2020/08/06 07:33:48.356,4,32,-16,36,34
2020/08/06 07:33:48.387,4,32,-16,36,34
2020/08/06 07:33:48.419,4,32,-16,36,29
2020/08/06 07:33:48.450,4,32,-16,36,19
2020/08/06 07:33:48.481,4,32,-16,36,27
2020/08/06 07:33:48.512,4,32,-16,36,16
2020/08/06 07:33:48.543,4,32,-16,36,13
2020/08/06 07:33:48.575,4,32,-16,36,21
2020/08/06 07:33:48.608,4,32,-16,36,21
2020/08/06 07:33:48.639,4,32,-16,36,35
2020/08/06 07:33:48.671,4,32,-16,36,47
2020/08/06 07:33:48.704,4,32,-16,36,63
2020/08/06 07:33:48.738,4,32,-16,36,59
2020/08/06 07:33:48.769,4,32,-16,36,32
2020/08/06 07:33:48.800,4,32,-16,36,28
2020/08/06 07:33:48.831,4,32,-16,36,19
2020/08/06 07:33:48.862,4,32,-16,36,32
2020/08/06 07:33:48.893,4,32,-16,36,20
2020/08/06 07:33:48.924,4,32,-16,36,20
2020/08/06 07:33:48.955,4,32,-16,36,26
2020/08/06 07:33:48.986,4,32,-16,36,37
2020/08/06 07:33:49.017,4,32,-16,36,19
2020/08/06 07:33:49.048,4,32,-16,36,15
2020/08/06 07:33:49.079,4,32,-16,36,18
2020/08/06 07:33:49.109,4,32,-16,36,18
2020/08/06 07:33:49.141,4,32,-16,36,21
2020/08/06 07:33:49.172,4,32,-16,36,31
2020/08/06 07:33:49.203,4,32,-16,36,20
2020/08/06 07:33:49.234,4,32,-16,36,22
2020/08/06 07:33:49.265,4,32,-16,36,16
2020/08/06 07:33:49.296,4,32,-16,36,16
2020/08/06 07:33:49.326,4,32,-16,36,16
2020/08/06 07:33:49.358,4,32,-16,36,25
2020/08/06 07:33:49.389,4,32,-16,36,19
2020/08/06 07:33:49.419,4,32,-16,36,16
2020/08/06 07:33:49.450,4,32,-16,36,16
2020/08/06 07:33:49.481,4,32,-16,36,18
2020/08/06 07:33:49.512,4,32,-16,36,16
2020/08/06 07:33:49.543,4,32,-16,36,34
2020/08/06 07:33:49.576,4,32,-16,36,35
2020/08/06 07:33:49.607,4,32,-16,36,27
2020/08/06 07:33:49.637,4,32,-16,36,16
2020/08/06 07:33:49.668,4,32,-16,36,16
2020/08/06 07:33:49.698,4,32,-16,36,23
2020/08/06 07:33:49.730,4,32,-16,36,17
2020/08/06 07:33:49.764,4,32,-16,36,21
2020/08/06 07:33:49.797,4,32,-16,36,37
2020/08/06 07:33:49.832,4,32,-16,36,40
2020/08/06 07:33:49.866,4,32,-16,36,56
2020/08/06 07:33:49.900,4,32,-16,36,75
2020/08/06 07:33:49.932,4,32,-16,36,52
2020/08/06 07:33:49.964,4,32,-16,36,38
2020/08/06 07:33:49.995,4,32,-16,36,15
2020/08/06 07:33:50.030,4,32,-16,36,13
2020/08/06 07:33:50.068,4,32,-16,36,11
2020/08/06 07:33:50.115,4,32,-16,36,15
2020/08/06 07:33:50.152,4,32,-16,36,20
2020/08/06 07:33:50.193,4,32,-16,36,25
2020/08/06 07:33:50.230,4,32,-16,36,39
2020/08/06 07:33:50.264,4,32,-16,36,48
2020/08/06 07:33:50.299,4,32,-16,36,45
2020/08/06 07:33:50.333,4,32,-16,36,34
2020/08/06 07:33:50.367,4,32,-16,36,31
2020/08/06 07:33:50.400,4,32,-16,36,34
2020/08/06 07:33:50.436,4,32,-16,36,28
2020/08/06 07:33:50.477,4,32,-16,36,30
2020/08/06 07:33:50.508,4,32,-16,36,49
2020/08/06 07:33:50.539,4,32,-16,36,28
2020/08/06 07:33:50.570,4,32,-16,36,23
2020/08/06 07:33:50.605,4,32,-16,36,45
2020/08/06 07:33:50.642,4,32,-16,36,30
2020/08/06 07:33:50.672,4,32,-16,36,27
2020/08/06 07:33:50.702,4,32,-16,36,27
2020/08/06 07:33:50.769,4,32,-16,36,85
2020/08/06 07:33:50.800,4,32,-16,36,57
2020/08/06 07:33:50.832,4,32,-16,36,74
2020/08/06 07:33:50.866,4,32,-16,36,64
2020/08/06 07:33:50.899,4,32,-16,36,79
2020/08/06 07:33:50.937,4,32,-16,36,61
2020/08/06 07:33:50.970,4,32,-16,36,75
2020/08/06 07:33:51.001,4,32,-16,36,50
2020/08/06 07:33:51.034,4,32,-16,36,42
2020/08/06 07:33:51.065,4,32,-16,36,13
2020/08/06 07:33:51.102,4,32,-16,36,30
2020/08/06 07:33:51.134,4,32,-16,36,22
2020/08/06 07:33:51.171,4,32,-16,36,39
2020/08/06 07:33:51.205,4,32,-16,36,39
2020/08/06 07:33:51.237,4,32,-16,36,21
2020/08/06 07:33:51.268,4,32,-16,36,11
2020/08/06 07:33:51.303,4,32,-16,36,13
2020/08/06 07:33:51.339,4,32,-16,36,14
2020/08/06 07:33:51.389,4,32,-16,36,18
2020/08/06 07:33:51.434,4,32,-16,36,4
2020/08/06 07:33:51.471,4,32,-16,36,11
2020/08/06 07:33:51.517,4,32,-16,36,7
2020/08/06 07:33:51.552,4,32,-16,36,6
2020/08/06 07:33:51.587,4,32,-16,36,9
2020/08/06 07:33:51.622,4,32,-16,36,4
2020/08/06 07:33:51.662,4,32,-16,36,12
2020/08/06 07:33:51.703,4,32,-16,36,9
2020/08/06 07:33:51.743,4,32,-16,36,6
2020/08/06 07:33:51.787,4,32,-16,36,6
2020/08/06 07:33:51.824,4,32,-16,36,8
2020/08/06 07:33:51.860,4,32,-16,36,9
2020/08/06 07:33:51.899,4,32,-16,36,10
2020/08/06 07:33:51.940,4,32,-16,36,11
2020/08/06 07:33:51.982,4,32,-16,36,6
2020/08/06 07:33:52.025,4,32,-16,36,7
2020/08/06 07:33:52.066,4,32,-16,36,11
2020/08/06 07:33:52.108,4,32,-16,36,8
2020/08/06 07:33:52.150,4,32,-16,36,8
2020/08/06 07:33:52.187,4,32,-16,36,15
2020/08/06 07:33:52.223,4,32,-16,36,6
2020/08/06 07:33:52.259,4,32,-16,36,4
2020/08/06 07:33:52.301,4,32,-16,36,15
2020/08/06 07:33:52.337,4,32,-16,36,6
2020/08/06 07:33:52.377,4,32,-16,36,3
2020/08/06 07:33:52.414,4,32,-16,36,12
2020/08/06 07:33:52.467,4,32,-16,36,12
2020/08/06 07:33:52.506,4,32,-16,36,14
2020/08/06 07:33:52.540,4,32,-16,36,18
2020/08/06 07:33:52.572,4,32,-16,36,14
2020/08/06 07:33:52.607,4,32,-16,36,6
2020/08/06 07:33:52.643,4,32,-16,36,9
2020/08/06 07:33:52.679,4,32,-16,36,6
2020/08/06 07:33:52.714,4,32,-16,36,8
2020/08/06 07:33:52.754,4,32,-16,36,12
2020/08/06 07:33:52.792,4,32,-16,36,43
2020/08/06 07:33:52.824,4,32,-16,36,90
2020/08/06 07:33:52.858,4,32,-16,36,73
2020/08/06 07:33:52.891,4,32,-16,36,64
2020/08/06 07:33:52.922,4,32,-16,36,64
2020/08/06 07:33:52.953,4,32,-16,36,60
2020/08/06 07:33:52.985,4,32,-16,36,54
2020/08/06 07:33:53.018,4,32,-16,36,60
2020/08/06 07:33:53.052,4,32,-16,36,66
2020/08/06 07:33:53.089,4,32,-16,36,59
2020/08/06 07:33:53.125,4,32,-16,36,53
2020/08/06 07:33:53.158,4,32,-16,36,48
2020/08/06 07:33:53.193,4,32,-16,36,58
2020/08/06 07:33:53.225,4,32,-16,36,73
2020/08/06 07:33:53.258,4,32,-16,36,51
2020/08/06 07:33:53.308,4,32,-16,36,69
2020/08/06 07:33:53.340,4,32,-16,36,20
2020/08/06 07:33:53.373,4,32,-16,36,19
2020/08/06 07:33:53.419,4,32,-16,36,12
2020/08/06 07:33:53.453,4,32,-16,36,15
2020/08/06 07:33:53.488,4,32,-16,36,15
2020/08/06 07:33:53.524,4,32,-16,36,8
2020/08/06 07:33:53.560,4,32,-16,36,16
2020/08/06 07:33:53.600,4,32,-16,36,10
2020/08/06 07:33:53.640,4,32,-16,36,8
2020/08/06 07:33:53.679,4,32,-16,36,6
2020/08/06 07:33:53.718,4,32,-16,36,12
2020/08/06 07:33:53.754,4,32,-16,36,17
2020/08/06 07:33:53.785,4,32,-16,36,18
2020/08/06 07:33:53.816,4,32,-16,36,13
2020/08/06 07:33:53.847,4,32,-16,36,16
2020/08/06 07:33:53.878,4,32,-16,36,20
2020/08/06 07:33:53.909,4,32,-16,36,19
2020/08/06 07:33:53.953,4,32,-16,36,7
2020/08/06 07:33:53.989,4,32,-16,36,10
2020/08/06 07:33:54.025,4,32,-16,36,6
2020/08/06 07:33:54.061,4,32,-16,36,6
2020/08/06 07:33:54.101,4,32,-16,36,9
2020/08/06 07:33:54.141,4,32,-16,36,10
2020/08/06 07:33:54.182,4,32,-16,36,10
2020/08/06 07:33:54.222,4,32,-16,36,9
2020/08/06 07:33:54.276,4,32,-16,36,13
2020/08/06 07:33:54.326,4,32,-16,36,4
2020/08/06 07:33:54.365,4,32,-16,36,10
2020/08/06 07:33:54.402,4,32,-16,36,9
2020/08/06 07:33:54.446,4,32,-16,36,22
2020/08/06 07:33:54.494,4,32,-16,36,18
2020/08/06 07:33:54.531,4,32,-16,36,20
2020/08/06 07:33:54.578,4,32,-16,36,22
2020/08/06 07:33:54.614,4,32,-16,36,21
2020/08/06 07:33:54.652,4,32,-16,36,15
2020/08/06 07:33:54.698,4,32,-16,36,19
2020/08/06 07:33:54.735,4,32,-16,36,24
2020/08/06 07:33:54.768,4,32,-16,36,30
2020/08/06 07:33:54.799,4,32,-16,36,26
2020/08/06 07:33:54.832,4,32,-16,36,32
2020/08/06 07:33:54.864,4,32,-16,36,22
2020/08/06 07:33:54.898,4,32,-16,36,27
2020/08/06 07:33:54.930,4,32,-16,36,19
2020/08/06 07:33:54.965,4,32,-16,36,33
2020/08/06 07:33:55.000,4,32,-16,36,26
2020/08/06 07:33:55.033,4,32,-16,36,21
2020/08/06 07:33:55.070,4,32,-16,36,4
2020/08/06 07:33:55.113,4,32,-16,36,18
2020/08/06 07:33:55.154,4,32,-16,36,11
2020/08/06 07:33:55.196,4,32,-16,36,26
2020/08/06 07:33:55.241,4,32,-16,36,7
2020/08/06 07:33:55.278,4,32,-16,36,22
2020/08/06 07:33:55.319,4,32,-16,36,15
2020/08/06 07:33:55.359,4,32,-16,36,12
2020/08/06 07:33:55.400,4,32,-16,36,6
2020/08/06 07:33:55.440,4,32,-16,36,8
2020/08/06 07:33:55.480,4,32,-16,36,6
2020/08/06 07:33:55.520,4,32,-16,36,11
2020/08/06 07:33:55.561,4,32,-16,36,9
2020/08/06 07:33:55.601,4,32,-16,36,10
2020/08/06 07:33:55.641,4,32,-16,36,10
2020/08/06 07:33:55.686,4,32,-16,36,10
2020/08/06 07:33:55.737,4,32,-16,36,8
2020/08/06 07:33:55.773,4,32,-16,36,6
2020/08/06 07:33:55.808,4,32,-16,36,6
2020/08/06 07:33:55.844,4,32,-16,36,4
2020/08/06 07:33:55.879,4,32,-16,36,8
2020/08/06 07:33:55.920,4,32,-16,36,9
2020/08/06 07:33:55.960,4,32,-16,36,11
2020/08/06 07:33:56.004,4,32,-16,36,6
2020/08/06 07:33:56.051,4,32,-16,36,11
2020/08/06 07:33:56.090,4,32,-16,36,24
2020/08/06 07:33:56.121,4,32,-16,36,25
2020/08/06 07:33:56.174,4,32,-16,36,60
2020/08/06 07:33:56.207,4,32,-16,36,52
2020/08/06 07:33:56.239,4,32,-16,36,61
2020/08/06 07:33:56.269,4,32,-16,36,62
2020/08/06 07:33:56.300,4,32,-16,36,57
2020/08/06 07:33:56.331,4,32,-16,36,61
2020/08/06 07:33:56.365,4,32,-16,36,50
2020/08/06 07:33:56.397,4,32,-16,36,41
2020/08/06 07:33:56.429,4,32,-16,36,35
2020/08/06 07:33:56.460,4,32,-16,36,35
2020/08/06 07:33:56.492,4,32,-16,36,40
2020/08/06 07:33:56.524,4,32,-16,36,30
2020/08/06 07:33:56.555,4,32,-16,36,38
2020/08/06 07:33:56.587,4,32,-16,36,42
2020/08/06 07:33:56.619,4,32,-16,36,34
2020/08/06 07:33:56.650,4,32,-16,36,31
2020/08/06 07:33:56.682,4,32,-16,36,29
2020/08/06 07:33:56.715,4,32,-16,36,18
2020/08/06 07:33:56.747,4,32,-16,36,23
2020/08/06 07:33:56.780,4,32,-16,36,6
2020/08/06 07:33:56.820,4,32,-16,36,15
2020/08/06 07:33:56.859,4,32,-16,36,6
2020/08/06 07:33:56.900,4,32,-16,36,6
2020/08/06 07:33:56.940,4,32,-16,36,9
2020/08/06 07:33:56.981,4,32,-16,36,6
2020/08/06 07:33:57.017,4,32,-16,36,18
2020/08/06 07:33:57.068,4,32,-16,36,9
2020/08/06 07:33:57.117,4,32,-16,36,7
2020/08/06 07:33:57.152,4,32,-16,36,6
2020/08/06 07:33:57.186,4,32,-16,36,8
2020/08/06 07:33:57.221,4,32,-16,36,4
2020/08/06 07:33:57.261,4,32,-16,36,4
2020/08/06 07:33:57.302,4,32,-16,36,8
2020/08/06 07:33:57.344,4,32,-16,36,11
2020/08/06 07:33:57.388,4,32,-16,36,12
2020/08/06 07:33:57.429,4,32,-16,36,30
2020/08/06 07:33:57.465,4,32,-16,36,18
2020/08/06 07:33:57.501,4,32,-16,36,17
2020/08/06 07:33:57.542,4,32,-16,36,18
2020/08/06 07:33:57.584,4,32,-16,36,20
2020/08/06 07:33:57.626,4,32,-16,36,11
2020/08/06 07:33:57.662,4,32,-16,36,15
2020/08/06 07:33:57.700,4,32,-16,36,12
2020/08/06 07:33:57.744,4,32,-16,36,18
2020/08/06 07:33:57.792,4,32,-16,36,50
2020/08/06 07:33:57.823,4,32,-16,36,36
2020/08/06 07:33:57.858,4,32,-16,36,42
2020/08/06 07:33:57.890,4,32,-16,36,27
2020/08/06 07:33:57.921,4,32,-16,36,29
2020/08/06 07:33:57.952,4,32,-16,36,22
2020/08/06 07:33:57.983,4,32,-16,36,37
2020/08/06 07:33:58.016,4,32,-16,36,55
2020/08/06 07:33:58.048,4,32,-16,36,65
2020/08/06 07:33:58.078,4,32,-16,36,27
2020/08/06 07:33:58.108,4,32,-16,36,19
2020/08/06 07:33:58.138,4,32,-16,36,10
2020/08/06 07:33:58.168,4,32,-17,36,4
2020/08/06 07:33:58.199,4,32,-17,36,18
2020/08/06 07:33:58.229,4,32,-17,36,4
2020/08/06 07:33:58.266,4,32,-17,36,14
2020/08/06 07:33:58.302,4,32,-17,36,16
2020/08/06 07:33:58.337,4,32,-17,36,12
2020/08/06 07:33:58.373,4,32,-15,36,9
2020/08/06 07:33:58.411,4,32,-15,36,21
2020/08/06 07:33:58.445,4,32,-15,36,18
2020/08/06 07:33:58.480,4,32,-15,36,11
2020/08/06 07:33:58.516,4,32,-15,36,9
2020/08/06 07:33:58.551,4,32,-15,36,3
2020/08/06 07:33:58.587,5,32,-17,37,22
2020/08/06 07:33:58.622,5,32,-17,37,4
2020/08/06 07:33:58.661,5,32,-17,37,3
2020/08/06 07:33:58.701,5,32,-17,37,13
2020/08/06 07:33:58.749,5,32,-17,37,20
