TimeStamp,B_x,B_y,B_z,B_net,CPU_load2020/08/29 15:58:45.604,-15,-24,-46,54,0
2020/08/29 15:58:45.640,-15,-24,-46,54,9
2020/08/29 15:58:45.678,-14,-24,-45,53,17
2020/08/29 15:58:45.727,-14,-24,-45,53,18
2020/08/29 15:58:45.764,-14,-24,-45,53,17
2020/08/29 15:58:45.802,-14,-24,-45,53,12
2020/08/29 15:58:45.837,-14,-24,-45,53,13
2020/08/29 15:58:45.876,-14,-24,-46,54,14
2020/08/29 15:58:45.915,-14,-24,-46,54,14
2020/08/29 15:58:45.956,-14,-24,-46,54,15
2020/08/29 15:58:45.995,-14,-24,-46,54,17
2020/08/29 15:58:46.035,-14,-24,-46,54,11
2020/08/29 15:58:46.079,-13,-25,-44,52,20
2020/08/29 15:58:46.125,-13,-25,-44,52,14
2020/08/29 15:58:46.159,-13,-25,-44,52,30
2020/08/29 15:58:46.192,-13,-25,-44,52,33
2020/08/29 15:58:46.222,-13,-25,-44,52,60
2020/08/29 15:58:46.253,-13,-25,-44,52,48
2020/08/29 15:58:46.284,-13,-25,-44,52,37
2020/08/29 15:58:46.314,-13,-25,-44,52,43
2020/08/29 15:58:46.344,-13,-25,-44,52,29
2020/08/29 15:58:46.374,-13,-25,-44,52,20
2020/08/29 15:58:46.404,-13,-25,-44,52,7
2020/08/29 15:58:46.441,-13,-25,-44,52,17
2020/08/29 15:58:46.475,-13,-25,-44,52,14
2020/08/29 15:58:46.516,-13,-25,-44,52,11
2020/08/29 15:58:46.556,-13,-25,-44,52,25
2020/08/29 15:58:46.598,-13,-25,-44,52,23
2020/08/29 15:58:46.636,-13,-25,-44,52,28
2020/08/29 15:58:46.675,-13,-25,-44,52,24
2020/08/29 15:58:46.716,-13,-25,-44,52,13
2020/08/29 15:58:46.757,-13,-25,-44,52,23
2020/08/29 15:58:46.798,-13,-25,-44,52,18
2020/08/29 15:58:46.840,-13,-25,-44,52,14
2020/08/29 15:58:46.878,-13,-25,-44,52,10
2020/08/29 15:58:46.928,-13,-25,-44,52,11
2020/08/29 15:58:46.965,-13,-25,-44,52,11
2020/08/29 15:58:47.012,-13,-25,-44,52,14
2020/08/29 15:58:47.043,-13,-25,-44,52,33
2020/08/29 15:58:47.074,-13,-25,-44,52,45
2020/08/29 15:58:47.104,-13,-25,-44,52,33
2020/08/29 15:58:47.134,-13,-25,-44,52,27
2020/08/29 15:58:47.165,-13,-25,-44,52,17
2020/08/29 15:58:47.196,-13,-25,-44,52,57
2020/08/29 15:58:47.227,-13,-25,-44,52,56
2020/08/29 15:58:47.258,-13,-25,-44,52,67
2020/08/29 15:58:47.293,-13,-25,-44,52,59
2020/08/29 15:58:47.331,-13,-25,-44,52,37
2020/08/29 15:58:47.372,-13,-25,-44,52,63
2020/08/29 15:58:47.405,-13,-25,-44,52,47
2020/08/29 15:58:47.446,-13,-25,-44,52,32
2020/08/29 15:58:47.483,-13,-25,-44,52,31
2020/08/29 15:58:47.520,-13,-25,-44,52,34
2020/08/29 15:58:47.552,-13,-25,-44,52,40
2020/08/29 15:58:47.588,-13,-25,-44,52,31
2020/08/29 15:58:47.624,-13,-25,-44,52,55
2020/08/29 15:58:47.656,-13,-25,-44,52,29
2020/08/29 15:58:47.690,-13,-25,-44,52,26
2020/08/29 15:58:47.727,-13,-25,-44,52,34
2020/08/29 15:58:47.757,-13,-25,-44,52,46
2020/08/29 15:58:47.787,-13,-25,-44,52,38
2020/08/29 15:58:47.819,-13,-25,-44,52,34
2020/08/29 15:58:47.850,-13,-25,-44,52,31
2020/08/29 15:58:47.880,-13,-25,-44,52,29
2020/08/29 15:58:47.912,-13,-25,-44,52,37
2020/08/29 15:58:47.942,-13,-25,-44,52,28
2020/08/29 15:58:47.980,-13,-25,-44,52,30
2020/08/29 15:58:48.009,-13,-25,-44,52,29
2020/08/29 15:58:48.039,-13,-25,-44,52,19
2020/08/29 15:58:48.070,-13,-25,-44,52,19
2020/08/29 15:58:48.099,-13,-25,-44,52,19
2020/08/29 15:58:48.129,-13,-25,-44,52,19
2020/08/29 15:58:48.159,-13,-25,-44,52,19
2020/08/29 15:58:48.189,-13,-25,-44,52,29
2020/08/29 15:58:48.220,-13,-25,-44,52,34
2020/08/29 15:58:48.250,-13,-25,-44,52,25
2020/08/29 15:58:48.280,-13,-25,-44,52,19
2020/08/29 15:58:48.310,-13,-25,-44,52,23
2020/08/29 15:58:48.340,-13,-25,-44,52,19
2020/08/29 15:58:48.372,-13,-25,-44,52,28
2020/08/29 15:58:48.415,-13,-25,-44,52,27
2020/08/29 15:58:48.452,-13,-25,-44,52,29
2020/08/29 15:58:48.492,-13,-25,-44,52,25
2020/08/29 15:58:48.528,-13,-25,-44,52,23
2020/08/29 15:58:48.576,-13,-25,-44,52,17
2020/08/29 15:58:48.611,-13,-25,-44,52,13
2020/08/29 15:58:48.645,-13,-25,-44,52,4
2020/08/29 15:58:48.688,-13,-25,-44,52,14
2020/08/29 15:58:48.733,-13,-25,-44,52,14
2020/08/29 15:58:48.768,-13,-25,-44,52,10
2020/08/29 15:58:48.804,-13,-25,-44,52,12
2020/08/29 15:58:48.838,-13,-25,-44,52,7
2020/08/29 15:58:48.881,-13,-25,-44,52,18
2020/08/29 15:58:48.923,-13,-25,-44,52,13
2020/08/29 15:58:48.960,-13,-25,-44,52,13
2020/08/29 15:58:48.995,-13,-25,-44,52,24
2020/08/29 15:58:49.050,-13,-25,-44,52,23
2020/08/29 15:58:49.086,-13,-25,-44,52,22
2020/08/29 15:58:49.124,-13,-25,-44,52,48
2020/08/29 15:58:49.164,-13,-25,-44,52,51
2020/08/29 15:58:49.199,-13,-25,-44,52,36
2020/08/29 15:58:49.233,-13,-25,-44,52,53
2020/08/29 15:58:49.267,-13,-25,-44,52,18
2020/08/29 15:58:49.302,-13,-25,-44,52,44
2020/08/29 15:58:49.333,-13,-25,-44,52,34
2020/08/29 15:58:49.374,-13,-25,-44,52,4
2020/08/29 15:58:49.411,-13,-25,-44,52,42
2020/08/29 15:58:49.487,-13,-25,-44,52,31
2020/08/29 15:58:49.520,-13,-25,-44,52,48
2020/08/29 15:58:49.549,-13,-25,-44,52,8
2020/08/29 15:58:49.595,-13,-25,-44,52,8
2020/08/29 15:58:49.632,-13,-25,-44,52,32
2020/08/29 15:58:49.665,-13,-25,-44,52,31
2020/08/29 15:58:49.697,-13,-25,-44,52,22
2020/08/29 15:58:49.728,-13,-25,-44,52,18
2020/08/29 15:58:49.760,-13,-25,-44,52,16
2020/08/29 15:58:49.796,-13,-25,-44,52,52
2020/08/29 15:58:49.827,-13,-25,-44,52,53
2020/08/29 15:58:49.859,-13,-25,-44,52,38
2020/08/29 15:58:49.894,-13,-25,-44,52,51
2020/08/29 15:58:49.926,-13,-25,-44,52,30
2020/08/29 15:58:49.959,-13,-25,-44,52,29
2020/08/29 15:58:49.989,-13,-25,-44,52,59
2020/08/29 15:58:50.021,-13,-25,-44,52,19
2020/08/29 15:58:50.052,-13,-25,-44,52,19
2020/08/29 15:58:50.083,-13,-25,-44,52,18
2020/08/29 15:58:50.115,-13,-25,-44,52,27
2020/08/29 15:58:50.154,-13,-25,-44,52,23
2020/08/29 15:58:50.192,-13,-25,-44,52,13
2020/08/29 15:58:50.231,-13,-25,-44,52,27
2020/08/29 15:58:50.264,-13,-25,-44,52,39
2020/08/29 15:58:50.296,-13,-25,-44,52,20
2020/08/29 15:58:50.330,-13,-25,-44,52,25
2020/08/29 15:58:50.367,-13,-25,-44,52,32
2020/08/29 15:58:50.411,-13,-25,-44,52,46
2020/08/29 15:58:50.441,-13,-25,-44,52,16
2020/08/29 15:58:50.476,-13,-25,-44,52,28
2020/08/29 15:58:50.507,-13,-25,-44,52,36
2020/08/29 15:58:50.546,-13,-25,-44,52,30
2020/08/29 15:58:50.576,-13,-25,-44,52,36
2020/08/29 15:58:50.609,-13,-25,-44,52,41
2020/08/29 15:58:50.640,-13,-25,-44,52,47
2020/08/29 15:58:50.672,-13,-25,-44,52,14
2020/08/29 15:58:50.709,-13,-25,-44,52,11
2020/08/29 15:58:50.741,-13,-25,-44,52,46
2020/08/29 15:58:50.774,-13,-25,-44,52,39
2020/08/29 15:58:50.807,-13,-25,-44,52,23
2020/08/29 15:58:50.837,-13,-25,-44,52,12
2020/08/29 15:58:50.871,-13,-25,-44,52,6
2020/08/29 15:58:50.914,-13,-25,-44,52,4
2020/08/29 15:58:50.948,-13,-25,-44,52,15
2020/08/29 15:58:50.982,-13,-25,-44,52,7
2020/08/29 15:58:51.020,-13,-25,-44,52,7
2020/08/29 15:58:51.054,-13,-25,-44,52,21
2020/08/29 15:58:51.087,-13,-25,-44,52,10
2020/08/29 15:58:51.122,-13,-25,-44,52,25
2020/08/29 15:58:51.157,-13,-25,-44,52,20
2020/08/29 15:58:51.278,-13,-25,-44,52,21
2020/08/29 15:58:51.313,-13,-25,-44,52,17
2020/08/29 15:58:51.350,-13,-25,-44,52,15
2020/08/29 15:58:51.384,-13,-25,-44,52,23
2020/08/29 15:58:51.421,-13,-25,-44,52,9
2020/08/29 15:58:51.460,-13,-25,-44,52,7
2020/08/29 15:58:51.501,-13,-25,-44,52,14
2020/08/29 15:58:51.549,-13,-25,-44,52,13
2020/08/29 15:58:51.592,-13,-25,-44,52,38
2020/08/29 15:58:51.643,-13,-25,-44,52,26
2020/08/29 15:58:51.688,-13,-25,-44,52,48
2020/08/29 15:58:51.721,-13,-25,-44,52,46
2020/08/29 15:58:51.751,-13,-25,-44,52,23
2020/08/29 15:58:51.786,-13,-25,-44,52,40
2020/08/29 15:58:51.828,-13,-25,-44,52,21
2020/08/29 15:58:51.871,-13,-25,-44,52,32
2020/08/29 15:58:51.905,-13,-25,-44,52,44
2020/08/29 15:58:51.938,-13,-25,-44,52,56
2020/08/29 15:58:51.975,-13,-25,-44,52,48
2020/08/29 15:58:52.008,-13,-25,-44,52,41
2020/08/29 15:58:52.039,-13,-25,-44,52,55
2020/08/29 15:58:52.074,-13,-25,-44,52,25
2020/08/29 15:58:52.105,-13,-25,-44,52,14
2020/08/29 15:58:52.138,-13,-25,-44,52,32
2020/08/29 15:58:52.167,-13,-25,-44,52,19
2020/08/29 15:58:52.198,-13,-25,-44,52,16
2020/08/29 15:58:52.228,-13,-25,-44,52,25
2020/08/29 15:58:52.258,-13,-25,-44,52,16
2020/08/29 15:58:52.290,-13,-25,-44,52,18
2020/08/29 15:58:52.323,-13,-25,-44,52,20
2020/08/29 15:58:52.361,-13,-25,-44,52,12
2020/08/29 15:58:52.393,-13,-25,-44,52,38
2020/08/29 15:58:52.423,-13,-25,-44,52,28
2020/08/29 15:58:52.453,-13,-25,-44,52,22
2020/08/29 15:58:52.484,-13,-25,-44,52,41
2020/08/29 15:58:52.515,-13,-25,-44,52,25
2020/08/29 15:58:52.548,-13,-25,-44,52,19
2020/08/29 15:58:52.579,-13,-25,-44,52,28
2020/08/29 15:58:52.610,-13,-25,-44,52,22
2020/08/29 15:58:52.641,-13,-25,-44,52,22
2020/08/29 15:58:52.672,-13,-25,-44,52,13
2020/08/29 15:58:52.717,-13,-25,-44,52,4
2020/08/29 15:58:52.755,-13,-25,-44,52,26
2020/08/29 15:58:52.792,-13,-25,-44,52,21
2020/08/29 15:58:52.832,-13,-25,-44,52,30
2020/08/29 15:58:52.874,-13,-25,-44,52,26
2020/08/29 15:58:52.911,-13,-25,-44,52,24
2020/08/29 15:58:52.947,-13,-25,-44,52,25
2020/08/29 15:58:52.990,-13,-25,-44,52,15
2020/08/29 15:58:53.029,-13,-25,-44,52,27
2020/08/29 15:58:53.073,-13,-25,-44,52,17
2020/08/29 15:58:53.110,-13,-25,-44,52,25
2020/08/29 15:58:53.146,-13,-25,-44,52,25
2020/08/29 15:58:53.182,-13,-25,-44,52,25
2020/08/29 15:58:53.217,-13,-25,-44,52,12
2020/08/29 15:58:53.256,-13,-25,-44,52,11
2020/08/29 15:58:53.295,-13,-25,-44,52,21
2020/08/29 15:58:53.328,-13,-25,-44,52,19
2020/08/29 15:58:53.366,-13,-25,-44,52,20
2020/08/29 15:58:53.411,-13,-25,-44,52,19
2020/08/29 15:58:53.447,-13,-25,-44,52,35
2020/08/29 15:58:53.498,-13,-25,-44,52,31
2020/08/29 15:58:53.538,-13,-25,-44,52,36
2020/08/29 15:58:53.581,-13,-25,-44,52,31
2020/08/29 15:58:53.626,-13,-25,-44,52,22
2020/08/29 15:58:53.661,-13,-25,-44,52,19
2020/08/29 15:58:53.696,-13,-25,-44,52,9
2020/08/29 15:58:53.736,-13,-25,-44,52,16
2020/08/29 15:58:53.777,-13,-25,-44,52,8
2020/08/29 15:58:53.819,-13,-25,-44,52,21
2020/08/29 15:58:53.859,-13,-25,-44,52,9
2020/08/29 15:58:53.898,-13,-25,-44,52,10
2020/08/29 15:58:53.939,-13,-25,-44,52,12
2020/08/29 15:58:53.980,-13,-25,-44,52,23
2020/08/29 15:58:54.017,-13,-25,-44,52,20
2020/08/29 15:58:54.054,-13,-25,-44,52,19
2020/08/29 15:58:54.089,-13,-25,-44,52,15
2020/08/29 15:58:54.125,-13,-25,-44,52,13
2020/08/29 15:58:54.162,-13,-25,-44,52,22
2020/08/29 15:58:54.199,-13,-25,-44,52,35
2020/08/29 15:58:54.232,-13,-25,-44,52,34
2020/08/29 15:58:54.268,-13,-25,-44,52,16
2020/08/29 15:58:54.299,-13,-25,-44,52,28
2020/08/29 15:58:54.337,-13,-25,-44,52,21
2020/08/29 15:58:54.370,-13,-25,-44,52,45
2020/08/29 15:58:54.409,-13,-25,-44,52,36
2020/08/29 15:58:54.444,-13,-25,-44,52,33
2020/08/29 15:58:54.478,-13,-25,-44,52,45
2020/08/29 15:58:54.511,-13,-25,-44,52,21
2020/08/29 15:58:54.547,-13,-25,-44,52,39
2020/08/29 15:58:54.583,-13,-25,-44,52,58
2020/08/29 15:58:54.614,-13,-25,-44,52,16
2020/08/29 15:58:54.645,-13,-25,-44,52,35
2020/08/29 15:58:54.675,-13,-25,-44,52,13
2020/08/29 15:58:54.705,-13,-25,-44,52,18
2020/08/29 15:58:54.735,-13,-25,-44,52,33
2020/08/29 15:58:54.766,-13,-25,-44,52,19
2020/08/29 15:58:54.796,-13,-25,-44,52,20
2020/08/29 15:58:54.832,-13,-25,-44,52,26
2020/08/29 15:58:54.862,-13,-25,-44,52,16
2020/08/29 15:58:54.896,-13,-25,-44,52,25
2020/08/29 15:58:54.927,-13,-25,-44,52,27
2020/08/29 15:58:54.959,-13,-25,-44,52,27
2020/08/29 15:58:54.992,-13,-25,-44,52,13
2020/08/29 15:58:55.024,-13,-25,-44,52,6
2020/08/29 15:58:55.086,-13,-25,-44,52,11
2020/08/29 15:58:55.120,-13,-25,-44,52,63
2020/08/29 15:58:55.154,-13,-25,-44,52,55
2020/08/29 15:58:55.185,-13,-25,-44,52,47
2020/08/29 15:58:55.217,-13,-25,-44,52,19
2020/08/29 15:58:55.250,-13,-25,-44,52,34
2020/08/29 15:58:55.309,-13,-25,-44,52,32
2020/08/29 15:58:55.340,-13,-25,-44,52,19
2020/08/29 15:58:55.372,-13,-25,-44,52,30
2020/08/29 15:58:55.402,-13,-25,-44,52,21
2020/08/29 15:58:55.437,-13,-25,-44,52,18
2020/08/29 15:58:55.478,-13,-25,-44,52,31
2020/08/29 15:58:55.513,-13,-25,-44,52,19
2020/08/29 15:58:55.558,-13,-25,-44,52,24
2020/08/29 15:58:55.595,-13,-25,-44,52,34
2020/08/29 15:58:55.637,-13,-25,-44,52,15
2020/08/29 15:58:55.672,-13,-25,-44,52,38
2020/08/29 15:58:55.711,-13,-25,-44,52,18
2020/08/29 15:58:55.743,-13,-25,-44,52,43
2020/08/29 15:58:55.775,-13,-25,-44,52,16
2020/08/29 15:58:55.805,-13,-25,-44,52,23
2020/08/29 15:58:55.836,-13,-25,-44,52,23
2020/08/29 15:58:55.871,-13,-25,-44,52,34
2020/08/29 15:58:55.906,-13,-25,-44,52,20
2020/08/29 15:58:55.944,-13,-25,-44,52,29
2020/08/29 15:58:55.979,-13,-25,-44,52,20
2020/08/29 15:58:56.018,-13,-25,-44,52,8
2020/08/29 15:58:56.060,-13,-25,-44,52,16
2020/08/29 15:58:56.100,-13,-25,-44,52,22
2020/08/29 15:58:56.142,-13,-25,-44,52,12
2020/08/29 15:58:56.184,-13,-25,-44,52,18
2020/08/29 15:58:56.230,-13,-25,-44,52,21
2020/08/29 15:58:56.265,-13,-25,-44,52,10
2020/08/29 15:58:56.313,-13,-25,-44,52,14
2020/08/29 15:58:56.349,-13,-25,-44,52,25
2020/08/29 15:58:56.383,-13,-25,-44,52,13
2020/08/29 15:58:56.417,-13,-25,-44,52,4
2020/08/29 15:58:56.454,-13,-25,-44,52,9
2020/08/29 15:58:56.489,-13,-25,-44,52,13
2020/08/29 15:58:56.535,-13,-25,-44,52,11
2020/08/29 15:58:56.570,-13,-25,-44,52,9
2020/08/29 15:58:56.604,-13,-25,-44,52,20
2020/08/29 15:58:56.646,-13,-25,-44,52,4
2020/08/29 15:58:56.691,-13,-25,-44,52,27
2020/08/29 15:58:56.723,-13,-25,-44,52,32
2020/08/29 15:58:56.756,-13,-25,-44,52,4
2020/08/29 15:58:56.803,-13,-25,-44,52,9
2020/08/29 15:58:56.850,-13,-25,-44,52,9
2020/08/29 15:58:56.884,-13,-25,-44,52,9
2020/08/29 15:58:56.917,-13,-25,-44,52,4
2020/08/29 15:58:56.958,-13,-25,-44,52,11
2020/08/29 15:58:57.002,-13,-25,-44,52,9
2020/08/29 15:58:57.041,-13,-25,-44,52,31
2020/08/29 15:58:57.073,-13,-25,-44,52,43
2020/08/29 15:58:57.103,-13,-25,-44,52,16
2020/08/29 15:58:57.135,-13,-25,-44,52,32
2020/08/29 15:58:57.168,-13,-25,-44,52,22
2020/08/29 15:58:57.200,-13,-25,-44,52,19
2020/08/29 15:58:57.230,-13,-25,-44,52,16
2020/08/29 15:58:57.260,-13,-25,-44,52,16
2020/08/29 15:58:57.290,-13,-25,-44,52,16
2020/08/29 15:58:57.328,-13,-25,-44,52,29
2020/08/29 15:58:57.358,-13,-25,-44,52,4
2020/08/29 15:58:57.391,-13,-25,-44,52,4
2020/08/29 15:58:57.434,-13,-25,-44,52,4
2020/08/29 15:58:57.468,-13,-25,-44,52,7
2020/08/29 15:58:57.501,-13,-25,-44,52,6
2020/08/29 15:58:57.535,-13,-25,-44,52,4
2020/08/29 15:58:57.583,-13,-25,-44,52,12
2020/08/29 15:58:57.632,-13,-25,-44,52,8
2020/08/29 15:58:57.665,-13,-25,-44,52,8
2020/08/29 15:58:57.699,-13,-25,-44,52,7
2020/08/29 15:58:57.737,-13,-25,-44,52,6
2020/08/29 15:58:57.785,-13,-25,-44,52,8
2020/08/29 15:58:57.819,-13,-25,-44,52,8
2020/08/29 15:58:57.857,-13,-25,-44,52,6
2020/08/29 15:58:57.893,-13,-25,-44,52,19
2020/08/29 15:58:57.931,-13,-25,-44,52,25
2020/08/29 15:58:57.967,-13,-25,-44,52,22
2020/08/29 15:58:58.004,-13,-25,-44,52,35
2020/08/29 15:58:58.037,-13,-25,-44,52,17
2020/08/29 15:58:58.067,-13,-25,-44,52,20
2020/08/29 15:58:58.097,-13,-25,-44,52,16
2020/08/29 15:58:58.127,-13,-25,-44,52,16
2020/08/29 15:58:58.158,-13,-25,-44,52,35
2020/08/29 15:58:58.187,-13,-25,-44,52,40
2020/08/29 15:58:58.217,-13,-25,-44,52,16
2020/08/29 15:58:58.252,-13,-25,-44,52,26
2020/08/29 15:58:58.284,-13,-25,-44,52,34
2020/08/29 15:58:58.316,-13,-25,-44,52,31
2020/08/29 15:58:58.349,-13,-25,-44,52,33
2020/08/29 15:58:58.380,-13,-25,-44,52,21
2020/08/29 15:58:58.410,-13,-25,-44,52,4
2020/08/29 15:58:58.445,-13,-25,-44,52,10
2020/08/29 15:58:58.478,-13,-25,-44,52,4
2020/08/29 15:58:58.516,-13,-25,-44,52,6
2020/08/29 15:58:58.564,-13,-25,-44,52,10
2020/08/29 15:58:58.611,-13,-25,-44,52,9
2020/08/29 15:58:58.646,-13,-25,-44,52,11
2020/08/29 15:58:58.681,-13,-25,-44,52,9
2020/08/29 15:58:58.716,-13,-25,-44,52,14
2020/08/29 15:58:58.756,-13,-25,-44,52,9
2020/08/29 15:58:58.798,-13,-25,-44,52,12
2020/08/29 15:58:58.838,-13,-25,-44,52,12
2020/08/29 15:58:58.879,-13,-25,-44,52,9
2020/08/29 15:58:58.920,-13,-25,-44,52,16
2020/08/29 15:58:58.960,-13,-25,-44,52,15
2020/08/29 15:58:59.016,-13,-25,-44,52,31
2020/08/29 15:58:59.051,-13,-25,-44,52,53
2020/08/29 15:58:59.087,-13,-25,-44,52,27
2020/08/29 15:58:59.139,-13,-25,-44,52,45
2020/08/29 15:58:59.168,-13,-25,-44,52,36
2020/08/29 15:58:59.199,-13,-25,-44,52,26
2020/08/29 15:58:59.231,-13,-25,-44,52,27
2020/08/29 15:58:59.262,-13,-25,-44,52,14
2020/08/29 15:58:59.299,-13,-25,-44,52,22
2020/08/29 15:58:59.330,-13,-25,-44,52,29
2020/08/29 15:58:59.366,-13,-25,-44,52,33
2020/08/29 15:58:59.397,-13,-25,-44,52,30
2020/08/29 15:58:59.429,-13,-25,-44,52,22
2020/08/29 15:58:59.462,-13,-25,-44,52,36
2020/08/29 15:58:59.494,-13,-25,-44,52,30
2020/08/29 15:58:59.526,-13,-25,-44,52,19
2020/08/29 15:58:59.556,-13,-25,-44,52,22
2020/08/29 15:58:59.587,-13,-25,-44,52,20
2020/08/29 15:58:59.619,-13,-25,-44,52,29
2020/08/29 15:58:59.652,-13,-25,-44,52,10
2020/08/29 15:58:59.689,-13,-25,-44,52,27
2020/08/29 15:58:59.724,-13,-25,-44,52,27
2020/08/29 15:58:59.765,-13,-25,-44,52,10
2020/08/29 15:58:59.805,-13,-25,-44,52,28
2020/08/29 15:58:59.844,-13,-25,-44,52,20
2020/08/29 15:58:59.885,-13,-25,-44,52,12
2020/08/29 15:58:59.929,-13,-25,-44,52,31
2020/08/29 15:58:59.966,-13,-25,-44,52,20
2020/08/29 15:59:00.001,-13,-25,-44,52,22
2020/08/29 15:59:00.037,-13,-25,-44,52,32
2020/08/29 15:59:00.070,-13,-25,-44,52,27
2020/08/29 15:59:00.105,-13,-25,-44,52,16
2020/08/29 15:59:00.144,-13,-25,-44,52,13
2020/08/29 15:59:00.215,-13,-25,-44,52,33
2020/08/29 15:59:00.248,-13,-25,-44,52,31
2020/08/29 15:59:00.280,-13,-25,-44,52,11
2020/08/29 15:59:00.314,-13,-25,-44,52,9
2020/08/29 15:59:00.354,-13,-25,-44,52,13
2020/08/29 15:59:00.396,-13,-25,-44,52,12
2020/08/29 15:59:00.443,-13,-25,-44,52,18
2020/08/29 15:59:00.489,-13,-25,-44,52,25
2020/08/29 15:59:00.525,-13,-25,-44,52,25
2020/08/29 15:59:00.564,-13,-25,-44,52,22
2020/08/29 15:59:00.604,-13,-25,-44,52,19
2020/08/29 15:59:00.644,-13,-25,-44,52,11
2020/08/29 15:59:00.683,-13,-25,-44,52,24
2020/08/29 15:59:00.720,-13,-25,-44,52,22
2020/08/29 15:59:00.756,-13,-25,-44,52,30
2020/08/29 15:59:00.793,-13,-25,-44,52,35
2020/08/29 15:59:00.825,-13,-25,-44,52,21
2020/08/29 15:59:00.861,-13,-25,-44,52,18
2020/08/29 15:59:00.902,-13,-25,-44,52,15
2020/08/29 15:59:00.938,-13,-25,-44,52,27
2020/08/29 15:59:00.972,-13,-25,-44,52,21
2020/08/29 15:59:01.005,-13,-25,-44,52,26
2020/08/29 15:59:01.037,-13,-25,-44,52,28
2020/08/29 15:59:01.069,-13,-25,-44,52,34
2020/08/29 15:59:01.099,-13,-25,-44,52,37
2020/08/29 15:59:01.131,-13,-25,-44,52,37
2020/08/29 15:59:01.164,-13,-25,-44,52,25
2020/08/29 15:59:01.195,-13,-25,-44,52,23
2020/08/29 15:59:01.237,-13,-25,-44,52,42
2020/08/29 15:59:01.277,-13,-25,-44,52,83
2020/08/29 15:59:01.308,-13,-25,-44,52,58
2020/08/29 15:59:01.338,-13,-25,-44,52,30
2020/08/29 15:59:01.368,-13,-25,-44,52,19
2020/08/29 15:59:01.399,-13,-25,-44,52,20
2020/08/29 15:59:01.434,-13,-25,-44,52,15
2020/08/29 15:59:01.464,-13,-25,-44,52,19
2020/08/29 15:59:01.495,-13,-25,-44,52,15
2020/08/29 15:59:01.525,-13,-25,-44,52,14
2020/08/29 15:59:01.555,-13,-25,-44,52,22
2020/08/29 15:59:01.586,-13,-25,-44,52,16
2020/08/29 15:59:01.616,-13,-25,-44,52,21
2020/08/29 15:59:01.647,-13,-25,-44,52,18
2020/08/29 15:59:01.678,-13,-25,-44,52,20
2020/08/29 15:59:01.711,-13,-25,-44,52,15
2020/08/29 15:59:01.742,-13,-25,-44,52,8
2020/08/29 15:59:01.778,-13,-25,-44,52,18
2020/08/29 15:59:01.814,-13,-25,-44,52,21
2020/08/29 15:59:01.849,-13,-25,-44,52,14
2020/08/29 15:59:01.884,-13,-25,-44,52,7
2020/08/29 15:59:01.920,-13,-25,-44,52,4
2020/08/29 15:59:01.958,-13,-25,-44,52,7
2020/08/29 15:59:02.011,-13,-25,-44,52,10
2020/08/29 15:59:02.053,-13,-25,-44,52,27
2020/08/29 15:59:02.092,-13,-25,-44,52,18
2020/08/29 15:59:02.131,-13,-25,-44,52,10
2020/08/29 15:59:02.170,-13,-25,-44,52,8
2020/08/29 15:59:02.205,-13,-25,-44,52,8
2020/08/29 15:59:02.240,-13,-25,-44,52,7
2020/08/29 15:59:02.274,-13,-25,-44,52,9
2020/08/29 15:59:02.324,-13,-25,-44,52,10
2020/08/29 15:59:02.373,-13,-25,-44,52,9
2020/08/29 15:59:02.409,-13,-25,-44,52,9
2020/08/29 15:59:02.443,-13,-25,-44,52,14
2020/08/29 15:59:02.492,-13,-25,-44,52,13
2020/08/29 15:59:02.530,-13,-25,-44,52,20
2020/08/29 15:59:02.564,-13,-25,-44,52,23
2020/08/29 15:59:02.599,-13,-25,-44,52,13
2020/08/29 15:59:02.634,-13,-25,-44,52,44
2020/08/29 15:59:02.667,-13,-25,-44,52,39
2020/08/29 15:59:02.705,-13,-25,-44,52,10
2020/08/29 15:59:02.741,-13,-25,-44,52,17
2020/08/29 15:59:02.777,-13,-25,-44,52,34
2020/08/29 15:59:02.808,-13,-25,-44,52,22
2020/08/29 15:59:02.838,-13,-25,-44,52,22
2020/08/29 15:59:02.869,-13,-25,-44,52,4
2020/08/29 15:59:02.914,-13,-25,-44,52,4
2020/08/29 15:59:02.948,-13,-25,-44,52,12
2020/08/29 15:59:02.983,-13,-25,-44,52,7
2020/08/29 15:59:03.018,-13,-25,-44,52,6
2020/08/29 15:59:03.053,-13,-25,-44,52,11
2020/08/29 15:59:03.103,-13,-25,-44,52,7
2020/08/29 15:59:03.143,-13,-25,-44,52,18
2020/08/29 15:59:03.185,-13,-25,-44,52,9
2020/08/29 15:59:03.220,-13,-25,-44,52,16
2020/08/29 15:59:03.256,-13,-25,-44,52,21
2020/08/29 15:59:03.295,-13,-25,-44,52,27
2020/08/29 15:59:03.331,-13,-25,-44,52,17
2020/08/29 15:59:03.371,-13,-25,-44,52,42
2020/08/29 15:59:03.401,-13,-25,-44,52,35
2020/08/29 15:59:03.435,-13,-25,-44,52,34
2020/08/29 15:59:03.467,-13,-25,-44,52,53
2020/08/29 15:59:03.501,-13,-25,-44,52,60
2020/08/29 15:59:03.535,-13,-25,-44,52,40
2020/08/29 15:59:03.565,-13,-25,-44,52,19
2020/08/29 15:59:03.603,-13,-25,-44,52,32
2020/08/29 15:59:03.634,-13,-25,-44,52,15
2020/08/29 15:59:03.665,-13,-25,-44,52,22
2020/08/29 15:59:03.695,-13,-25,-44,52,16
2020/08/29 15:59:03.725,-13,-25,-44,52,16
2020/08/29 15:59:03.757,-13,-25,-44,52,26
2020/08/29 15:59:03.790,-13,-25,-44,52,28
2020/08/29 15:59:03.821,-13,-25,-44,52,14
2020/08/29 15:59:03.852,-13,-25,-44,52,13
2020/08/29 15:59:03.885,-13,-25,-44,52,23
2020/08/29 15:59:03.925,-13,-25,-44,52,27
2020/08/29 15:59:03.968,-13,-25,-44,52,13
2020/08/29 15:59:04.002,-13,-25,-44,52,18
2020/08/29 15:59:04.036,-13,-25,-44,52,23
2020/08/29 15:59:04.071,-13,-25,-44,52,18
2020/08/29 15:59:04.110,-13,-25,-44,52,6
2020/08/29 15:59:04.155,-13,-25,-44,52,19
2020/08/29 15:59:04.189,-13,-25,-44,52,8
2020/08/29 15:59:04.223,-13,-25,-44,52,11
2020/08/29 15:59:04.257,-13,-25,-44,52,9
2020/08/29 15:59:04.291,-13,-25,-44,52,23
2020/08/29 15:59:04.325,-13,-25,-44,52,2
2020/08/29 15:59:04.360,-13,-25,-44,52,8
2020/08/29 15:59:04.396,-13,-25,-44,52,13
2020/08/29 15:59:04.434,-13,-25,-44,52,9
2020/08/29 15:59:04.473,-13,-25,-44,52,6
2020/08/29 15:59:04.514,-13,-25,-44,52,25
2020/08/29 15:59:04.548,-13,-25,-44,52,12
2020/08/29 15:59:04.585,-13,-25,-44,52,9
2020/08/29 15:59:04.630,-13,-25,-44,52,40
2020/08/29 15:59:04.663,-13,-25,-44,52,35
2020/08/29 15:59:04.699,-13,-25,-44,52,29
2020/08/29 15:59:04.734,-13,-25,-44,52,42
2020/08/29 15:59:04.768,-13,-25,-44,52,19
2020/08/29 15:59:04.799,-13,-25,-44,52,40
2020/08/29 15:59:04.829,-13,-25,-44,52,16
2020/08/29 15:59:04.859,-13,-25,-44,52,22
2020/08/29 15:59:04.889,-13,-25,-44,52,12
2020/08/29 15:59:04.919,-13,-25,-44,52,19
2020/08/29 15:59:04.953,-13,-25,-44,52,25
2020/08/29 15:59:04.991,-13,-25,-44,52,61
2020/08/29 15:59:05.028,-13,-25,-44,52,65
2020/08/29 15:59:05.060,-13,-25,-44,52,36
2020/08/29 15:59:05.090,-13,-25,-44,52,19
2020/08/29 15:59:05.130,-13,-25,-44,52,33
2020/08/29 15:59:05.163,-13,-25,-44,52,15
2020/08/29 15:59:05.194,-13,-25,-44,52,22
2020/08/29 15:59:05.223,-13,-25,-44,52,20
2020/08/29 15:59:05.253,-13,-25,-44,52,16
2020/08/29 15:59:05.284,-13,-25,-44,52,25
2020/08/29 15:59:05.319,-13,-25,-44,52,36
2020/08/29 15:59:05.350,-13,-25,-44,52,31
2020/08/29 15:59:05.383,-13,-25,-44,52,37
2020/08/29 15:59:05.418,-13,-25,-44,52,53
2020/08/29 15:59:05.449,-13,-25,-44,52,29
2020/08/29 15:59:05.481,-13,-25,-44,52,40
2020/08/29 15:59:05.510,-13,-25,-44,52,12
2020/08/29 15:59:05.549,-13,-25,-44,52,8
2020/08/29 15:59:05.585,-13,-25,-44,52,21
2020/08/29 15:59:05.619,-13,-25,-44,52,9
2020/08/29 15:59:05.657,-13,-25,-44,52,10
2020/08/29 15:59:05.708,-13,-25,-44,52,12
2020/08/29 15:59:05.743,-13,-25,-44,52,13
2020/08/29 15:59:05.777,-13,-25,-44,52,12
2020/08/29 15:59:05.816,-13,-25,-44,52,8
2020/08/29 15:59:05.854,-13,-25,-44,52,6
2020/08/29 15:59:05.893,-13,-25,-44,52,7
2020/08/29 15:59:05.932,-13,-25,-44,52,11
2020/08/29 15:59:05.973,-13,-25,-44,52,13
2020/08/29 15:59:06.025,-13,-25,-44,52,63
2020/08/29 15:59:06.061,-13,-25,-44,52,34
2020/08/29 15:59:06.097,-13,-25,-44,52,34
2020/08/29 15:59:06.127,-13,-25,-44,52,27
2020/08/29 15:59:06.161,-13,-25,-44,52,0
2020/08/29 15:59:06.200,-13,-25,-44,52,55
2020/08/29 15:59:06.234,-13,-25,-44,52,61
2020/08/29 15:59:06.266,-13,-25,-44,52,22
2020/08/29 15:59:06.300,-13,-25,-44,52,61
2020/08/29 15:59:06.331,-13,-25,-44,52,16
2020/08/29 15:59:06.365,-13,-25,-44,52,20
2020/08/29 15:59:06.398,-13,-25,-44,52,63
2020/08/29 15:59:06.430,-13,-25,-44,52,36
2020/08/29 15:59:06.459,-13,-25,-44,52,16
2020/08/29 15:59:06.490,-13,-25,-44,52,22
2020/08/29 15:59:06.520,-13,-25,-44,52,36
2020/08/29 15:59:06.551,-13,-25,-44,52,18
2020/08/29 15:59:06.581,-13,-25,-44,52,16
2020/08/29 15:59:06.621,-13,-25,-44,52,37
2020/08/29 15:59:06.651,-13,-25,-44,52,28
2020/08/29 15:59:06.682,-13,-25,-44,52,31
2020/08/29 15:59:06.715,-13,-25,-44,52,20
2020/08/29 15:59:06.747,-13,-25,-44,52,26
2020/08/29 15:59:06.780,-13,-25,-44,52,40
2020/08/29 15:59:06.812,-13,-25,-44,52,29
2020/08/29 15:59:06.851,-13,-25,-44,52,29
2020/08/29 15:59:06.888,-13,-25,-44,52,42
2020/08/29 15:59:06.934,-13,-25,-44,52,8
2020/08/29 15:59:06.970,-13,-25,-44,52,18
2020/08/29 15:59:07.004,-13,-25,-44,52,17
2020/08/29 15:59:07.048,-13,-25,-44,52,7
2020/08/29 15:59:07.086,-13,-25,-44,52,11
2020/08/29 15:59:07.120,-13,-25,-44,52,9
2020/08/29 15:59:07.157,-13,-25,-44,52,9
2020/08/29 15:59:07.209,-13,-25,-44,52,10
2020/08/29 15:59:07.246,-13,-25,-44,52,11
2020/08/29 15:59:07.293,-13,-25,-44,52,17
2020/08/29 15:59:07.332,-13,-25,-44,52,23
2020/08/29 15:59:07.369,-13,-25,-44,52,26
2020/08/29 15:59:07.409,-13,-25,-44,52,25
2020/08/29 15:59:07.452,-13,-25,-44,52,26
2020/08/29 15:59:07.489,-13,-25,-44,52,27
2020/08/29 15:59:07.537,-13,-25,-44,52,17
2020/08/29 15:59:07.571,-13,-25,-44,52,20
2020/08/29 15:59:07.614,-13,-25,-44,52,7
2020/08/29 15:59:07.649,-13,-25,-44,52,12
2020/08/29 15:59:07.684,-13,-25,-44,52,15
2020/08/29 15:59:07.718,-13,-25,-44,52,7
2020/08/29 15:59:07.758,-13,-25,-44,52,9
2020/08/29 15:59:07.809,-13,-25,-44,52,11
2020/08/29 15:59:07.844,-13,-25,-44,52,13
2020/08/29 15:59:07.887,-13,-25,-44,52,18
2020/08/29 15:59:07.934,-13,-25,-44,52,22
2020/08/29 15:59:07.970,-13,-25,-44,52,15
2020/08/29 15:59:08.007,-13,-25,-44,52,19
2020/08/29 15:59:08.055,-13,-25,-44,52,24
2020/08/29 15:59:08.090,-13,-25,-44,52,22
2020/08/29 15:59:08.126,-13,-25,-44,52,21
2020/08/29 15:59:08.173,-13,-25,-44,52,15
2020/08/29 15:59:08.207,-13,-25,-44,52,15
2020/08/29 15:59:08.245,-13,-25,-44,52,19
2020/08/29 15:59:08.292,-13,-25,-44,52,6
2020/08/29 15:59:08.331,-13,-25,-44,52,18
2020/08/29 15:59:08.363,-13,-25,-44,52,41
2020/08/29 15:59:08.397,-13,-25,-44,52,9
2020/08/29 15:59:08.435,-13,-25,-44,52,38
2020/08/29 15:59:08.472,-13,-25,-44,52,38
2020/08/29 15:59:08.505,-13,-25,-44,52,43
2020/08/29 15:59:08.537,-13,-25,-44,52,32
2020/08/29 15:59:08.567,-13,-25,-44,52,37
2020/08/29 15:59:08.597,-13,-25,-44,52,26
2020/08/29 15:59:08.631,-13,-25,-44,52,16
2020/08/29 15:59:08.664,-13,-25,-44,52,19
2020/08/29 15:59:08.700,-13,-25,-44,52,28
2020/08/29 15:59:08.732,-13,-25,-44,52,47
2020/08/29 15:59:08.764,-13,-25,-44,52,19
2020/08/29 15:59:08.796,-13,-25,-44,52,42
2020/08/29 15:59:08.830,-13,-25,-44,52,36
2020/08/29 15:59:08.860,-13,-25,-44,52,16
2020/08/29 15:59:08.890,-13,-25,-44,52,20
2020/08/29 15:59:08.921,-13,-25,-44,52,21
2020/08/29 15:59:08.950,-13,-25,-44,52,16
2020/08/29 15:59:08.982,-13,-25,-44,52,22
2020/08/29 15:59:09.015,-13,-25,-44,52,18
2020/08/29 15:59:09.053,-13,-25,-44,52,40
2020/08/29 15:59:09.089,-13,-25,-44,52,20
2020/08/29 15:59:09.134,-13,-25,-44,52,13
2020/08/29 15:59:09.170,-13,-25,-44,52,21
2020/08/29 15:59:09.202,-13,-25,-44,52,28
2020/08/29 15:59:09.236,-13,-25,-44,52,20
2020/08/29 15:59:09.268,-13,-25,-44,52,26
2020/08/29 15:59:09.302,-13,-25,-44,52,19
2020/08/29 15:59:09.333,-13,-25,-44,52,7
2020/08/29 15:59:09.382,-13,-25,-44,52,7
2020/08/29 15:59:09.431,-13,-25,-44,52,16
2020/08/29 15:59:09.466,-13,-25,-44,52,12
2020/08/29 15:59:09.501,-13,-25,-44,52,11
2020/08/29 15:59:09.536,-13,-25,-44,52,9
2020/08/29 15:59:09.586,-13,-25,-44,52,13
2020/08/29 15:59:09.622,-13,-25,-44,52,12
2020/08/29 15:59:09.655,-13,-25,-44,52,6
2020/08/29 15:59:09.695,-13,-25,-44,52,5
2020/08/29 15:59:09.733,-13,-25,-44,52,6
2020/08/29 15:59:09.772,-13,-25,-44,52,10
2020/08/29 15:59:09.842,-13,-25,-44,52,17
2020/08/29 15:59:09.881,-13,-25,-44,52,9
2020/08/29 15:59:09.919,-13,-25,-44,52,9
2020/08/29 15:59:09.964,-13,-25,-44,52,13
2020/08/29 15:59:10.005,-13,-25,-44,52,10
2020/08/29 15:59:10.044,-13,-25,-44,52,11
2020/08/29 15:59:10.082,-13,-25,-44,52,9
2020/08/29 15:59:10.121,-13,-25,-44,52,11
2020/08/29 15:59:10.159,-13,-25,-44,52,11
2020/08/29 15:59:10.200,-13,-25,-44,52,12
2020/08/29 15:59:10.239,-13,-25,-44,52,10
2020/08/29 15:59:10.278,-13,-25,-44,52,7
2020/08/29 15:59:10.327,-13,-25,-44,52,10
2020/08/29 15:59:10.362,-13,-25,-44,52,13
2020/08/29 15:59:10.396,-13,-25,-44,52,7
2020/08/29 15:59:10.434,-13,-25,-44,52,14
2020/08/29 15:59:10.473,-13,-25,-44,52,6
2020/08/29 15:59:10.512,-13,-25,-44,52,10
2020/08/29 15:59:10.551,-13,-25,-44,52,8
2020/08/29 15:59:10.592,-13,-25,-44,52,11
2020/08/29 15:59:10.640,-13,-25,-44,52,42
2020/08/29 15:59:10.680,-13,-25,-44,52,71
2020/08/29 15:59:10.713,-13,-25,-44,52,42
2020/08/29 15:59:10.745,-13,-25,-44,52,18
2020/08/29 15:59:10.777,-13,-25,-44,52,28
2020/08/29 15:59:10.811,-13,-25,-44,52,9
2020/08/29 15:59:10.845,-13,-25,-44,52,16
2020/08/29 15:59:10.884,-13,-25,-44,52,44
2020/08/29 15:59:10.918,-13,-25,-44,52,19
2020/08/29 15:59:10.953,-13,-25,-44,52,56
2020/08/29 15:59:10.987,-13,-25,-44,52,22
2020/08/29 15:59:11.021,-13,-25,-44,52,37
2020/08/29 15:59:11.052,-13,-25,-44,52,27
2020/08/29 15:59:11.098,-13,-25,-44,52,4
2020/08/29 15:59:11.148,-13,-25,-44,52,12
2020/08/29 15:59:11.182,-13,-25,-44,52,13
2020/08/29 15:59:11.216,-13,-25,-44,52,9
2020/08/29 15:59:11.255,-13,-25,-44,52,11
2020/08/29 15:59:11.304,-13,-25,-44,52,11
2020/08/29 15:59:11.342,-13,-25,-44,52,32
2020/08/29 15:59:11.381,-13,-25,-44,52,43
2020/08/29 15:59:11.414,-13,-25,-44,52,58
2020/08/29 15:59:11.448,-13,-25,-44,52,18
2020/08/29 15:59:11.488,-13,-25,-44,52,46
2020/08/29 15:59:11.522,-13,-25,-44,52,41
2020/08/29 15:59:11.553,-13,-25,-44,52,28
2020/08/29 15:59:11.586,-13,-25,-44,52,20
2020/08/29 15:59:11.618,-13,-25,-44,52,22
2020/08/29 15:59:11.649,-13,-25,-44,52,22
2020/08/29 15:59:11.679,-13,-25,-44,52,16
2020/08/29 15:59:11.710,-13,-25,-44,52,9
2020/08/29 15:59:11.745,-13,-25,-44,52,17
2020/08/29 15:59:11.779,-13,-25,-44,52,8
2020/08/29 15:59:11.818,-13,-25,-44,52,12
2020/08/29 15:59:11.859,-13,-25,-44,52,8
2020/08/29 15:59:11.898,-13,-25,-44,52,16
2020/08/29 15:59:11.941,-13,-25,-44,52,11
2020/08/29 15:59:11.991,-13,-25,-44,52,8
2020/08/29 15:59:12.025,-13,-25,-44,52,12
2020/08/29 15:59:12.060,-13,-25,-44,52,10
2020/08/29 15:59:12.094,-13,-25,-44,52,8
2020/08/29 15:59:12.144,-13,-25,-44,52,11
2020/08/29 15:59:12.193,-13,-25,-44,52,9
2020/08/29 15:59:12.227,-13,-25,-44,52,8
2020/08/29 15:59:12.262,-13,-25,-44,52,4
2020/08/29 15:59:12.297,-13,-25,-44,52,8
2020/08/29 15:59:12.336,-13,-25,-44,52,9
2020/08/29 15:59:12.387,-13,-25,-44,52,10
2020/08/29 15:59:12.427,-13,-25,-44,52,14
2020/08/29 15:59:12.472,-13,-25,-44,52,15
2020/08/29 15:59:12.512,-13,-25,-44,52,8
2020/08/29 15:59:12.555,-13,-25,-44,52,23
2020/08/29 15:59:12.595,-13,-25,-44,52,23
2020/08/29 15:59:12.634,-13,-25,-44,52,14
2020/08/29 15:59:12.712,-13,-25,-44,52,48
2020/08/29 15:59:12.748,-13,-25,-44,52,47
2020/08/29 15:59:12.786,-13,-25,-44,52,45
2020/08/29 15:59:12.820,-13,-25,-44,52,53
2020/08/29 15:59:12.855,-13,-25,-44,52,30
2020/08/29 15:59:12.892,-13,-25,-44,52,39
2020/08/29 15:59:12.928,-13,-25,-44,52,29
2020/08/29 15:59:12.962,-13,-25,-44,52,29
2020/08/29 15:59:12.997,-13,-25,-44,52,37
2020/08/29 15:59:13.028,-13,-25,-44,52,26
2020/08/29 15:59:13.060,-13,-25,-44,52,14
2020/08/29 15:59:13.097,-13,-25,-44,52,22
2020/08/29 15:59:13.130,-13,-25,-44,52,22
2020/08/29 15:59:13.161,-13,-25,-44,52,18
2020/08/29 15:59:13.196,-13,-25,-44,52,31
2020/08/29 15:59:13.232,-13,-25,-44,52,25
2020/08/29 15:59:13.267,-13,-25,-44,52,19
2020/08/29 15:59:13.314,-13,-25,-44,52,21
2020/08/29 15:59:13.352,-13,-25,-44,52,22
2020/08/29 15:59:13.389,-13,-25,-44,52,22
2020/08/29 15:59:13.425,-13,-25,-44,52,20
2020/08/29 15:59:13.471,-13,-25,-44,52,33
2020/08/29 15:59:13.502,-13,-25,-44,52,23
2020/08/29 15:59:13.544,-13,-25,-44,52,14
2020/08/29 15:59:13.579,-13,-25,-44,52,20
2020/08/29 15:59:13.617,-13,-25,-44,52,10
2020/08/29 15:59:13.656,-13,-25,-44,52,20
2020/08/29 15:59:13.695,-13,-25,-44,52,13
2020/08/29 15:59:13.738,-13,-25,-44,52,14
2020/08/29 15:59:13.780,-13,-25,-44,52,23
2020/08/29 15:59:13.822,-13,-25,-44,52,10
2020/08/29 15:59:13.857,-13,-25,-44,52,18
2020/08/29 15:59:13.898,-13,-25,-44,52,18
2020/08/29 15:59:13.944,-13,-25,-44,52,19
2020/08/29 15:59:13.980,-13,-25,-44,52,17
2020/08/29 15:59:14.021,-13,-25,-44,52,13
2020/08/29 15:59:14.056,-13,-25,-44,52,26
2020/08/29 15:59:14.088,-13,-25,-44,52,20
2020/08/29 15:59:14.134,-13,-25,-44,52,14
2020/08/29 15:59:14.168,-13,-25,-44,52,9
2020/08/29 15:59:14.203,-13,-25,-44,52,11
2020/08/29 15:59:14.237,-13,-25,-44,52,12
2020/08/29 15:59:14.275,-13,-25,-44,52,10
2020/08/29 15:59:14.314,-13,-25,-44,52,11
2020/08/29 15:59:14.353,-13,-25,-44,52,6
2020/08/29 15:59:14.396,-13,-25,-44,52,17
2020/08/29 15:59:14.437,-13,-25,-44,52,8
2020/08/29 15:59:14.476,-13,-25,-44,52,10
2020/08/29 15:59:14.517,-13,-25,-44,52,10
2020/08/29 15:59:14.557,-13,-25,-44,52,10
2020/08/29 15:59:14.612,-13,-25,-44,52,29
2020/08/29 15:59:14.642,-13,-25,-44,52,23
2020/08/29 15:59:14.676,-13,-25,-44,52,7
2020/08/29 15:59:14.718,-13,-25,-44,52,12
2020/08/29 15:59:14.759,-13,-25,-44,52,17
2020/08/29 15:59:14.801,-13,-25,-44,52,20
2020/08/29 15:59:14.838,-13,-25,-44,52,16
2020/08/29 15:59:14.876,-13,-25,-44,52,14
2020/08/29 15:59:14.926,-13,-25,-44,52,8
2020/08/29 15:59:14.960,-13,-25,-44,52,11
2020/08/29 15:59:14.995,-13,-25,-44,52,11
2020/08/29 15:59:15.046,-13,-25,-44,52,11
2020/08/29 15:59:15.081,-13,-25,-44,52,13
2020/08/29 15:59:15.115,-13,-25,-44,52,8
2020/08/29 15:59:15.164,-13,-25,-44,52,13
2020/08/29 15:59:15.212,-13,-25,-44,52,11
2020/08/29 15:59:15.247,-13,-25,-44,52,8
2020/08/29 15:59:15.282,-13,-25,-44,52,6
2020/08/29 15:59:15.316,-13,-25,-44,52,4
2020/08/29 15:59:15.372,-13,-25,-44,52,9
2020/08/29 15:59:15.424,-13,-25,-44,52,22
2020/08/29 15:59:15.465,-13,-25,-44,52,9
2020/08/29 15:59:15.500,-13,-25,-44,52,8
2020/08/29 15:59:15.535,-13,-25,-44,52,13
2020/08/29 15:59:15.583,-13,-25,-44,52,15
2020/08/29 15:59:15.634,-13,-25,-44,52,17
2020/08/29 15:59:15.672,-13,-25,-44,52,30
2020/08/29 15:59:15.705,-13,-25,-44,52,9
2020/08/29 15:59:15.748,-13,-25,-44,52,25
2020/08/29 15:59:15.787,-13,-25,-44,52,28
2020/08/29 15:59:15.830,-13,-25,-44,52,22
2020/08/29 15:59:15.867,-13,-25,-44,52,23
2020/08/29 15:59:15.908,-13,-25,-44,52,24
2020/08/29 15:59:15.946,-13,-25,-44,52,35
2020/08/29 15:59:15.990,-13,-25,-44,52,25
2020/08/29 15:59:16.027,-13,-25,-44,52,27
2020/08/29 15:59:16.064,-13,-25,-44,52,25
2020/08/29 15:59:16.114,-13,-25,-44,52,21
2020/08/29 15:59:16.159,-13,-25,-44,52,31
2020/08/29 15:59:16.193,-13,-25,-44,52,29
2020/08/29 15:59:16.224,-13,-25,-44,52,10
2020/08/29 15:59:16.258,-13,-25,-44,52,4
2020/08/29 15:59:16.297,-13,-25,-44,52,10
2020/08/29 15:59:16.337,-13,-25,-44,52,7
2020/08/29 15:59:16.377,-13,-25,-44,52,7
2020/08/29 15:59:16.427,-13,-25,-44,52,6
2020/08/29 15:59:16.463,-13,-25,-44,52,11
2020/08/29 15:59:16.500,-13,-25,-44,52,19
2020/08/29 15:59:16.536,-13,-25,-44,52,23
2020/08/29 15:59:16.574,-13,-25,-44,52,28
2020/08/29 15:59:16.609,-13,-25,-44,52,17
2020/08/29 15:59:16.644,-13,-25,-44,52,20
2020/08/29 15:59:16.680,-13,-25,-44,52,25
2020/08/29 15:59:16.718,-13,-25,-44,52,20
2020/08/29 15:59:16.765,-13,-25,-44,52,19
2020/08/29 15:59:16.801,-13,-25,-44,52,30
2020/08/29 15:59:16.834,-13,-25,-44,52,13
2020/08/29 15:59:16.885,-13,-25,-44,52,8
2020/08/29 15:59:16.920,-13,-25,-44,52,12
2020/08/29 15:59:16.954,-13,-25,-44,52,9
2020/08/29 15:59:17.003,-13,-25,-44,52,11
2020/08/29 15:59:17.052,-13,-25,-44,52,10
2020/08/29 15:59:17.086,-13,-25,-44,52,8
2020/08/29 15:59:17.120,-13,-25,-44,52,11
2020/08/29 15:59:17.157,-13,-25,-44,52,12
2020/08/29 15:59:17.192,-13,-25,-44,52,17
2020/08/29 15:59:17.241,-13,-25,-44,52,7
2020/08/29 15:59:17.290,-13,-25,-44,52,11
2020/08/29 15:59:17.324,-13,-25,-44,52,12
2020/08/29 15:59:17.359,-13,-25,-44,52,9
2020/08/29 15:59:17.397,-13,-25,-44,52,11
2020/08/29 15:59:17.450,-13,-25,-44,52,11
2020/08/29 15:59:17.486,-13,-25,-44,52,13
2020/08/29 15:59:17.526,-13,-25,-44,52,15
2020/08/29 15:59:17.563,-13,-25,-44,52,39
2020/08/29 15:59:17.611,-13,-25,-44,52,27
2020/08/29 15:59:17.649,-13,-25,-44,52,25
2020/08/29 15:59:17.688,-13,-25,-44,52,24
2020/08/29 15:59:17.730,-13,-25,-44,52,20
2020/08/29 15:59:17.770,-13,-25,-44,52,17
2020/08/29 15:59:17.817,-13,-25,-44,52,22
2020/08/29 15:59:17.855,-13,-25,-44,52,24
2020/08/29 15:59:17.894,-13,-25,-44,52,18
2020/08/29 15:59:17.930,-13,-25,-44,52,23
2020/08/29 15:59:17.966,-13,-25,-44,52,15
2020/08/29 15:59:18.014,-13,-25,-44,52,19
2020/08/29 15:59:18.076,-13,-25,-44,52,32
2020/08/29 15:59:18.107,-13,-25,-44,52,12
2020/08/29 15:59:18.148,-13,-25,-44,52,20
2020/08/29 15:59:18.183,-13,-25,-44,52,12
2020/08/29 15:59:18.218,-13,-25,-44,52,9
2020/08/29 15:59:18.260,-13,-25,-44,52,7
2020/08/29 15:59:18.298,-13,-25,-44,52,10
2020/08/29 15:59:18.349,-13,-25,-44,52,13
2020/08/29 15:59:18.385,-13,-25,-44,52,11
2020/08/29 15:59:18.420,-13,-25,-44,52,7
2020/08/29 15:59:18.454,-13,-25,-44,52,12
2020/08/29 15:59:18.493,-13,-25,-44,52,15
2020/08/29 15:59:18.533,-13,-25,-44,52,16
2020/08/29 15:59:18.570,-13,-25,-44,52,12
2020/08/29 15:59:18.630,-13,-25,-44,52,21
2020/08/29 15:59:18.670,-13,-25,-44,52,15
2020/08/29 15:59:18.705,-13,-25,-44,52,35
2020/08/29 15:59:18.743,-13,-25,-44,52,40
2020/08/29 15:59:18.775,-13,-25,-44,52,15
2020/08/29 15:59:18.812,-13,-25,-44,52,22
2020/08/29 15:59:18.848,-13,-25,-44,52,45
2020/08/29 15:59:18.881,-13,-25,-44,52,27
2020/08/29 15:59:18.922,-13,-25,-44,52,56
2020/08/29 15:59:18.954,-13,-25,-44,52,60
2020/08/29 15:59:18.984,-13,-25,-44,52,40
2020/08/29 15:59:19.016,-13,-25,-44,52,21
2020/08/29 15:59:19.047,-13,-25,-44,52,30
2020/08/29 15:59:19.086,-13,-25,-44,52,32
2020/08/29 15:59:19.117,-13,-25,-44,52,63
2020/08/29 15:59:19.163,-13,-25,-44,52,55
2020/08/29 15:59:19.199,-13,-25,-44,52,70
2020/08/29 15:59:19.236,-13,-25,-44,52,59
2020/08/29 15:59:19.281,-13,-25,-44,52,62
2020/08/29 15:59:19.314,-13,-25,-44,52,46
2020/08/29 15:59:19.344,-13,-25,-44,52,26
2020/08/29 15:59:19.377,-13,-25,-44,52,25
2020/08/29 15:59:19.414,-13,-25,-44,52,23
2020/08/29 15:59:19.446,-13,-25,-44,52,21
2020/08/29 15:59:19.477,-13,-25,-44,52,19
2020/08/29 15:59:19.508,-13,-25,-44,52,26
2020/08/29 15:59:19.540,-13,-25,-44,52,23
2020/08/29 15:59:19.572,-13,-25,-44,52,16
2020/08/29 15:59:19.613,-13,-25,-44,52,16
2020/08/29 15:59:19.646,-13,-25,-44,52,40
2020/08/29 15:59:19.681,-13,-25,-44,52,28
2020/08/29 15:59:19.713,-13,-25,-44,52,12
2020/08/29 15:59:19.746,-13,-25,-44,52,20
2020/08/29 15:59:19.787,-13,-25,-44,52,25
2020/08/29 15:59:19.827,-13,-25,-44,52,23
2020/08/29 15:59:19.860,-13,-25,-44,52,22
2020/08/29 15:59:19.893,-13,-25,-44,52,28
2020/08/29 15:59:19.927,-13,-25,-44,52,26
2020/08/29 15:59:19.960,-13,-25,-44,52,21
2020/08/29 15:59:19.996,-13,-25,-44,52,25
2020/08/29 15:59:20.041,-13,-25,-44,52,30
2020/08/29 15:59:20.079,-13,-25,-44,52,23
2020/08/29 15:59:20.116,-13,-25,-44,52,23
2020/08/29 15:59:20.166,-13,-25,-44,52,29
2020/08/29 15:59:20.209,-13,-25,-44,52,29
2020/08/29 15:59:20.247,-13,-25,-44,52,17
2020/08/29 15:59:20.285,-13,-25,-44,52,21
2020/08/29 15:59:20.336,-13,-25,-44,52,22
2020/08/29 15:59:20.372,-13,-25,-44,52,31
2020/08/29 15:59:20.415,-13,-25,-44,52,15
2020/08/29 15:59:20.450,-13,-25,-44,52,24
2020/08/29 15:59:20.486,-13,-25,-44,52,13
2020/08/29 15:59:20.533,-13,-25,-44,52,26
2020/08/29 15:59:20.572,-13,-25,-44,52,25
2020/08/29 15:59:20.613,-13,-25,-44,52,32
2020/08/29 15:59:20.653,-13,-25,-44,52,37
2020/08/29 15:59:20.692,-13,-25,-44,52,22
2020/08/29 15:59:20.730,-13,-25,-44,52,28
2020/08/29 15:59:20.771,-13,-25,-44,52,35
2020/08/29 15:59:20.810,-13,-25,-44,52,31
2020/08/29 15:59:20.843,-13,-25,-44,52,27
2020/08/29 15:59:20.875,-13,-25,-44,52,25
2020/08/29 15:59:20.915,-13,-25,-44,52,6
2020/08/29 15:59:20.955,-13,-25,-44,52,15
2020/08/29 15:59:20.995,-13,-25,-44,52,15
2020/08/29 15:59:21.035,-13,-25,-44,52,5
2020/08/29 15:59:21.081,-13,-25,-44,52,25
2020/08/29 15:59:21.124,-13,-25,-44,52,20
2020/08/29 15:59:21.166,-13,-25,-44,52,22
2020/08/29 15:59:21.204,-13,-25,-44,52,21
2020/08/29 15:59:21.248,-13,-25,-44,52,24
2020/08/29 15:59:21.285,-13,-25,-44,52,18
2020/08/29 15:59:21.332,-13,-25,-44,52,17
2020/08/29 15:59:21.380,-13,-25,-44,52,23
2020/08/29 15:59:21.419,-13,-25,-44,52,34
2020/08/29 15:59:21.455,-13,-25,-44,52,23
2020/08/29 15:59:21.498,-13,-25,-44,52,18
2020/08/29 15:59:21.548,-13,-25,-44,52,15
2020/08/29 15:59:21.586,-13,-25,-44,52,28
2020/08/29 15:59:21.634,-13,-25,-44,52,23
2020/08/29 15:59:21.672,-13,-25,-44,52,24
2020/08/29 15:59:21.710,-13,-25,-44,52,25
2020/08/29 15:59:21.743,-13,-25,-44,52,24
2020/08/29 15:59:21.778,-13,-25,-44,52,19
2020/08/29 15:59:21.814,-13,-25,-44,52,16
2020/08/29 15:59:21.862,-13,-25,-44,52,35
2020/08/29 15:59:21.898,-13,-25,-44,52,64
2020/08/29 15:59:21.932,-13,-25,-44,52,52
2020/08/29 15:59:21.963,-13,-25,-44,52,23
2020/08/29 15:59:21.996,-13,-25,-44,52,4
2020/08/29 15:59:22.034,-13,-25,-44,52,9
2020/08/29 15:59:22.074,-13,-25,-44,52,9
2020/08/29 15:59:22.115,-13,-25,-44,52,12
2020/08/29 15:59:22.155,-13,-25,-44,52,18
2020/08/29 15:59:22.194,-13,-25,-44,52,12
2020/08/29 15:59:22.233,-13,-25,-44,52,7
2020/08/29 15:59:22.272,-13,-25,-44,52,8
2020/08/29 15:59:22.310,-13,-25,-44,52,8
2020/08/29 15:59:22.351,-13,-25,-44,52,5
2020/08/29 15:59:22.391,-13,-25,-44,52,10
2020/08/29 15:59:22.431,-13,-25,-44,52,14
2020/08/29 15:59:22.466,-13,-25,-44,52,12
2020/08/29 15:59:22.500,-13,-25,-44,52,12
2020/08/29 15:59:22.535,-13,-25,-44,52,9
2020/08/29 15:59:22.575,-13,-25,-44,52,14
2020/08/29 15:59:22.615,-13,-25,-44,52,4
2020/08/29 15:59:22.655,-13,-25,-44,52,20
2020/08/29 15:59:22.695,-13,-25,-44,52,18
2020/08/29 15:59:22.734,-13,-25,-44,52,12
2020/08/29 15:59:22.777,-13,-25,-44,52,24
2020/08/29 15:59:22.823,-13,-25,-44,52,15
2020/08/29 15:59:22.875,-13,-25,-44,52,37
2020/08/29 15:59:22.911,-13,-25,-44,52,31
2020/08/29 15:59:22.948,-13,-25,-44,52,22
2020/08/29 15:59:23.001,-13,-25,-44,52,21
2020/08/29 15:59:23.038,-13,-25,-44,52,28
2020/08/29 15:59:23.076,-13,-25,-44,52,17
2020/08/29 15:59:23.111,-13,-25,-44,52,27
2020/08/29 15:59:23.145,-13,-25,-44,52,42
2020/08/29 15:59:23.178,-13,-25,-44,52,35
2020/08/29 15:59:23.212,-13,-25,-44,52,17
2020/08/29 15:59:23.243,-13,-25,-44,52,36
2020/08/29 15:59:23.275,-13,-25,-44,52,22
2020/08/29 15:59:23.306,-13,-25,-44,52,13
2020/08/29 15:59:23.338,-13,-25,-44,52,14
2020/08/29 15:59:23.373,-13,-25,-44,52,16
2020/08/29 15:59:23.411,-13,-25,-44,52,12
2020/08/29 15:59:23.452,-13,-25,-44,52,28
2020/08/29 15:59:23.491,-13,-25,-44,52,18
2020/08/29 15:59:23.536,-13,-25,-44,52,17
2020/08/29 15:59:23.578,-13,-25,-44,52,18
2020/08/29 15:59:23.625,-13,-25,-44,52,8
2020/08/29 15:59:23.662,-13,-25,-44,52,26
2020/08/29 15:59:23.699,-13,-25,-44,52,16
2020/08/29 15:59:23.736,-13,-25,-44,52,24
2020/08/29 15:59:23.778,-13,-25,-44,52,15
2020/08/29 15:59:23.819,-13,-25,-44,52,16
2020/08/29 15:59:23.863,-13,-25,-44,52,11
2020/08/29 15:59:23.904,-13,-25,-44,52,16
2020/08/29 15:59:23.940,-13,-25,-44,52,13
2020/08/29 15:59:23.977,-13,-25,-44,52,17
2020/08/29 15:59:24.018,-13,-25,-44,52,11
2020/08/29 15:59:24.059,-13,-25,-44,52,27
2020/08/29 15:59:24.093,-13,-25,-44,52,21
2020/08/29 15:59:24.142,-13,-25,-44,52,9
2020/08/29 15:59:24.192,-13,-25,-44,52,25
2020/08/29 15:59:24.227,-13,-25,-44,52,16
2020/08/29 15:59:24.263,-13,-25,-44,52,11
2020/08/29 15:59:24.297,-13,-25,-44,52,16
2020/08/29 15:59:24.337,-13,-25,-44,52,12
2020/08/29 15:59:24.375,-13,-25,-44,52,10
2020/08/29 15:59:24.414,-13,-25,-44,52,8
2020/08/29 15:59:24.454,-13,-25,-44,52,10
2020/08/29 15:59:24.493,-13,-25,-44,52,8
2020/08/29 15:59:24.533,-13,-25,-44,52,11
2020/08/29 15:59:24.564,-13,-25,-44,52,22
2020/08/29 15:59:24.603,-13,-25,-44,52,10
2020/08/29 15:59:24.637,-13,-25,-44,52,9
2020/08/29 15:59:24.676,-13,-25,-44,52,11
2020/08/29 15:59:24.716,-13,-25,-44,52,8
2020/08/29 15:59:24.755,-13,-25,-44,52,12
2020/08/29 15:59:24.801,-13,-25,-44,52,10
2020/08/29 15:59:24.851,-13,-25,-44,52,7
2020/08/29 15:59:24.885,-13,-25,-44,52,12
2020/08/29 15:59:24.920,-13,-25,-44,52,9
2020/08/29 15:59:24.964,-13,-25,-44,52,8
2020/08/29 15:59:25.003,-13,-25,-44,52,12
2020/08/29 15:59:25.042,-13,-25,-44,52,5
2020/08/29 15:59:25.081,-13,-25,-44,52,9
2020/08/29 15:59:25.120,-13,-25,-44,52,16
2020/08/29 15:59:25.179,-13,-25,-44,52,15
2020/08/29 15:59:25.211,-13,-25,-44,52,24
2020/08/29 15:59:25.246,-13,-25,-44,52,33
2020/08/29 15:59:25.276,-13,-25,-44,52,39
2020/08/29 15:59:25.307,-13,-25,-44,52,43
2020/08/29 15:59:25.337,-13,-25,-44,52,11
2020/08/29 15:59:25.367,-13,-25,-44,52,16
2020/08/29 15:59:25.397,-13,-25,-44,52,16
2020/08/29 15:59:25.432,-13,-25,-44,52,21
2020/08/29 15:59:25.464,-13,-25,-44,52,26
2020/08/29 15:59:25.494,-13,-25,-44,52,26
2020/08/29 15:59:25.524,-13,-25,-44,52,11
2020/08/29 15:59:25.559,-13,-25,-44,52,13
2020/08/29 15:59:25.597,-13,-25,-44,52,10
2020/08/29 15:59:25.645,-13,-25,-44,52,11
2020/08/29 15:59:25.683,-13,-25,-44,52,11
2020/08/29 15:59:25.717,-13,-25,-44,52,12
2020/08/29 15:59:25.756,-13,-25,-44,52,10
2020/08/29 15:59:25.814,-13,-25,-44,52,16
2020/08/29 15:59:25.855,-13,-25,-44,52,39
2020/08/29 15:59:25.892,-13,-25,-44,52,41
2020/08/29 15:59:25.924,-13,-25,-44,52,22
2020/08/29 15:59:25.955,-13,-25,-44,52,20
2020/08/29 15:59:25.988,-13,-25,-44,52,29
2020/08/29 15:59:26.020,-13,-25,-44,52,25
2020/08/29 15:59:26.052,-13,-25,-44,52,22
2020/08/29 15:59:26.085,-13,-25,-44,52,16
2020/08/29 15:59:26.120,-13,-25,-44,52,8
2020/08/29 15:59:26.156,-13,-25,-44,52,22
2020/08/29 15:59:26.204,-13,-25,-44,52,24
2020/08/29 15:59:26.238,-13,-25,-44,52,10
2020/08/29 15:59:26.277,-13,-25,-44,52,27
2020/08/29 15:59:26.320,-13,-25,-44,52,18
2020/08/29 15:59:26.355,-13,-25,-44,52,35
2020/08/29 15:59:26.388,-13,-25,-44,52,15
2020/08/29 15:59:26.423,-13,-25,-44,52,34
2020/08/29 15:59:26.461,-13,-25,-44,52,7
2020/08/29 15:59:26.500,-13,-25,-44,52,21
2020/08/29 15:59:26.552,-13,-25,-44,52,20
2020/08/29 15:59:26.587,-13,-25,-44,52,21
2020/08/29 15:59:26.622,-13,-25,-44,52,14
2020/08/29 15:59:26.657,-13,-25,-44,52,11
2020/08/29 15:59:26.696,-13,-25,-44,52,20
2020/08/29 15:59:26.736,-13,-25,-44,52,15
2020/08/29 15:59:26.779,-13,-25,-44,52,18
2020/08/29 15:59:26.832,-13,-25,-44,52,13
2020/08/29 15:59:26.869,-13,-25,-44,52,17
2020/08/29 15:59:26.916,-13,-25,-44,52,26
2020/08/29 15:59:26.955,-13,-25,-44,52,21
2020/08/29 15:59:26.995,-13,-25,-44,52,19
2020/08/29 15:59:27.033,-13,-25,-44,52,17
2020/08/29 15:59:27.071,-13,-25,-44,52,16
2020/08/29 15:59:27.116,-13,-25,-44,52,23
2020/08/29 15:59:27.153,-13,-25,-44,52,23
2020/08/29 15:59:27.190,-13,-25,-44,52,12
2020/08/29 15:59:27.232,-13,-25,-44,52,16
2020/08/29 15:59:27.299,-13,-25,-44,52,24
2020/08/29 15:59:27.338,-13,-25,-44,52,20
2020/08/29 15:59:27.376,-13,-25,-44,52,18
2020/08/29 15:59:27.411,-13,-25,-44,52,7
2020/08/29 15:59:27.448,-13,-25,-44,52,23
2020/08/29 15:59:27.495,-13,-25,-44,52,16
2020/08/29 15:59:27.531,-13,-25,-44,52,28
2020/08/29 15:59:27.568,-13,-25,-44,52,15
2020/08/29 15:59:27.615,-13,-25,-44,52,18
2020/08/29 15:59:27.651,-13,-25,-44,52,22
2020/08/29 15:59:27.688,-13,-25,-44,52,20
2020/08/29 15:59:27.735,-13,-25,-44,52,11
2020/08/29 15:59:27.773,-13,-25,-44,52,15
2020/08/29 15:59:27.809,-13,-25,-44,52,8
2020/08/29 15:59:27.846,-13,-25,-44,52,19
2020/08/29 15:59:27.893,-13,-25,-44,52,17
2020/08/29 15:59:27.928,-13,-25,-44,52,26
2020/08/29 15:59:27.965,-13,-25,-44,52,9
2020/08/29 15:59:28.003,-13,-25,-44,52,23
2020/08/29 15:59:28.044,-13,-25,-44,52,15
2020/08/29 15:59:28.081,-13,-25,-44,52,18
2020/08/29 15:59:28.117,-13,-25,-44,52,13
2020/08/29 15:59:28.162,-13,-25,-44,52,22
2020/08/29 15:59:28.200,-13,-25,-44,52,22
2020/08/29 15:59:28.235,-13,-25,-44,52,27
2020/08/29 15:59:28.278,-13,-25,-44,52,11
2020/08/29 15:59:28.322,-13,-25,-44,52,19
2020/08/29 15:59:28.358,-13,-25,-44,52,31
2020/08/29 15:59:28.406,-13,-25,-44,52,26
2020/08/29 15:59:28.445,-13,-25,-44,52,36
2020/08/29 15:59:28.493,-13,-25,-44,52,22
2020/08/29 15:59:28.527,-13,-25,-44,52,11
2020/08/29 15:59:28.562,-13,-25,-44,52,16
2020/08/29 15:59:28.596,-13,-25,-44,52,15
2020/08/29 15:59:28.635,-13,-25,-44,52,11
2020/08/29 15:59:28.674,-13,-25,-44,52,7
2020/08/29 15:59:28.713,-13,-25,-44,52,16
2020/08/29 15:59:28.752,-13,-25,-44,52,21
2020/08/29 15:59:28.798,-13,-25,-44,52,17
2020/08/29 15:59:28.839,-13,-25,-44,52,37
2020/08/29 15:59:28.879,-13,-25,-44,52,26
2020/08/29 15:59:28.919,-13,-25,-44,52,19
2020/08/29 15:59:28.960,-13,-25,-44,52,20
2020/08/29 15:59:29.001,-13,-25,-44,52,28
2020/08/29 15:59:29.040,-13,-25,-44,52,18
2020/08/29 15:59:29.076,-13,-25,-44,52,20
2020/08/29 15:59:29.116,-13,-25,-44,52,13
2020/08/29 15:59:29.157,-13,-25,-44,52,15
2020/08/29 15:59:29.199,-13,-25,-44,52,20
2020/08/29 15:59:29.239,-13,-25,-44,52,23
2020/08/29 15:59:29.280,-13,-25,-44,52,18
2020/08/29 15:59:29.321,-13,-25,-44,52,18
2020/08/29 15:59:29.358,-13,-25,-44,52,19
2020/08/29 15:59:29.397,-13,-25,-44,52,19
2020/08/29 15:59:29.437,-13,-25,-44,52,21
2020/08/29 15:59:29.490,-13,-25,-44,52,25
2020/08/29 15:59:29.522,-13,-25,-44,52,15
2020/08/29 15:59:29.554,-13,-25,-44,52,8
2020/08/29 15:59:29.595,-13,-25,-44,52,12
2020/08/29 15:59:29.635,-13,-25,-44,52,26
2020/08/29 15:59:29.676,-13,-25,-44,52,18
2020/08/29 15:59:29.714,-13,-25,-44,52,13
2020/08/29 15:59:29.753,-13,-25,-44,52,10
2020/08/29 15:59:29.792,-13,-25,-44,52,10
2020/08/29 15:59:29.830,-13,-25,-44,52,6
2020/08/29 15:59:29.869,-13,-25,-44,52,11
2020/08/29 15:59:29.903,-13,-25,-44,52,10
2020/08/29 15:59:29.937,-13,-25,-44,52,9
2020/08/29 15:59:29.975,-13,-25,-44,52,11
2020/08/29 15:59:30.013,-13,-25,-44,52,10
2020/08/29 15:59:30.053,-13,-25,-44,52,4
2020/08/29 15:59:30.092,-13,-25,-44,52,7
2020/08/29 15:59:30.130,-13,-25,-44,52,9
2020/08/29 15:59:30.169,-13,-25,-44,52,11
2020/08/29 15:59:30.203,-13,-25,-44,52,10
2020/08/29 15:59:30.237,-13,-25,-44,52,9
2020/08/29 15:59:30.275,-13,-25,-44,52,10
2020/08/29 15:59:30.314,-13,-25,-44,52,10
2020/08/29 15:59:30.352,-13,-25,-44,52,6
2020/08/29 15:59:30.391,-13,-25,-44,52,11
2020/08/29 15:59:30.431,-13,-25,-44,52,12
2020/08/29 15:59:30.470,-13,-25,-44,52,14
2020/08/29 15:59:30.516,-13,-25,-44,52,13
2020/08/29 15:59:30.550,-13,-25,-44,52,21
2020/08/29 15:59:30.584,-13,-25,-44,52,7
2020/08/29 15:59:30.618,-13,-25,-44,52,8
2020/08/29 15:59:30.657,-13,-25,-44,52,9
2020/08/29 15:59:30.695,-13,-25,-44,52,12
2020/08/29 15:59:30.734,-13,-25,-44,52,11
2020/08/29 15:59:30.773,-13,-25,-44,52,6
2020/08/29 15:59:30.812,-13,-25,-44,52,14
2020/08/29 15:59:30.851,-13,-25,-44,52,11
2020/08/29 15:59:30.889,-13,-25,-44,52,10
2020/08/29 15:59:30.924,-13,-25,-44,52,10
2020/08/29 15:59:30.958,-13,-25,-44,52,9
2020/08/29 15:59:30.996,-13,-25,-44,52,6
2020/08/29 15:59:31.041,-13,-25,-44,52,11
2020/08/29 15:59:31.091,-13,-25,-44,52,9
2020/08/29 15:59:31.125,-13,-25,-44,52,10
2020/08/29 15:59:31.160,-13,-25,-44,52,6
2020/08/29 15:59:31.198,-13,-25,-44,52,9
2020/08/29 15:59:31.249,-13,-25,-44,52,8
2020/08/29 15:59:31.284,-13,-25,-44,52,13
2020/08/29 15:59:31.321,-13,-25,-44,52,6
2020/08/29 15:59:31.355,-13,-25,-44,52,12
2020/08/29 15:59:31.410,-13,-25,-44,52,13
2020/08/29 15:59:31.447,-13,-25,-44,52,19
2020/08/29 15:59:31.481,-13,-25,-44,52,6
2020/08/29 15:59:31.533,-13,-25,-44,52,17
2020/08/29 15:59:31.567,-13,-25,-44,52,12
2020/08/29 15:59:31.601,-13,-25,-44,52,11
2020/08/29 15:59:31.641,-13,-25,-44,52,16
2020/08/29 15:59:31.683,-13,-25,-44,52,27
2020/08/29 15:59:31.722,-13,-25,-44,52,40
2020/08/29 15:59:31.760,-13,-25,-44,52,28
2020/08/29 15:59:31.800,-13,-25,-44,52,31
2020/08/29 15:59:31.838,-13,-25,-44,52,28
2020/08/29 15:59:31.875,-13,-25,-44,52,52
2020/08/29 15:59:31.909,-13,-25,-44,52,15
2020/08/29 15:59:31.944,-13,-25,-44,52,17
2020/08/29 15:59:31.977,-13,-25,-44,52,13
2020/08/29 15:59:32.014,-13,-25,-44,52,11
2020/08/29 15:59:32.054,-13,-25,-44,52,9
2020/08/29 15:59:32.090,-13,-25,-44,52,11
2020/08/29 15:59:32.125,-13,-25,-44,52,18
2020/08/29 15:59:32.159,-13,-25,-44,52,7
2020/08/29 15:59:32.197,-13,-25,-44,52,11
2020/08/29 15:59:32.248,-13,-25,-44,52,11
2020/08/29 15:59:32.286,-13,-25,-44,52,9
2020/08/29 15:59:32.320,-13,-25,-44,52,11
2020/08/29 15:59:32.355,-13,-25,-44,52,8
2020/08/29 15:59:32.406,-13,-25,-44,52,13
2020/08/29 15:59:32.442,-13,-25,-44,52,14
2020/08/29 15:59:32.476,-13,-25,-44,52,5
2020/08/29 15:59:32.524,-13,-25,-44,52,12
2020/08/29 15:59:32.570,-13,-25,-44,52,16
2020/08/29 15:59:32.613,-13,-25,-44,52,12
2020/08/29 15:59:32.648,-13,-25,-44,52,8
2020/08/29 15:59:32.682,-13,-25,-44,52,13
2020/08/29 15:59:32.716,-13,-25,-44,52,8
2020/08/29 15:59:32.755,-13,-25,-44,52,11
2020/08/29 15:59:32.794,-13,-25,-44,52,7
2020/08/29 15:59:32.837,-13,-25,-44,52,20
2020/08/29 15:59:32.877,-13,-25,-44,52,27
2020/08/29 15:59:32.916,-13,-25,-44,52,24
2020/08/29 15:59:32.954,-13,-25,-44,52,23
2020/08/29 15:59:32.997,-13,-25,-44,52,28
2020/08/29 15:59:33.030,-13,-25,-44,52,52
2020/08/29 15:59:33.069,-13,-25,-44,52,11
2020/08/29 15:59:33.106,-13,-25,-44,52,23
2020/08/29 15:59:33.138,-13,-25,-44,52,20
2020/08/29 15:59:33.170,-13,-25,-44,52,16
2020/08/29 15:59:33.219,-13,-25,-44,52,13
2020/08/29 15:59:33.250,-13,-25,-44,52,28
2020/08/29 15:59:33.285,-13,-25,-44,52,28
2020/08/29 15:59:33.316,-13,-25,-44,52,32
2020/08/29 15:59:33.347,-13,-25,-44,52,16
2020/08/29 15:59:33.381,-13,-25,-44,52,45
2020/08/29 15:59:33.420,-13,-25,-44,52,65
2020/08/29 15:59:33.466,-13,-25,-44,52,82
2020/08/29 15:59:33.516,-13,-25,-44,52,60
2020/08/29 15:59:33.548,-13,-25,-44,52,56
2020/08/29 15:59:33.583,-13,-25,-44,52,56
2020/08/29 15:59:33.615,-13,-25,-44,52,58
2020/08/29 15:59:33.648,-13,-25,-44,52,37
2020/08/29 15:59:33.681,-13,-25,-44,52,35
2020/08/29 15:59:33.713,-13,-25,-44,52,29
2020/08/29 15:59:33.743,-13,-25,-44,52,18
2020/08/29 15:59:33.775,-13,-25,-44,52,18
2020/08/29 15:59:33.807,-13,-25,-44,52,16
2020/08/29 15:59:33.838,-13,-25,-44,52,23
2020/08/29 15:59:33.870,-13,-25,-44,52,32
2020/08/29 15:59:33.903,-13,-25,-44,52,18
2020/08/29 15:59:33.935,-13,-25,-44,52,28
2020/08/29 15:59:33.968,-13,-25,-44,52,25
2020/08/29 15:59:34.013,-13,-25,-44,52,7
2020/08/29 15:59:34.049,-13,-25,-44,52,21
2020/08/29 15:59:34.083,-13,-25,-44,52,9
2020/08/29 15:59:34.119,-13,-25,-44,52,6
2020/08/29 15:59:34.157,-13,-25,-44,52,15
2020/08/29 15:59:34.205,-13,-25,-44,52,8
2020/08/29 15:59:34.240,-13,-25,-44,52,10
2020/08/29 15:59:34.274,-13,-25,-44,52,13
2020/08/29 15:59:34.327,-13,-25,-44,52,16
2020/08/29 15:59:34.368,-13,-25,-44,52,22
2020/08/29 15:59:34.409,-13,-25,-44,52,18
2020/08/29 15:59:34.447,-13,-25,-44,52,28
2020/08/29 15:59:34.480,-13,-25,-44,52,32
2020/08/29 15:59:34.517,-13,-25,-44,52,12
2020/08/29 15:59:34.559,-13,-25,-44,52,19
2020/08/29 15:59:34.594,-13,-25,-44,52,30
2020/08/29 15:59:34.638,-13,-25,-44,52,17
2020/08/29 15:59:34.683,-13,-25,-44,52,31
2020/08/29 15:59:34.727,-13,-25,-44,52,25
2020/08/29 15:59:34.763,-13,-25,-44,52,33
2020/08/29 15:59:34.797,-13,-25,-44,52,9
2020/08/29 15:59:34.838,-13,-25,-44,52,10
2020/08/29 15:59:34.880,-13,-25,-44,52,11
2020/08/29 15:59:34.919,-13,-25,-44,52,16
2020/08/29 15:59:34.952,-13,-25,-44,52,21
2020/08/29 15:59:34.982,-13,-25,-44,52,16
2020/08/29 15:59:35.022,-13,-25,-44,52,15
2020/08/29 15:59:35.065,-13,-25,-44,52,12
2020/08/29 15:59:35.104,-13,-25,-44,52,49
2020/08/29 15:59:35.136,-13,-25,-44,52,38
2020/08/29 15:59:35.170,-13,-25,-44,52,20
2020/08/29 15:59:35.204,-13,-25,-44,52,14
2020/08/29 15:59:35.239,-13,-25,-44,52,17
2020/08/29 15:59:35.274,-13,-25,-44,52,15
2020/08/29 15:59:35.317,-13,-25,-44,52,17
2020/08/29 15:59:35.360,-13,-25,-44,52,35
2020/08/29 15:59:35.394,-13,-25,-44,52,28
2020/08/29 15:59:35.430,-13,-25,-44,52,12
2020/08/29 15:59:35.466,-13,-25,-44,52,11
2020/08/29 15:59:35.505,-13,-25,-44,52,17
2020/08/29 15:59:35.546,-13,-25,-44,52,24
2020/08/29 15:59:35.582,-13,-25,-44,52,16
2020/08/29 15:59:35.621,-13,-25,-44,52,6
2020/08/29 15:59:35.661,-13,-25,-44,52,16
2020/08/29 15:59:35.703,-13,-25,-44,52,24
2020/08/29 15:59:35.741,-13,-25,-44,52,31
2020/08/29 15:59:35.782,-13,-25,-44,52,19
2020/08/29 15:59:35.821,-13,-25,-44,52,11
2020/08/29 15:59:35.860,-13,-25,-44,52,10
2020/08/29 15:59:35.902,-13,-25,-44,52,20
2020/08/29 15:59:35.950,-13,-25,-44,52,31
2020/08/29 15:59:35.988,-13,-25,-44,52,33
2020/08/29 15:59:36.037,-13,-25,-44,52,35
2020/08/29 15:59:36.072,-13,-25,-44,52,34
2020/08/29 15:59:36.103,-13,-25,-44,52,19
2020/08/29 15:59:36.136,-13,-25,-44,52,16
2020/08/29 15:59:36.170,-13,-25,-44,52,24
2020/08/29 15:59:36.204,-13,-25,-44,52,8
2020/08/29 15:59:36.238,-13,-25,-44,52,23
2020/08/29 15:59:36.271,-13,-25,-44,52,20
2020/08/29 15:59:36.306,-13,-25,-44,52,18
2020/08/29 15:59:36.344,-13,-25,-44,52,20
2020/08/29 15:59:36.376,-13,-25,-44,52,20
2020/08/29 15:59:36.407,-13,-25,-44,52,9
2020/08/29 15:59:36.441,-13,-25,-44,52,12
2020/08/29 15:59:36.475,-13,-25,-44,52,21
2020/08/29 15:59:36.513,-13,-25,-44,52,28
2020/08/29 15:59:36.554,-13,-25,-44,52,28
2020/08/29 15:59:36.599,-13,-25,-44,52,37
2020/08/29 15:59:36.637,-13,-25,-44,52,35
2020/08/29 15:59:36.686,-13,-25,-44,52,21
2020/08/29 15:59:36.726,-13,-25,-44,52,24
2020/08/29 15:59:36.768,-13,-25,-44,52,22
2020/08/29 15:59:36.813,-13,-25,-44,52,21
2020/08/29 15:59:36.847,-13,-25,-44,52,23
2020/08/29 15:59:36.898,-13,-25,-44,52,23
2020/08/29 15:59:36.935,-13,-25,-44,52,38
2020/08/29 15:59:36.972,-13,-25,-44,52,7
2020/08/29 15:59:37.014,-13,-25,-44,52,17
2020/08/29 15:59:37.053,-13,-25,-44,52,22
2020/08/29 15:59:37.090,-13,-25,-44,52,28
2020/08/29 15:59:37.129,-13,-25,-44,52,35
2020/08/29 15:59:37.161,-13,-25,-44,52,25
2020/08/29 15:59:37.196,-13,-25,-44,52,29
2020/08/29 15:59:37.229,-13,-25,-44,52,47
2020/08/29 15:59:37.261,-13,-25,-44,52,25
2020/08/29 15:59:37.304,-13,-25,-44,52,27
2020/08/29 15:59:37.337,-13,-25,-44,52,25
2020/08/29 15:59:37.368,-13,-25,-44,52,35
2020/08/29 15:59:37.404,-13,-25,-44,52,14
2020/08/29 15:59:37.450,-13,-25,-44,52,20
2020/08/29 15:59:37.488,-13,-25,-44,52,32
2020/08/29 15:59:37.520,-13,-25,-44,52,32
2020/08/29 15:59:37.557,-13,-25,-44,52,11
2020/08/29 15:59:37.594,-13,-25,-44,52,26
2020/08/29 15:59:37.636,-13,-25,-44,52,20
2020/08/29 15:59:37.679,-13,-25,-44,52,28
2020/08/29 15:59:37.721,-13,-25,-44,52,17
2020/08/29 15:59:37.755,-13,-25,-44,52,22
2020/08/29 15:59:37.804,-13,-25,-44,52,20
2020/08/29 15:59:37.846,-13,-25,-44,52,19
2020/08/29 15:59:37.882,-13,-25,-44,52,26
2020/08/29 15:59:37.914,-13,-25,-44,52,17
2020/08/29 15:59:37.951,-13,-25,-44,52,18
2020/08/29 15:59:37.986,-13,-25,-44,52,27
2020/08/29 15:59:38.021,-13,-25,-44,52,37
2020/08/29 15:59:38.053,-13,-25,-44,52,23
2020/08/29 15:59:38.085,-13,-25,-44,52,22
2020/08/29 15:59:38.120,-13,-25,-44,52,20
2020/08/29 15:59:38.159,-13,-25,-44,52,10
2020/08/29 15:59:38.194,-13,-25,-44,52,33
2020/08/29 15:59:38.233,-13,-25,-44,52,33
2020/08/29 15:59:38.268,-13,-25,-44,52,23
2020/08/29 15:59:38.316,-13,-25,-44,52,15
2020/08/29 15:59:38.353,-13,-25,-44,52,21
2020/08/29 15:59:38.394,-13,-25,-44,52,18
2020/08/29 15:59:38.431,-13,-25,-44,52,23
2020/08/29 15:59:38.472,-13,-25,-44,52,20
2020/08/29 15:59:38.511,-13,-25,-44,52,25
2020/08/29 15:59:38.548,-13,-25,-44,52,22
2020/08/29 15:59:38.586,-13,-25,-44,52,18
2020/08/29 15:59:38.636,-13,-25,-44,52,22
2020/08/29 15:59:38.675,-13,-25,-44,52,27
2020/08/29 15:59:38.712,-13,-25,-44,52,19
2020/08/29 15:59:38.757,-13,-25,-44,52,17
2020/08/29 15:59:38.803,-13,-25,-44,52,57
2020/08/29 15:59:38.837,-13,-25,-44,52,34
2020/08/29 15:59:38.875,-13,-25,-44,52,24
2020/08/29 15:59:38.916,-13,-25,-44,52,10
2020/08/29 15:59:38.956,-13,-25,-44,52,23
2020/08/29 15:59:38.992,-13,-25,-44,52,29
2020/08/29 15:59:39.027,-13,-25,-44,52,23
2020/08/29 15:59:39.061,-13,-25,-44,52,9
2020/08/29 15:59:39.109,-13,-25,-44,52,15
2020/08/29 15:59:39.144,-13,-25,-44,52,12
2020/08/29 15:59:39.179,-13,-25,-44,52,9
2020/08/29 15:59:39.219,-13,-25,-44,52,10
2020/08/29 15:59:39.260,-13,-25,-44,52,11
2020/08/29 15:59:39.299,-13,-25,-44,52,12
2020/08/29 15:59:39.341,-13,-25,-44,52,13
2020/08/29 15:59:39.397,-13,-25,-44,52,19
2020/08/29 15:59:39.436,-13,-25,-44,52,38
2020/08/29 15:59:39.468,-13,-25,-44,52,28
2020/08/29 15:59:39.505,-13,-25,-44,52,11
2020/08/29 15:59:39.552,-13,-25,-44,52,14
2020/08/29 15:59:39.591,-13,-25,-44,52,19
2020/08/29 15:59:39.631,-13,-25,-44,52,18
2020/08/29 15:59:39.666,-13,-25,-44,52,12
2020/08/29 15:59:39.700,-13,-25,-44,52,13
2020/08/29 15:59:39.736,-13,-25,-44,52,9
2020/08/29 15:59:39.783,-13,-25,-44,52,10
2020/08/29 15:59:39.831,-13,-25,-44,52,12
2020/08/29 15:59:39.865,-13,-25,-44,52,14
2020/08/29 15:59:39.900,-13,-25,-44,52,10
2020/08/29 15:59:39.935,-13,-25,-44,52,7
2020/08/29 15:59:39.974,-13,-25,-44,52,14
2020/08/29 15:59:40.012,-13,-25,-44,52,8
2020/08/29 15:59:40.069,-13,-25,-44,52,20
2020/08/29 15:59:40.111,-13,-25,-44,52,19
2020/08/29 15:59:40.148,-13,-25,-44,52,25
2020/08/29 15:59:40.184,-13,-25,-44,52,32
2020/08/29 15:59:40.222,-13,-25,-44,52,22
2020/08/29 15:59:40.261,-13,-25,-44,52,14
2020/08/29 15:59:40.299,-13,-25,-44,52,23
2020/08/29 15:59:40.338,-13,-25,-44,52,22
2020/08/29 15:59:40.373,-13,-25,-44,52,27
2020/08/29 15:59:40.413,-13,-25,-44,52,7
2020/08/29 15:59:40.448,-13,-25,-44,52,13
2020/08/29 15:59:40.482,-13,-25,-44,52,15
2020/08/29 15:59:40.518,-13,-25,-44,52,11
2020/08/29 15:59:40.556,-13,-25,-44,52,13
2020/08/29 15:59:40.605,-13,-25,-44,52,9
2020/08/29 15:59:40.640,-13,-25,-44,52,9
2020/08/29 15:59:40.674,-13,-25,-44,52,9
2020/08/29 15:59:40.723,-13,-25,-44,52,11
2020/08/29 15:59:40.772,-13,-25,-44,52,8
2020/08/29 15:59:40.806,-13,-25,-44,52,11
2020/08/29 15:59:40.841,-13,-25,-44,52,6
2020/08/29 15:59:40.875,-13,-25,-44,52,8
2020/08/29 15:59:40.925,-13,-25,-44,52,11
2020/08/29 15:59:40.979,-13,-25,-44,52,14
2020/08/29 15:59:41.011,-13,-25,-44,52,9
2020/08/29 15:59:41.051,-13,-25,-44,52,9
2020/08/29 15:59:41.097,-13,-25,-44,52,21
2020/08/29 15:59:41.133,-13,-25,-44,52,45
2020/08/29 15:59:41.171,-13,-25,-44,52,17
2020/08/29 15:59:41.209,-13,-25,-44,52,30
2020/08/29 15:59:41.244,-13,-25,-44,52,35
2020/08/29 15:59:41.278,-13,-25,-44,52,12
2020/08/29 15:59:41.311,-13,-25,-44,52,10
2020/08/29 15:59:41.352,-13,-25,-44,52,10
2020/08/29 15:59:41.389,-13,-25,-44,52,22
2020/08/29 15:59:41.433,-13,-25,-44,52,18
2020/08/29 15:59:41.469,-13,-25,-44,52,10
2020/08/29 15:59:41.503,-13,-25,-44,52,11
2020/08/29 15:59:41.537,-13,-25,-44,52,9
2020/08/29 15:59:41.576,-13,-25,-44,52,14
2020/08/29 15:59:41.614,-13,-25,-44,52,10
2020/08/29 15:59:41.654,-13,-25,-44,52,5
2020/08/29 15:59:41.693,-13,-25,-44,52,15
2020/08/29 15:59:41.728,-13,-25,-44,52,23
2020/08/29 15:59:41.765,-13,-25,-44,52,30
2020/08/29 15:59:41.800,-13,-25,-44,52,15
2020/08/29 15:59:41.840,-13,-25,-44,52,31
2020/08/29 15:59:41.882,-13,-25,-44,52,42
2020/08/29 15:59:41.912,-13,-25,-44,52,16
2020/08/29 15:59:41.960,-13,-25,-44,52,4
2020/08/29 15:59:41.992,-13,-25,-44,52,19
2020/08/29 15:59:42.022,-13,-25,-44,52,8
2020/08/29 15:59:42.057,-13,-25,-44,52,7
2020/08/29 15:59:42.107,-13,-25,-44,52,11
2020/08/29 15:59:42.141,-13,-25,-44,52,33
2020/08/29 15:59:42.173,-13,-25,-44,52,19
2020/08/29 15:59:42.204,-13,-25,-44,52,18
2020/08/29 15:59:42.234,-13,-25,-44,52,16
2020/08/29 15:59:42.268,-13,-25,-44,52,18
2020/08/29 15:59:42.299,-13,-25,-44,52,42
2020/08/29 15:59:42.334,-13,-25,-44,52,22
2020/08/29 15:59:42.370,-13,-25,-44,52,43
2020/08/29 15:59:42.404,-13,-25,-44,52,43
2020/08/29 15:59:42.435,-13,-25,-44,52,45
2020/08/29 15:59:42.469,-13,-25,-44,52,19
2020/08/29 15:59:42.503,-13,-25,-44,52,6
2020/08/29 15:59:42.537,-13,-25,-44,52,7
2020/08/29 15:59:42.575,-13,-25,-44,52,9
2020/08/29 15:59:42.614,-13,-25,-44,52,11
2020/08/29 15:59:42.654,-13,-25,-44,52,15
2020/08/29 15:59:42.690,-13,-25,-44,52,14
2020/08/29 15:59:42.727,-13,-25,-44,52,19
2020/08/29 15:59:42.773,-13,-25,-44,52,13
2020/08/29 15:59:42.809,-13,-25,-44,52,10
2020/08/29 15:59:42.845,-13,-25,-44,52,21
2020/08/29 15:59:42.880,-13,-25,-44,52,15
2020/08/29 15:59:42.917,-13,-25,-44,52,14
2020/08/29 15:59:42.959,-13,-25,-44,52,15
2020/08/29 15:59:42.995,-13,-25,-44,52,15
2020/08/29 15:59:43.035,-13,-25,-44,52,18
2020/08/29 15:59:43.070,-13,-25,-44,52,6
2020/08/29 15:59:43.114,-13,-25,-44,52,10
2020/08/29 15:59:43.148,-13,-25,-44,52,12
2020/08/29 15:59:43.183,-13,-25,-44,52,9
2020/08/29 15:59:43.218,-13,-25,-44,52,6
2020/08/29 15:59:43.259,-13,-25,-44,52,22
2020/08/29 15:59:43.294,-13,-25,-44,52,40
2020/08/29 15:59:43.328,-13,-25,-44,52,22
2020/08/29 15:59:43.367,-13,-25,-44,52,24
2020/08/29 15:59:43.403,-13,-25,-44,52,33
2020/08/29 15:59:43.443,-13,-25,-44,52,13
2020/08/29 15:59:43.487,-13,-25,-44,52,27
2020/08/29 15:59:43.526,-13,-25,-44,52,35
2020/08/29 15:59:43.560,-13,-25,-44,52,28
2020/08/29 15:59:43.599,-13,-25,-44,52,28
2020/08/29 15:59:43.640,-13,-25,-44,52,19
2020/08/29 15:59:43.684,-13,-25,-44,52,31
2020/08/29 15:59:43.721,-13,-25,-44,52,35
2020/08/29 15:59:43.756,-13,-25,-44,52,17
2020/08/29 15:59:43.794,-13,-25,-44,52,21
2020/08/29 15:59:43.829,-13,-25,-44,52,18
2020/08/29 15:59:43.863,-13,-25,-44,52,6
2020/08/29 15:59:43.904,-13,-25,-44,52,13
2020/08/29 15:59:43.948,-13,-25,-44,52,26
2020/08/29 15:59:43.993,-13,-25,-44,52,29
2020/08/29 15:59:44.028,-13,-25,-44,52,22
2020/08/29 15:59:44.065,-13,-25,-44,52,12
2020/08/29 15:59:44.110,-13,-25,-44,52,22
2020/08/29 15:59:44.146,-13,-25,-44,52,31
2020/08/29 15:59:44.185,-13,-25,-44,52,30
2020/08/29 15:59:44.223,-13,-25,-44,52,21
2020/08/29 15:59:44.259,-13,-25,-44,52,22
2020/08/29 15:59:44.297,-13,-25,-44,52,30
2020/08/29 15:59:44.330,-13,-25,-44,52,24
2020/08/29 15:59:44.372,-13,-25,-44,52,22
2020/08/29 15:59:44.404,-13,-25,-44,52,26
2020/08/29 15:59:44.437,-13,-25,-44,52,18
2020/08/29 15:59:44.471,-13,-25,-44,52,24
2020/08/29 15:59:44.511,-13,-25,-44,52,14
2020/08/29 15:59:44.553,-13,-25,-44,52,21
2020/08/29 15:59:44.596,-13,-25,-44,52,25
2020/08/29 15:59:44.637,-13,-25,-44,52,36
2020/08/29 15:59:44.685,-13,-25,-44,52,23
2020/08/29 15:59:44.725,-13,-25,-44,52,32
2020/08/29 15:59:44.773,-13,-25,-44,52,16
2020/08/29 15:59:44.815,-13,-25,-44,52,22
2020/08/29 15:59:44.852,-13,-25,-44,52,40
2020/08/29 15:59:44.887,-13,-25,-44,52,16
2020/08/29 15:59:44.944,-13,-25,-44,52,23
2020/08/29 15:59:44.988,-13,-25,-44,52,30
2020/08/29 15:59:45.027,-13,-25,-44,52,30
2020/08/29 15:59:45.061,-13,-25,-44,52,42
2020/08/29 15:59:45.090,-13,-25,-44,52,29
2020/08/29 15:59:45.125,-13,-25,-44,52,52
2020/08/29 15:59:45.176,-13,-25,-44,52,47
2020/08/29 15:59:45.219,-13,-25,-44,52,55
2020/08/29 15:59:45.255,-13,-25,-44,52,44
2020/08/29 15:59:45.368,-13,-25,-44,52,50
2020/08/29 15:59:45.399,-13,-25,-44,52,39
2020/08/29 15:59:45.429,-13,-25,-44,52,32
2020/08/29 15:59:45.460,-13,-25,-44,52,25
2020/08/29 15:59:45.490,-13,-25,-44,52,33
2020/08/29 15:59:45.527,-13,-25,-44,52,37
2020/08/29 15:59:45.558,-13,-25,-44,52,38
2020/08/29 15:59:45.589,-13,-25,-44,52,40
2020/08/29 15:59:45.620,-13,-25,-44,52,26
2020/08/29 15:59:45.651,-13,-25,-44,52,20
2020/08/29 15:59:45.682,-13,-25,-44,52,29
2020/08/29 15:59:45.713,-13,-25,-44,52,31
2020/08/29 15:59:45.744,-13,-25,-44,52,32
2020/08/29 15:59:45.775,-13,-25,-44,52,42
2020/08/29 15:59:45.806,-13,-25,-44,52,46
2020/08/29 15:59:45.837,-13,-25,-44,52,68
2020/08/29 15:59:45.866,-13,-25,-44,52,39
2020/08/29 15:59:45.896,-13,-24,-45,53,27
2020/08/29 15:59:45.926,-13,-24,-45,53,25
2020/08/29 15:59:45.956,-13,-24,-45,53,16
2020/08/29 15:59:45.986,-13,-24,-45,53,22
2020/08/29 15:59:46.022,-13,-24,-45,53,35
2020/08/29 15:59:46.052,-13,-24,-45,53,20
2020/08/29 15:59:46.084,-13,-24,-46,53,26
2020/08/29 15:59:46.115,-13,-24,-46,53,15
2020/08/29 15:59:46.151,-13,-24,-46,53,8
2020/08/29 15:59:46.186,-13,-24,-46,53,32
2020/08/29 15:59:46.218,-13,-24,-46,53,16
2020/08/29 15:59:46.249,-13,-24,-46,53,21
2020/08/29 15:59:46.284,-13,-24,-43,51,16
2020/08/29 15:59:46.317,-13,-24,-43,51,27
2020/08/29 15:59:46.349,-13,-24,-43,51,34
2020/08/29 15:59:46.384,-13,-24,-43,51,26
