TimeStamp,B_x,B_y,B_z,B_net,CPU_load2020/08/29 19:54:10.553,-14,-14,-36,41,0
2020/08/29 19:54:10.592,-14,-14,-36,41,28
2020/08/29 19:54:10.622,-14,-14,-36,41,35
2020/08/29 19:54:10.653,-14,-14,-36,41,31
2020/08/29 19:54:10.686,-14,-14,-36,41,33
2020/08/29 19:54:10.718,-14,-14,-36,41,26
2020/08/29 19:54:10.749,-14,-14,-36,41,31
2020/08/29 19:54:10.779,-13,-13,-37,41,16
2020/08/29 19:54:10.810,-13,-13,-37,41,19
2020/08/29 19:54:10.841,-13,-13,-37,41,26
2020/08/29 19:54:10.871,-13,-13,-37,41,22
2020/08/29 19:54:10.903,-13,-13,-37,41,32
2020/08/29 19:54:10.934,-13,-13,-37,41,15
2020/08/29 19:54:10.966,-13,-14,-37,42,19
2020/08/29 19:54:10.999,-13,-14,-37,42,28
2020/08/29 19:54:11.029,-13,-14,-37,42,35
2020/08/29 19:54:11.062,-13,-14,-37,42,68
2020/08/29 19:54:11.092,-13,-14,-37,42,78
2020/08/29 19:54:11.122,-13,-14,-37,42,58
2020/08/29 19:54:11.153,-13,-14,-37,42,45
2020/08/29 19:54:11.183,-13,-14,-37,42,51
2020/08/29 19:54:11.214,-13,-14,-37,42,36
2020/08/29 19:54:11.244,-13,-14,-37,42,46
2020/08/29 19:54:11.276,-13,-14,-37,42,18
2020/08/29 19:54:11.308,-13,-14,-37,42,26
2020/08/29 19:54:11.340,-13,-14,-37,42,36
2020/08/29 19:54:11.373,-13,-14,-37,42,15
2020/08/29 19:54:11.415,-13,-14,-37,42,18
2020/08/29 19:54:11.454,-13,-14,-37,42,16
2020/08/29 19:54:11.494,-13,-14,-37,42,22
2020/08/29 19:54:11.533,-13,-14,-37,42,21
2020/08/29 19:54:11.571,-13,-14,-37,42,20
2020/08/29 19:54:11.603,-13,-14,-37,42,39
2020/08/29 19:54:11.634,-13,-14,-37,42,53
2020/08/29 19:54:11.664,-13,-14,-37,42,23
2020/08/29 19:54:11.693,-13,-14,-37,42,30
2020/08/29 19:54:11.724,-13,-14,-37,42,38
2020/08/29 19:54:11.755,-13,-14,-37,42,70
2020/08/29 19:54:11.789,-13,-14,-37,42,60
2020/08/29 19:54:11.820,-13,-14,-37,42,60
2020/08/29 19:54:11.855,-13,-14,-37,42,37
2020/08/29 19:54:11.891,-13,-14,-37,42,29
2020/08/29 19:54:11.925,-13,-14,-37,42,55
2020/08/29 19:54:11.955,-13,-14,-37,42,43
2020/08/29 19:54:11.990,-13,-14,-37,42,56
2020/08/29 19:54:12.024,-13,-14,-37,42,25
2020/08/29 19:54:12.057,-13,-14,-37,42,30
2020/08/29 19:54:12.093,-13,-14,-37,42,34
2020/08/29 19:54:12.128,-13,-14,-37,42,36
2020/08/29 19:54:12.159,-13,-14,-37,42,35
2020/08/29 19:54:12.189,-13,-14,-37,42,19
2020/08/29 19:54:12.221,-13,-14,-37,42,12
2020/08/29 19:54:12.257,-13,-14,-37,42,13
2020/08/29 19:54:12.287,-13,-14,-37,42,23
2020/08/29 19:54:12.317,-13,-14,-37,42,14
2020/08/29 19:54:12.349,-13,-14,-37,42,18
2020/08/29 19:54:12.381,-13,-14,-37,42,17
2020/08/29 19:54:12.411,-13,-14,-37,42,16
2020/08/29 19:54:12.444,-13,-14,-37,42,20
2020/08/29 19:54:12.475,-13,-14,-37,42,25
2020/08/29 19:54:12.516,-13,-14,-37,42,35
2020/08/29 19:54:12.550,-13,-14,-37,42,75
2020/08/29 19:54:12.583,-13,-14,-37,42,42
2020/08/29 19:54:12.616,-13,-14,-37,42,41
2020/08/29 19:54:12.653,-13,-14,-37,42,43
2020/08/29 19:54:12.688,-13,-14,-37,42,54
2020/08/29 19:54:12.722,-13,-14,-37,42,62
2020/08/29 19:54:12.755,-13,-14,-37,42,51
2020/08/29 19:54:12.790,-13,-14,-37,42,27
2020/08/29 19:54:12.825,-13,-14,-37,42,46
2020/08/29 19:54:12.857,-13,-14,-37,42,28
2020/08/29 19:54:12.889,-13,-14,-37,42,32
2020/08/29 19:54:12.924,-13,-14,-37,42,31
2020/08/29 19:54:12.955,-13,-14,-37,42,11
2020/08/29 19:54:12.989,-13,-14,-37,42,23
2020/08/29 19:54:13.024,-13,-14,-37,42,28
2020/08/29 19:54:13.057,-13,-14,-37,42,39
2020/08/29 19:54:13.089,-13,-14,-37,42,42
2020/08/29 19:54:13.122,-13,-14,-37,42,54
2020/08/29 19:54:13.157,-13,-14,-37,42,41
2020/08/29 19:54:13.191,-13,-14,-37,42,62
2020/08/29 19:54:13.224,-13,-14,-37,42,55
2020/08/29 19:54:13.261,-13,-14,-37,42,48
2020/08/29 19:54:13.292,-13,-14,-37,42,70
2020/08/29 19:54:13.327,-13,-14,-37,42,53
2020/08/29 19:54:13.363,-13,-14,-37,42,47
2020/08/29 19:54:13.397,-13,-14,-37,42,31
2020/08/29 19:54:13.430,-13,-14,-37,42,33
2020/08/29 19:54:13.463,-13,-14,-37,42,33
2020/08/29 19:54:13.505,-13,-14,-37,42,36
2020/08/29 19:54:13.542,-13,-14,-37,42,33
2020/08/29 19:54:13.574,-13,-14,-37,42,35
2020/08/29 19:54:13.610,-13,-14,-37,42,33
2020/08/29 19:54:13.641,-13,-14,-37,42,44
2020/08/29 19:54:13.675,-13,-14,-37,42,43
2020/08/29 19:54:13.706,-13,-14,-37,42,41
2020/08/29 19:54:13.743,-13,-14,-37,42,44
2020/08/29 19:54:13.776,-13,-14,-37,42,55
2020/08/29 19:54:13.807,-13,-14,-37,42,28
2020/08/29 19:54:13.847,-13,-14,-37,42,11
2020/08/29 19:54:13.882,-13,-14,-37,42,36
2020/08/29 19:54:13.916,-13,-14,-37,42,4
2020/08/29 19:54:13.967,-13,-14,-37,42,9
2020/08/29 19:54:14.003,-13,-14,-37,42,12
2020/08/29 19:54:14.041,-13,-14,-37,42,7
2020/08/29 19:54:14.083,-13,-14,-37,42,15
2020/08/29 19:54:14.121,-13,-14,-37,42,28
2020/08/29 19:54:14.159,-13,-14,-37,42,25
2020/08/29 19:54:14.191,-13,-14,-37,42,23
2020/08/29 19:54:14.227,-13,-14,-37,42,14
2020/08/29 19:54:14.263,-13,-14,-37,42,27
2020/08/29 19:54:14.292,-13,-14,-37,42,30
2020/08/29 19:54:14.322,-13,-14,-37,42,27
2020/08/29 19:54:14.353,-13,-14,-37,42,8
2020/08/29 19:54:14.384,-13,-14,-37,42,19
2020/08/29 19:54:14.414,-13,-14,-37,42,18
2020/08/29 19:54:14.446,-13,-14,-37,42,27
2020/08/29 19:54:14.476,-13,-14,-37,42,18
2020/08/29 19:54:14.507,-13,-14,-37,42,19
2020/08/29 19:54:14.537,-13,-14,-37,42,26
2020/08/29 19:54:14.569,-13,-14,-37,42,21
2020/08/29 19:54:14.615,-13,-14,-37,42,13
2020/08/29 19:54:14.646,-13,-14,-37,42,52
2020/08/29 19:54:14.681,-13,-14,-37,42,35
2020/08/29 19:54:14.716,-13,-14,-37,42,42
2020/08/29 19:54:14.752,-13,-14,-37,42,35
2020/08/29 19:54:14.786,-13,-14,-37,42,44
2020/08/29 19:54:14.819,-13,-14,-37,42,45
2020/08/29 19:54:14.853,-13,-14,-37,42,29
2020/08/29 19:54:14.887,-13,-14,-37,42,23
2020/08/29 19:54:14.955,-13,-14,-37,42,25
2020/08/29 19:54:14.989,-13,-14,-37,42,31
2020/08/29 19:54:15.025,-13,-14,-37,42,16
2020/08/29 19:54:15.056,-13,-14,-37,42,31
2020/08/29 19:54:15.090,-13,-14,-37,42,19
2020/08/29 19:54:15.125,-13,-14,-37,42,28
2020/08/29 19:54:15.161,-13,-14,-37,42,17
2020/08/29 19:54:15.198,-13,-14,-37,42,30
2020/08/29 19:54:15.232,-13,-14,-37,42,12
2020/08/29 19:54:15.269,-13,-14,-37,42,21
2020/08/29 19:54:15.304,-13,-14,-37,42,28
2020/08/29 19:54:15.338,-13,-14,-37,42,23
2020/08/29 19:54:15.370,-13,-14,-37,42,29
2020/08/29 19:54:15.401,-13,-14,-37,42,19
2020/08/29 19:54:15.432,-13,-14,-37,42,33
2020/08/29 19:54:15.464,-13,-14,-37,42,18
2020/08/29 19:54:15.496,-13,-14,-37,42,16
2020/08/29 19:54:15.526,-13,-14,-37,42,16
2020/08/29 19:54:15.557,-13,-14,-37,42,18
2020/08/29 19:54:15.587,-13,-14,-37,42,16
2020/08/29 19:54:15.625,-13,-14,-37,42,17
2020/08/29 19:54:15.661,-13,-14,-37,42,30
2020/08/29 19:54:15.697,-13,-14,-37,42,27
2020/08/29 19:54:15.728,-13,-14,-37,42,23
2020/08/29 19:54:15.764,-13,-14,-37,42,54
2020/08/29 19:54:15.796,-13,-14,-37,42,34
2020/08/29 19:54:15.827,-13,-14,-37,42,21
2020/08/29 19:54:15.857,-13,-14,-37,42,29
2020/08/29 19:54:15.891,-13,-14,-37,42,34
2020/08/29 19:54:15.922,-13,-14,-37,42,19
2020/08/29 19:54:15.956,-13,-14,-37,42,16
2020/08/29 19:54:15.992,-13,-14,-37,42,29
2020/08/29 19:54:16.024,-13,-14,-37,42,29
2020/08/29 19:54:16.094,-13,-14,-37,42,30
2020/08/29 19:54:16.136,-13,-14,-37,42,16
2020/08/29 19:54:16.174,-13,-14,-37,42,17
2020/08/29 19:54:16.215,-13,-14,-37,42,31
2020/08/29 19:54:16.253,-13,-14,-37,42,29
2020/08/29 19:54:16.287,-13,-14,-37,42,22
2020/08/29 19:54:16.321,-13,-14,-37,42,20
2020/08/29 19:54:16.355,-13,-14,-37,42,40
2020/08/29 19:54:16.390,-13,-14,-37,42,43
2020/08/29 19:54:16.422,-13,-14,-37,42,20
2020/08/29 19:54:16.457,-13,-14,-37,42,15
2020/08/29 19:54:16.491,-13,-14,-37,42,28
2020/08/29 19:54:16.526,-13,-14,-37,42,16
2020/08/29 19:54:16.561,-13,-14,-37,42,36
2020/08/29 19:54:16.592,-13,-14,-37,42,27
2020/08/29 19:54:16.633,-13,-14,-37,42,34
2020/08/29 19:54:16.666,-13,-14,-37,42,33
2020/08/29 19:54:16.700,-13,-14,-37,42,18
2020/08/29 19:54:16.732,-13,-14,-37,42,27
2020/08/29 19:54:16.762,-13,-14,-37,42,29
2020/08/29 19:54:16.794,-13,-14,-37,42,29
2020/08/29 19:54:16.840,-13,-14,-37,42,14
2020/08/29 19:54:16.879,-13,-14,-37,42,23
2020/08/29 19:54:16.917,-13,-14,-37,42,34
2020/08/29 19:54:16.952,-13,-14,-37,42,22
2020/08/29 19:54:16.986,-13,-14,-37,42,18
2020/08/29 19:54:17.022,-13,-14,-37,42,4
2020/08/29 19:54:17.062,-13,-14,-37,42,22
2020/08/29 19:54:17.098,-13,-14,-37,42,38
2020/08/29 19:54:17.133,-13,-14,-37,42,28
2020/08/29 19:54:17.167,-13,-14,-37,42,18
2020/08/29 19:54:17.206,-13,-14,-37,42,22
2020/08/29 19:54:17.243,-13,-14,-37,42,25
2020/08/29 19:54:17.286,-13,-14,-37,42,16
2020/08/29 19:54:17.323,-13,-14,-37,42,27
2020/08/29 19:54:17.362,-13,-14,-37,42,23
2020/08/29 19:54:17.396,-13,-14,-37,42,27
2020/08/29 19:54:17.432,-13,-14,-37,42,17
2020/08/29 19:54:17.467,-13,-14,-37,42,21
2020/08/29 19:54:17.502,-13,-14,-37,42,23
2020/08/29 19:54:17.538,-13,-14,-37,42,25
2020/08/29 19:54:17.576,-13,-14,-37,42,21
2020/08/29 19:54:17.608,-13,-14,-37,42,23
2020/08/29 19:54:17.641,-13,-14,-37,42,13
2020/08/29 19:54:17.676,-13,-14,-37,42,10
2020/08/29 19:54:17.709,-13,-14,-37,42,19
2020/08/29 19:54:17.745,-13,-14,-37,42,32
2020/08/29 19:54:17.779,-13,-14,-37,42,20
2020/08/29 19:54:17.813,-13,-14,-37,42,30
2020/08/29 19:54:17.847,-13,-14,-37,42,12
2020/08/29 19:54:17.880,-13,-14,-37,42,18
2020/08/29 19:54:17.913,-13,-14,-37,42,28
2020/08/29 19:54:17.945,-13,-14,-37,42,33
2020/08/29 19:54:17.975,-13,-14,-37,42,18
2020/08/29 19:54:18.007,-13,-14,-37,42,27
2020/08/29 19:54:18.040,-13,-14,-37,42,24
2020/08/29 19:54:18.072,-13,-14,-37,42,12
2020/08/29 19:54:18.106,-13,-14,-37,42,25
2020/08/29 19:54:18.152,-13,-14,-37,42,19
2020/08/29 19:54:18.183,-13,-14,-37,42,28
2020/08/29 19:54:18.216,-13,-14,-37,42,20
2020/08/29 19:54:18.247,-13,-14,-37,42,30
2020/08/29 19:54:18.279,-13,-14,-37,42,23
2020/08/29 19:54:18.313,-13,-14,-37,42,13
2020/08/29 19:54:18.349,-13,-14,-37,42,24
2020/08/29 19:54:18.385,-13,-14,-37,42,13
2020/08/29 19:54:18.419,-13,-14,-37,42,12
2020/08/29 19:54:18.452,-13,-14,-37,42,25
2020/08/29 19:54:18.489,-13,-14,-37,42,12
2020/08/29 19:54:18.527,-13,-14,-37,42,41
2020/08/29 19:54:18.564,-13,-14,-37,42,53
2020/08/29 19:54:18.597,-13,-14,-37,42,19
2020/08/29 19:54:18.632,-13,-14,-37,42,11
2020/08/29 19:54:18.672,-13,-14,-37,42,11
2020/08/29 19:54:18.713,-13,-14,-37,42,26
2020/08/29 19:54:18.747,-13,-14,-37,42,18
2020/08/29 19:54:18.782,-13,-14,-37,42,4
2020/08/29 19:54:18.818,-13,-14,-37,42,14
2020/08/29 19:54:18.854,-13,-14,-37,42,16
2020/08/29 19:54:18.891,-13,-14,-37,42,21
2020/08/29 19:54:18.925,-13,-14,-37,42,30
2020/08/29 19:54:18.959,-13,-14,-37,42,7
2020/08/29 19:54:18.999,-13,-14,-37,42,16
2020/08/29 19:54:19.037,-13,-14,-37,42,26
2020/08/29 19:54:19.079,-13,-14,-37,42,29
2020/08/29 19:54:19.116,-13,-14,-37,42,23
2020/08/29 19:54:19.149,-13,-14,-37,42,22
2020/08/29 19:54:19.188,-13,-14,-37,42,14
2020/08/29 19:54:19.228,-13,-14,-37,42,20
2020/08/29 19:54:19.264,-13,-14,-37,42,33
2020/08/29 19:54:19.297,-13,-14,-37,42,19
2020/08/29 19:54:19.328,-13,-14,-37,42,16
2020/08/29 19:54:19.362,-13,-14,-37,42,26
2020/08/29 19:54:19.393,-13,-14,-37,42,20
2020/08/29 19:54:19.427,-13,-14,-37,42,10
2020/08/29 19:54:19.459,-13,-14,-37,42,16
2020/08/29 19:54:19.492,-13,-14,-37,42,21
2020/08/29 19:54:19.525,-13,-14,-37,42,20
2020/08/29 19:54:19.556,-13,-14,-37,42,23
2020/08/29 19:54:19.586,-13,-14,-37,42,9
2020/08/29 19:54:19.621,-13,-14,-37,42,9
2020/08/29 19:54:19.660,-13,-14,-37,42,16
2020/08/29 19:54:19.699,-13,-14,-37,42,19
2020/08/29 19:54:19.742,-13,-14,-37,42,32
2020/08/29 19:54:19.778,-13,-14,-37,42,35
2020/08/29 19:54:19.813,-13,-14,-37,42,28
2020/08/29 19:54:19.846,-13,-14,-37,42,32
2020/08/29 19:54:19.878,-13,-14,-37,42,22
2020/08/29 19:54:19.916,-13,-14,-37,42,22
2020/08/29 19:54:19.952,-13,-14,-37,42,28
2020/08/29 19:54:19.986,-13,-14,-37,42,30
2020/08/29 19:54:20.019,-13,-14,-37,42,29
2020/08/29 19:54:20.056,-13,-14,-37,42,35
2020/08/29 19:54:20.089,-13,-14,-37,42,33
2020/08/29 19:54:20.122,-13,-14,-37,42,26
2020/08/29 19:54:20.156,-13,-14,-37,42,16
2020/08/29 19:54:20.191,-13,-14,-37,42,20
2020/08/29 19:54:20.227,-13,-14,-37,42,10
2020/08/29 19:54:20.274,-13,-14,-37,42,17
2020/08/29 19:54:20.311,-13,-14,-37,42,13
2020/08/29 19:54:20.363,-13,-14,-37,42,16
2020/08/29 19:54:20.399,-13,-14,-37,42,18
2020/08/29 19:54:20.440,-13,-14,-37,42,17
2020/08/29 19:54:20.486,-13,-14,-37,42,22
2020/08/29 19:54:20.524,-13,-14,-37,42,11
2020/08/29 19:54:20.564,-13,-14,-37,42,18
2020/08/29 19:54:20.602,-13,-14,-37,42,21
2020/08/29 19:54:20.641,-13,-14,-37,42,10
2020/08/29 19:54:20.678,-13,-14,-37,42,16
2020/08/29 19:54:20.715,-13,-14,-37,42,8
2020/08/29 19:54:20.753,-13,-14,-37,42,20
2020/08/29 19:54:20.790,-13,-14,-37,42,10
2020/08/29 19:54:20.834,-13,-14,-37,42,22
2020/08/29 19:54:20.870,-13,-14,-37,42,18
2020/08/29 19:54:20.914,-13,-14,-37,42,13
2020/08/29 19:54:20.951,-13,-14,-37,42,6
2020/08/29 19:54:20.985,-13,-14,-37,42,9
2020/08/29 19:54:21.023,-13,-14,-37,42,18
2020/08/29 19:54:21.058,-13,-14,-37,42,12
2020/08/29 19:54:21.092,-13,-14,-37,42,28
2020/08/29 19:54:21.128,-13,-14,-37,42,20
2020/08/29 19:54:21.159,-13,-14,-37,42,35
2020/08/29 19:54:21.190,-13,-14,-37,42,16
2020/08/29 19:54:21.219,-13,-14,-37,42,28
2020/08/29 19:54:21.254,-13,-14,-37,42,16
2020/08/29 19:54:21.284,-13,-14,-37,42,21
2020/08/29 19:54:21.318,-13,-14,-37,42,16
2020/08/29 19:54:21.348,-13,-14,-37,42,31
2020/08/29 19:54:21.385,-13,-14,-37,42,25
2020/08/29 19:54:21.429,-13,-14,-37,42,46
2020/08/29 19:54:21.460,-13,-14,-37,42,39
2020/08/29 19:54:21.490,-13,-14,-37,42,21
2020/08/29 19:54:21.520,-13,-14,-37,42,26
2020/08/29 19:54:21.552,-13,-14,-37,42,20
2020/08/29 19:54:21.585,-13,-14,-37,42,16
2020/08/29 19:54:21.620,-13,-14,-37,42,40
2020/08/29 19:54:21.650,-13,-14,-37,42,35
2020/08/29 19:54:21.688,-13,-14,-37,42,6
2020/08/29 19:54:21.723,-13,-14,-37,42,6
2020/08/29 19:54:21.758,-13,-14,-37,42,11
2020/08/29 19:54:21.797,-13,-14,-37,42,18
2020/08/29 19:54:21.837,-13,-14,-37,42,32
2020/08/29 19:54:21.868,-13,-14,-37,42,23
2020/08/29 19:54:21.912,-13,-14,-37,42,9
2020/08/29 19:54:21.951,-13,-14,-37,42,11
2020/08/29 19:54:21.997,-13,-14,-37,42,17
2020/08/29 19:54:22.032,-13,-14,-37,42,12
2020/08/29 19:54:22.069,-13,-14,-37,42,14
2020/08/29 19:54:22.117,-13,-14,-37,42,11
2020/08/29 19:54:22.153,-13,-14,-37,42,12
2020/08/29 19:54:22.191,-13,-14,-37,42,15
2020/08/29 19:54:22.237,-13,-14,-37,42,13
2020/08/29 19:54:22.271,-13,-14,-37,42,8
2020/08/29 19:54:22.306,-13,-14,-37,42,6
2020/08/29 19:54:22.340,-13,-14,-37,42,7
2020/08/29 19:54:22.382,-13,-14,-37,42,6
2020/08/29 19:54:22.419,-13,-14,-37,42,34
2020/08/29 19:54:22.451,-13,-14,-37,42,33
2020/08/29 19:54:22.483,-13,-14,-37,42,28
2020/08/29 19:54:22.514,-13,-14,-37,42,16
2020/08/29 19:54:22.549,-13,-14,-37,42,22
2020/08/29 19:54:22.580,-13,-14,-37,42,31
2020/08/29 19:54:22.609,-13,-14,-37,42,16
2020/08/29 19:54:22.639,-13,-14,-37,42,12
2020/08/29 19:54:22.669,-13,-14,-37,42,16
2020/08/29 19:54:22.699,-13,-14,-37,42,16
2020/08/29 19:54:22.728,-13,-14,-37,42,16
2020/08/29 19:54:22.758,-13,-14,-37,42,16
2020/08/29 19:54:22.788,-13,-14,-37,42,26
2020/08/29 19:54:22.818,-13,-14,-37,42,16
2020/08/29 19:54:22.848,-13,-14,-37,42,16
2020/08/29 19:54:22.878,-13,-14,-37,42,16
2020/08/29 19:54:22.907,-13,-14,-37,42,12
2020/08/29 19:54:22.937,-13,-14,-37,42,19
2020/08/29 19:54:22.967,-13,-14,-37,42,16
2020/08/29 19:54:22.997,-13,-14,-37,42,19
2020/08/29 19:54:23.029,-13,-14,-37,42,18
2020/08/29 19:54:23.059,-13,-14,-37,42,20
2020/08/29 19:54:23.090,-13,-14,-37,42,15
2020/08/29 19:54:23.126,-13,-14,-37,42,22
2020/08/29 19:54:23.158,-13,-14,-37,42,45
2020/08/29 19:54:23.194,-13,-14,-37,42,65
2020/08/29 19:54:23.229,-13,-14,-37,42,67
2020/08/29 19:54:23.260,-13,-14,-37,42,47
2020/08/29 19:54:23.291,-13,-14,-37,42,31
2020/08/29 19:54:23.325,-13,-14,-37,42,43
2020/08/29 19:54:23.356,-13,-14,-37,42,25
2020/08/29 19:54:23.386,-13,-14,-37,42,55
2020/08/29 19:54:23.419,-13,-14,-37,42,53
2020/08/29 19:54:23.449,-13,-14,-37,42,70
2020/08/29 19:54:23.482,-13,-14,-37,42,59
2020/08/29 19:54:23.513,-13,-14,-37,42,64
2020/08/29 19:54:23.545,-13,-14,-37,42,77
2020/08/29 19:54:23.575,-13,-14,-37,42,51
2020/08/29 19:54:23.606,-13,-14,-37,42,48
2020/08/29 19:54:23.636,-13,-14,-37,42,42
2020/08/29 19:54:23.666,-13,-14,-37,42,41
2020/08/29 19:54:23.695,-13,-14,-37,42,45
2020/08/29 19:54:23.725,-13,-14,-37,42,23
2020/08/29 19:54:23.756,-13,-14,-37,42,45
2020/08/29 19:54:23.788,-13,-14,-37,42,65
2020/08/29 19:54:23.818,-13,-14,-37,42,66
2020/08/29 19:54:23.848,-13,-14,-37,42,58
2020/08/29 19:54:23.878,-13,-14,-37,42,57
2020/08/29 19:54:23.907,-13,-14,-37,42,12
2020/08/29 19:54:23.937,-13,-14,-37,42,39
2020/08/29 19:54:23.968,-13,-14,-37,42,45
2020/08/29 19:54:23.999,-13,-14,-37,42,74
2020/08/29 19:54:24.030,-13,-14,-37,42,57
2020/08/29 19:54:24.061,-13,-14,-37,42,48
2020/08/29 19:54:24.091,-13,-14,-37,42,70
2020/08/29 19:54:24.121,-13,-14,-37,42,82
2020/08/29 19:54:24.153,-13,-14,-37,42,81
2020/08/29 19:54:24.198,-13,-14,-37,42,96
2020/08/29 19:54:24.230,-13,-14,-37,42,100
2020/08/29 19:54:24.273,-13,-14,-37,42,97
2020/08/29 19:54:24.304,-13,-14,-37,42,78
2020/08/29 19:54:24.339,-13,-14,-37,42,87
2020/08/29 19:54:24.369,-13,-14,-37,42,72
2020/08/29 19:54:24.400,-13,-14,-37,42,69
2020/08/29 19:54:24.431,-13,-14,-37,42,78
2020/08/29 19:54:24.462,-13,-14,-37,42,73
2020/08/29 19:54:24.492,-13,-14,-37,42,68
2020/08/29 19:54:24.521,-13,-14,-37,42,47
2020/08/29 19:54:24.552,-13,-14,-37,42,35
2020/08/29 19:54:24.582,-13,-14,-37,42,52
2020/08/29 19:54:24.613,-13,-14,-37,42,43
2020/08/29 19:54:24.642,-13,-14,-37,42,53
2020/08/29 19:54:24.672,-13,-14,-37,42,39
2020/08/29 19:54:24.702,-13,-14,-37,42,26
2020/08/29 19:54:24.731,-13,-14,-37,42,22
2020/08/29 19:54:24.762,-13,-14,-37,42,31
2020/08/29 19:54:24.792,-13,-14,-37,42,50
2020/08/29 19:54:24.852,-13,-14,-37,42,39
2020/08/29 19:54:24.882,-13,-14,-37,42,42
2020/08/29 19:54:24.914,-13,-14,-37,42,35
2020/08/29 19:54:24.944,-13,-14,-37,42,37
2020/08/29 19:54:24.973,-13,-14,-37,42,42
2020/08/29 19:54:25.004,-13,-14,-37,42,68
2020/08/29 19:54:25.035,-13,-14,-37,42,57
2020/08/29 19:54:25.065,-13,-14,-37,42,53
2020/08/29 19:54:25.095,-13,-14,-37,42,37
2020/08/29 19:54:25.126,-13,-14,-37,42,66
2020/08/29 19:54:25.156,-13,-14,-37,42,50
2020/08/29 19:54:25.188,-13,-14,-37,42,66
2020/08/29 19:54:25.220,-13,-14,-37,42,72
2020/08/29 19:54:25.250,-13,-14,-37,42,63
2020/08/29 19:54:25.281,-13,-14,-37,42,62
2020/08/29 19:54:25.311,-13,-14,-37,42,79
2020/08/29 19:54:25.342,-13,-14,-37,42,85
2020/08/29 19:54:25.379,-13,-14,-37,42,100
2020/08/29 19:54:25.409,-13,-14,-37,42,89
2020/08/29 19:54:25.459,-13,-14,-37,42,82
2020/08/29 19:54:25.492,-13,-14,-37,42,100
2020/08/29 19:54:25.536,-13,-14,-37,42,97
2020/08/29 19:54:25.578,-13,-14,-37,42,91
2020/08/29 19:54:25.609,-13,-14,-37,42,86
2020/08/29 19:54:25.642,-13,-14,-37,42,59
2020/08/29 19:54:25.672,-13,-14,-37,42,84
2020/08/29 19:54:25.703,-13,-14,-37,42,38
2020/08/29 19:54:25.734,-13,-14,-37,42,67
2020/08/29 19:54:25.765,-13,-14,-37,42,56
2020/08/29 19:54:25.795,-13,-14,-37,42,60
2020/08/29 19:54:25.825,-13,-14,-37,42,65
2020/08/29 19:54:25.856,-13,-14,-37,42,58
2020/08/29 19:54:25.890,-13,-14,-37,42,76
2020/08/29 19:54:25.923,-13,-14,-37,42,90
2020/08/29 19:54:25.954,-13,-14,-37,42,69
2020/08/29 19:54:25.985,-13,-14,-37,42,50
2020/08/29 19:54:26.016,-13,-14,-37,42,58
2020/08/29 19:54:26.046,-13,-14,-37,42,58
2020/08/29 19:54:26.077,-13,-14,-37,42,56
2020/08/29 19:54:26.110,-13,-14,-37,42,64
2020/08/29 19:54:26.140,-13,-14,-37,42,68
2020/08/29 19:54:26.172,-13,-14,-37,42,64
2020/08/29 19:54:26.204,-13,-14,-37,42,68
2020/08/29 19:54:26.235,-13,-14,-37,42,57
2020/08/29 19:54:26.273,-13,-14,-37,42,25
2020/08/29 19:54:26.303,-13,-14,-37,42,31
2020/08/29 19:54:26.354,-13,-14,-37,42,31
2020/08/29 19:54:26.385,-13,-14,-37,42,37
2020/08/29 19:54:26.417,-13,-14,-37,42,41
2020/08/29 19:54:26.448,-13,-14,-37,42,33
2020/08/29 19:54:26.477,-13,-14,-37,42,22
2020/08/29 19:54:26.508,-13,-14,-37,42,25
2020/08/29 19:54:26.538,-13,-14,-37,42,27
2020/08/29 19:54:26.573,-13,-14,-37,42,29
2020/08/29 19:54:26.603,-13,-14,-37,42,36
2020/08/29 19:54:26.634,-13,-14,-37,42,46
2020/08/29 19:54:26.665,-13,-14,-37,42,29
2020/08/29 19:54:26.696,-13,-14,-37,42,38
2020/08/29 19:54:26.727,-13,-14,-37,42,43
2020/08/29 19:54:26.757,-13,-14,-37,42,54
2020/08/29 19:54:26.789,-13,-14,-37,42,68
2020/08/29 19:54:26.821,-13,-14,-37,42,54
2020/08/29 19:54:26.853,-13,-14,-37,42,60
2020/08/29 19:54:26.885,-13,-14,-37,42,63
2020/08/29 19:54:26.919,-13,-14,-37,42,87
2020/08/29 19:54:26.950,-13,-14,-37,42,55
2020/08/29 19:54:26.981,-13,-14,-37,42,47
2020/08/29 19:54:27.015,-13,-14,-37,42,43
2020/08/29 19:54:27.046,-13,-14,-37,42,33
2020/08/29 19:54:27.077,-13,-14,-37,42,25
2020/08/29 19:54:27.108,-13,-14,-37,42,37
2020/08/29 19:54:27.142,-13,-14,-37,42,31
2020/08/29 19:54:27.179,-13,-14,-37,42,40
2020/08/29 19:54:27.210,-13,-14,-37,42,37
2020/08/29 19:54:27.241,-13,-14,-37,42,37
2020/08/29 19:54:27.287,-13,-14,-37,42,37
2020/08/29 19:54:27.318,-13,-14,-37,42,25
2020/08/29 19:54:27.348,-13,-14,-37,42,25
2020/08/29 19:54:27.377,-13,-14,-37,42,25
2020/08/29 19:54:27.410,-13,-14,-37,42,25
2020/08/29 19:54:27.440,-13,-14,-37,42,29
2020/08/29 19:54:27.471,-13,-14,-37,42,25
2020/08/29 19:54:27.502,-13,-14,-37,42,32
2020/08/29 19:54:27.532,-13,-14,-37,42,27
2020/08/29 19:54:27.563,-13,-14,-37,42,25
2020/08/29 19:54:27.593,-13,-14,-37,42,29
2020/08/29 19:54:27.624,-13,-14,-37,42,20
2020/08/29 19:54:27.654,-13,-14,-37,42,25
2020/08/29 19:54:27.703,-13,-14,-37,42,29
2020/08/29 19:54:27.739,-13,-14,-37,42,25
2020/08/29 19:54:27.769,-13,-14,-37,42,25
2020/08/29 19:54:27.813,-13,-14,-37,42,27
2020/08/29 19:54:27.843,-13,-14,-37,42,28
2020/08/29 19:54:27.874,-13,-14,-37,42,34
2020/08/29 19:54:27.906,-13,-14,-37,42,41
2020/08/29 19:54:27.936,-13,-14,-37,42,39
2020/08/29 19:54:27.968,-13,-14,-37,42,29
2020/08/29 19:54:28.001,-13,-14,-37,42,56
2020/08/29 19:54:28.032,-13,-14,-37,42,30
2020/08/29 19:54:28.063,-13,-14,-37,42,33
2020/08/29 19:54:28.094,-13,-14,-37,42,35
2020/08/29 19:54:28.125,-13,-14,-37,42,47
2020/08/29 19:54:28.156,-13,-14,-37,42,81
2020/08/29 19:54:28.190,-13,-14,-37,42,75
2020/08/29 19:54:28.221,-13,-14,-37,42,57
2020/08/29 19:54:28.252,-13,-14,-37,42,54
2020/08/29 19:54:28.284,-13,-14,-37,42,49
2020/08/29 19:54:28.317,-13,-14,-37,42,80
2020/08/29 19:54:28.351,-13,-14,-37,42,73
2020/08/29 19:54:28.382,-13,-14,-37,42,69
2020/08/29 19:54:28.413,-13,-14,-37,42,45
2020/08/29 19:54:28.443,-13,-14,-37,42,54
2020/08/29 19:54:28.477,-13,-14,-37,42,35
2020/08/29 19:54:28.507,-13,-14,-37,42,28
2020/08/29 19:54:28.538,-13,-14,-37,42,25
2020/08/29 19:54:28.568,-13,-14,-37,42,29
2020/08/29 19:54:28.599,-13,-14,-37,42,20
2020/08/29 19:54:28.630,-13,-14,-37,42,28
2020/08/29 19:54:28.661,-13,-14,-37,42,23
2020/08/29 19:54:28.692,-13,-14,-37,42,25
2020/08/29 19:54:28.726,-13,-14,-37,42,25
2020/08/29 19:54:28.756,-13,-14,-37,42,25
2020/08/29 19:54:28.786,-13,-14,-37,42,25
2020/08/29 19:54:28.817,-13,-14,-37,42,25
2020/08/29 19:54:28.847,-13,-14,-37,42,28
2020/08/29 19:54:28.877,-13,-14,-37,42,25
2020/08/29 19:54:28.908,-13,-14,-37,42,25
2020/08/29 19:54:28.939,-13,-14,-37,42,20
2020/08/29 19:54:28.969,-13,-14,-37,42,25
2020/08/29 19:54:29.002,-13,-14,-37,42,25
2020/08/29 19:54:29.052,-13,-14,-37,42,25
2020/08/29 19:54:29.082,-13,-14,-37,42,27
2020/08/29 19:54:29.112,-13,-14,-37,42,18
2020/08/29 19:54:29.142,-13,-14,-37,42,29
2020/08/29 19:54:29.172,-13,-14,-37,42,28
2020/08/29 19:54:29.202,-13,-14,-37,42,25
2020/08/29 19:54:29.232,-13,-14,-37,42,33
2020/08/29 19:54:29.263,-13,-14,-37,42,41
2020/08/29 19:54:29.294,-13,-14,-37,42,42
2020/08/29 19:54:29.325,-13,-14,-37,42,54
2020/08/29 19:54:29.355,-13,-14,-37,42,49
2020/08/29 19:54:29.386,-13,-14,-37,42,41
2020/08/29 19:54:29.416,-13,-14,-37,42,31
2020/08/29 19:54:29.446,-13,-14,-37,42,39
2020/08/29 19:54:29.477,-13,-14,-37,42,44
2020/08/29 19:54:29.508,-13,-14,-37,42,43
2020/08/29 19:54:29.539,-13,-14,-37,42,38
2020/08/29 19:54:29.569,-13,-14,-37,42,18
2020/08/29 19:54:29.599,-13,-14,-37,42,29
2020/08/29 19:54:29.629,-13,-14,-37,42,40
2020/08/29 19:54:29.665,-13,-14,-37,42,37
2020/08/29 19:54:29.696,-13,-14,-37,42,31
2020/08/29 19:54:29.726,-13,-14,-37,42,32
2020/08/29 19:54:29.755,-13,-14,-37,42,33
2020/08/29 19:54:29.786,-13,-14,-37,42,27
2020/08/29 19:54:29.817,-13,-14,-37,42,31
2020/08/29 19:54:29.849,-13,-14,-37,42,54
2020/08/29 19:54:29.879,-13,-14,-37,42,56
2020/08/29 19:54:29.909,-13,-14,-37,42,29
2020/08/29 19:54:29.939,-13,-14,-37,42,45
2020/08/29 19:54:29.969,-13,-14,-37,42,43
2020/08/29 19:54:30.001,-13,-14,-37,42,33
2020/08/29 19:54:30.035,-13,-14,-37,42,47
2020/08/29 19:54:30.066,-13,-14,-37,42,29
2020/08/29 19:54:30.097,-13,-14,-37,42,38
2020/08/29 19:54:30.127,-13,-14,-37,42,41
2020/08/29 19:54:30.157,-13,-14,-37,42,39
2020/08/29 19:54:30.189,-13,-14,-37,42,77
2020/08/29 19:54:30.221,-13,-14,-37,42,45
2020/08/29 19:54:30.251,-13,-14,-37,42,44
2020/08/29 19:54:30.281,-13,-14,-37,42,37
2020/08/29 19:54:30.311,-13,-14,-37,42,28
2020/08/29 19:54:30.359,-13,-14,-37,42,28
2020/08/29 19:54:30.389,-13,-14,-37,42,33
2020/08/29 19:54:30.430,-13,-14,-37,42,25
2020/08/29 19:54:30.484,-13,-14,-37,42,29
2020/08/29 19:54:30.519,-13,-14,-37,42,35
2020/08/29 19:54:30.550,-13,-14,-37,42,32
2020/08/29 19:54:30.584,-13,-14,-37,42,39
2020/08/29 19:54:30.619,-13,-14,-37,42,29
2020/08/29 19:54:30.650,-13,-14,-37,42,35
2020/08/29 19:54:30.680,-13,-14,-37,42,38
2020/08/29 19:54:30.728,-13,-14,-37,42,37
2020/08/29 19:54:30.757,-13,-14,-37,42,32
2020/08/29 19:54:30.789,-13,-14,-37,42,47
2020/08/29 19:54:30.824,-13,-14,-37,42,38
2020/08/29 19:54:30.855,-13,-14,-37,42,37
2020/08/29 19:54:30.886,-13,-14,-37,42,34
2020/08/29 19:54:30.922,-13,-14,-37,42,58
2020/08/29 19:54:30.957,-13,-14,-37,42,78
2020/08/29 19:54:30.989,-13,-14,-37,42,63
2020/08/29 19:54:31.027,-13,-14,-37,42,59
2020/08/29 19:54:31.058,-13,-14,-37,42,38
2020/08/29 19:54:31.090,-13,-14,-37,42,55
2020/08/29 19:54:31.121,-13,-14,-37,42,69
2020/08/29 19:54:31.152,-13,-14,-37,42,41
2020/08/29 19:54:31.202,-13,-14,-37,42,63
2020/08/29 19:54:31.237,-13,-14,-37,42,63
2020/08/29 19:54:31.272,-13,-14,-37,42,71
2020/08/29 19:54:31.317,-13,-14,-37,42,67
2020/08/29 19:54:31.348,-13,-14,-37,42,71
2020/08/29 19:54:31.389,-13,-14,-37,42,81
2020/08/29 19:54:31.434,-13,-14,-37,42,42
2020/08/29 19:54:31.472,-13,-14,-37,42,51
2020/08/29 19:54:31.512,-13,-14,-37,42,76
2020/08/29 19:54:31.544,-13,-14,-37,42,75
2020/08/29 19:54:31.591,-13,-14,-37,42,54
2020/08/29 19:54:31.643,-13,-14,-37,42,49
2020/08/29 19:54:31.689,-13,-14,-37,42,52
2020/08/29 19:54:31.721,-13,-14,-37,42,46
2020/08/29 19:54:31.765,-13,-14,-37,42,30
2020/08/29 19:54:31.797,-13,-14,-37,42,90
2020/08/29 19:54:31.828,-13,-14,-37,42,55
2020/08/29 19:54:31.861,-13,-14,-37,42,54
2020/08/29 19:54:31.899,-13,-14,-37,42,56
2020/08/29 19:54:31.949,-13,-14,-37,42,58
2020/08/29 19:54:31.983,-13,-14,-37,42,56
2020/08/29 19:54:32.015,-13,-14,-37,42,62
2020/08/29 19:54:32.045,-13,-14,-37,42,37
2020/08/29 19:54:32.075,-13,-14,-37,42,58
2020/08/29 19:54:32.107,-13,-14,-37,42,46
2020/08/29 19:54:32.138,-13,-14,-37,42,45
2020/08/29 19:54:32.171,-13,-14,-37,42,48
2020/08/29 19:54:32.202,-13,-14,-37,42,39
2020/08/29 19:54:32.242,-13,-14,-37,42,50
2020/08/29 19:54:32.273,-13,-14,-37,42,51
2020/08/29 19:54:32.305,-13,-14,-37,42,37
2020/08/29 19:54:32.336,-13,-14,-37,42,49
2020/08/29 19:54:32.368,-13,-14,-37,42,50
2020/08/29 19:54:32.400,-13,-14,-37,42,47
2020/08/29 19:54:32.432,-13,-14,-37,42,45
2020/08/29 19:54:32.464,-13,-14,-37,42,46
2020/08/29 19:54:32.494,-13,-14,-37,42,41
2020/08/29 19:54:32.524,-13,-14,-37,42,53
2020/08/29 19:54:32.557,-13,-14,-37,42,57
2020/08/29 19:54:32.589,-13,-14,-37,42,47
2020/08/29 19:54:32.620,-13,-14,-37,42,47
2020/08/29 19:54:32.652,-13,-14,-37,42,37
2020/08/29 19:54:32.684,-13,-14,-37,42,45
2020/08/29 19:54:32.715,-13,-14,-37,42,40
2020/08/29 19:54:32.746,-13,-14,-37,42,30
2020/08/29 19:54:32.775,-13,-14,-37,42,28
2020/08/29 19:54:32.813,-13,-14,-37,42,32
2020/08/29 19:54:32.844,-13,-14,-37,42,27
2020/08/29 19:54:32.874,-13,-14,-37,42,32
2020/08/29 19:54:32.913,-13,-14,-37,42,25
2020/08/29 19:54:32.947,-13,-14,-37,42,36
2020/08/29 19:54:32.979,-13,-14,-37,42,48
2020/08/29 19:54:33.009,-13,-14,-37,42,52
2020/08/29 19:54:33.044,-13,-14,-37,42,50
2020/08/29 19:54:33.075,-13,-14,-37,42,46
2020/08/29 19:54:33.107,-13,-14,-37,42,47
2020/08/29 19:54:33.138,-13,-14,-37,42,47
2020/08/29 19:54:33.176,-13,-14,-37,42,45
2020/08/29 19:54:33.215,-13,-14,-37,42,36
2020/08/29 19:54:33.246,-13,-14,-37,42,50
2020/08/29 19:54:33.277,-13,-14,-37,42,35
2020/08/29 19:54:33.308,-13,-14,-37,42,25
2020/08/29 19:54:33.340,-13,-14,-37,42,26
2020/08/29 19:54:33.372,-13,-14,-37,42,33
2020/08/29 19:54:33.404,-13,-14,-37,42,29
2020/08/29 19:54:33.434,-13,-14,-37,42,20
2020/08/29 19:54:33.467,-13,-14,-37,42,20
2020/08/29 19:54:33.500,-13,-14,-37,42,38
2020/08/29 19:54:33.531,-13,-14,-37,42,23
2020/08/29 19:54:33.564,-13,-14,-37,42,32
2020/08/29 19:54:33.595,-13,-14,-37,42,45
2020/08/29 19:54:33.629,-13,-14,-37,42,43
2020/08/29 19:54:33.659,-13,-14,-37,42,52
2020/08/29 19:54:33.692,-13,-14,-37,42,50
2020/08/29 19:54:33.726,-13,-14,-37,42,52
2020/08/29 19:54:33.759,-13,-14,-37,42,36
2020/08/29 19:54:33.790,-13,-14,-37,42,88
2020/08/29 19:54:33.823,-13,-14,-37,42,58
2020/08/29 19:54:33.853,-13,-14,-37,42,29
2020/08/29 19:54:33.884,-13,-14,-37,42,23
2020/08/29 19:54:33.914,-13,-14,-37,42,29
2020/08/29 19:54:33.949,-13,-14,-37,42,28
2020/08/29 19:54:33.979,-13,-14,-37,42,29
2020/08/29 19:54:34.022,-13,-14,-37,42,22
2020/08/29 19:54:34.053,-13,-14,-37,42,25
2020/08/29 19:54:34.084,-13,-14,-37,42,25
2020/08/29 19:54:34.115,-13,-14,-37,42,25
2020/08/29 19:54:34.151,-13,-14,-37,42,35
2020/08/29 19:54:34.182,-13,-14,-37,42,39
2020/08/29 19:54:34.213,-13,-14,-37,42,29
2020/08/29 19:54:34.243,-13,-14,-37,42,42
2020/08/29 19:54:34.278,-13,-14,-37,42,47
2020/08/29 19:54:34.309,-13,-14,-37,42,54
2020/08/29 19:54:34.340,-13,-14,-37,42,49
2020/08/29 19:54:34.391,-13,-14,-37,42,43
2020/08/29 19:54:34.422,-13,-14,-37,42,39
2020/08/29 19:54:34.453,-13,-14,-37,42,35
2020/08/29 19:54:34.483,-13,-14,-37,42,32
2020/08/29 19:54:34.513,-13,-14,-37,42,29
2020/08/29 19:54:34.544,-13,-14,-37,42,37
2020/08/29 19:54:34.574,-13,-14,-37,42,37
2020/08/29 19:54:34.604,-13,-14,-37,42,25
2020/08/29 19:54:34.634,-13,-14,-37,42,36
2020/08/29 19:54:34.664,-13,-14,-37,42,25
2020/08/29 19:54:34.694,-13,-14,-37,42,32
2020/08/29 19:54:34.730,-13,-14,-37,42,25
2020/08/29 19:54:34.760,-13,-14,-37,42,29
2020/08/29 19:54:34.791,-13,-14,-37,42,37
2020/08/29 19:54:34.821,-13,-14,-37,42,33
2020/08/29 19:54:34.852,-13,-14,-37,42,33
2020/08/29 19:54:34.883,-13,-14,-37,42,30
2020/08/29 19:54:34.913,-13,-14,-37,42,37
2020/08/29 19:54:34.943,-13,-14,-37,42,52
2020/08/29 19:54:34.974,-13,-14,-37,42,43
2020/08/29 19:54:35.004,-13,-14,-37,42,32
2020/08/29 19:54:35.035,-13,-14,-37,42,33
2020/08/29 19:54:35.065,-13,-14,-37,42,33
2020/08/29 19:54:35.096,-13,-14,-37,42,31
2020/08/29 19:54:35.126,-13,-14,-37,42,29
2020/08/29 19:54:35.157,-13,-14,-37,42,19
2020/08/29 19:54:35.186,-13,-14,-37,42,16
2020/08/29 19:54:35.217,-13,-14,-37,42,16
2020/08/29 19:54:35.247,-13,-14,-37,42,18
2020/08/29 19:54:35.278,-13,-14,-37,42,16
2020/08/29 19:54:35.308,-13,-14,-37,42,18
2020/08/29 19:54:35.340,-13,-14,-37,42,18
2020/08/29 19:54:35.370,-13,-14,-37,42,20
2020/08/29 19:54:35.401,-13,-14,-37,42,16
2020/08/29 19:54:35.431,-13,-14,-37,42,18
2020/08/29 19:54:35.461,-13,-14,-37,42,25
2020/08/29 19:54:35.491,-13,-14,-37,42,25
2020/08/29 19:54:35.539,-13,-14,-37,42,27
2020/08/29 19:54:35.569,-13,-14,-37,42,25
2020/08/29 19:54:35.600,-13,-14,-37,42,25
2020/08/29 19:54:35.633,-13,-14,-37,42,25
2020/08/29 19:54:35.663,-13,-14,-37,42,25
2020/08/29 19:54:35.693,-13,-14,-37,42,8
2020/08/29 19:54:35.747,-13,-14,-37,42,4
2020/08/29 19:54:35.783,-13,-14,-37,42,23
2020/08/29 19:54:35.819,-13,-14,-37,42,40
2020/08/29 19:54:35.853,-13,-14,-37,42,55
2020/08/29 19:54:35.886,-13,-14,-37,42,47
2020/08/29 19:54:35.921,-13,-14,-37,42,54
2020/08/29 19:54:35.953,-13,-14,-37,42,41
2020/08/29 19:54:35.983,-13,-14,-37,42,42
2020/08/29 19:54:36.013,-13,-14,-37,42,30
2020/08/29 19:54:36.044,-13,-14,-37,42,40
2020/08/29 19:54:36.074,-13,-14,-37,42,35
2020/08/29 19:54:36.105,-13,-14,-37,42,36
2020/08/29 19:54:36.137,-13,-14,-37,42,37
2020/08/29 19:54:36.169,-13,-14,-37,42,51
2020/08/29 19:54:36.202,-13,-14,-37,42,62
2020/08/29 19:54:36.234,-13,-14,-37,42,54
2020/08/29 19:54:36.265,-13,-14,-37,42,64
2020/08/29 19:54:36.296,-13,-14,-37,42,70
2020/08/29 19:54:36.326,-13,-14,-37,42,46
2020/08/29 19:54:36.356,-13,-14,-37,42,55
2020/08/29 19:54:36.386,-13,-14,-37,42,39
2020/08/29 19:54:36.417,-13,-14,-37,42,30
2020/08/29 19:54:36.447,-13,-14,-37,42,36
2020/08/29 19:54:36.476,-13,-14,-37,42,28
2020/08/29 19:54:36.506,-13,-14,-37,42,25
2020/08/29 19:54:36.537,-13,-14,-37,42,37
2020/08/29 19:54:36.568,-13,-14,-37,42,32
2020/08/29 19:54:36.600,-13,-14,-37,42,42
2020/08/29 19:54:36.664,-13,-14,-37,42,59
2020/08/29 19:54:36.695,-13,-14,-37,42,52
2020/08/29 19:54:36.727,-13,-14,-37,42,56
2020/08/29 19:54:36.759,-13,-14,-37,42,65
2020/08/29 19:54:36.790,-13,-14,-37,42,61
2020/08/29 19:54:36.821,-13,-14,-37,42,46
2020/08/29 19:54:36.853,-13,-14,-37,42,41
2020/08/29 19:54:36.884,-13,-14,-37,42,40
2020/08/29 19:54:36.919,-13,-14,-37,42,37
2020/08/29 19:54:36.953,-13,-14,-37,42,47
2020/08/29 19:54:36.984,-13,-14,-37,42,36
2020/08/29 19:54:37.015,-13,-14,-37,42,31
2020/08/29 19:54:37.048,-13,-14,-37,42,35
2020/08/29 19:54:37.078,-13,-14,-37,42,38
2020/08/29 19:54:37.108,-13,-14,-37,42,27
2020/08/29 19:54:37.138,-13,-14,-37,42,26
2020/08/29 19:54:37.170,-13,-14,-37,42,27
2020/08/29 19:54:37.203,-13,-14,-37,42,25
2020/08/29 19:54:37.237,-13,-14,-37,42,22
2020/08/29 19:54:37.270,-13,-14,-37,42,25
2020/08/29 19:54:37.305,-13,-14,-37,42,37
2020/08/29 19:54:37.339,-13,-14,-37,42,23
2020/08/29 19:54:37.372,-13,-14,-37,42,29
2020/08/29 19:54:37.404,-13,-14,-37,42,20
2020/08/29 19:54:37.436,-13,-14,-37,42,25
2020/08/29 19:54:37.471,-13,-14,-37,42,41
2020/08/29 19:54:37.503,-13,-14,-37,42,54
2020/08/29 19:54:37.535,-13,-14,-37,42,50
2020/08/29 19:54:37.570,-13,-14,-37,42,30
2020/08/29 19:54:37.607,-13,-14,-37,42,43
2020/08/29 19:54:37.639,-13,-14,-37,42,44
2020/08/29 19:54:37.671,-13,-14,-37,42,64
2020/08/29 19:54:37.707,-13,-14,-37,42,27
2020/08/29 19:54:37.742,-13,-14,-37,42,44
2020/08/29 19:54:37.783,-13,-14,-37,42,39
2020/08/29 19:54:37.828,-13,-14,-37,42,51
2020/08/29 19:54:37.858,-13,-14,-37,42,45
2020/08/29 19:54:37.891,-13,-14,-37,42,40
2020/08/29 19:54:37.921,-13,-14,-37,42,42
2020/08/29 19:54:37.954,-13,-14,-37,42,33
2020/08/29 19:54:37.986,-13,-14,-37,42,32
2020/08/29 19:54:38.018,-13,-14,-37,42,31
2020/08/29 19:54:38.058,-13,-14,-37,42,40
2020/08/29 19:54:38.088,-13,-14,-37,42,33
2020/08/29 19:54:38.120,-13,-14,-37,42,28
2020/08/29 19:54:38.152,-13,-14,-37,42,22
2020/08/29 19:54:38.183,-13,-14,-37,42,35
2020/08/29 19:54:38.215,-13,-14,-37,42,18
2020/08/29 19:54:38.248,-13,-14,-37,42,28
2020/08/29 19:54:38.282,-13,-14,-37,42,35
2020/08/29 19:54:38.312,-13,-14,-37,42,34
2020/08/29 19:54:38.342,-13,-14,-37,42,45
2020/08/29 19:54:38.380,-13,-14,-37,42,41
2020/08/29 19:54:38.410,-13,-14,-37,42,25
2020/08/29 19:54:38.440,-13,-14,-37,42,37
2020/08/29 19:54:38.470,-13,-14,-37,42,23
2020/08/29 19:54:38.504,-13,-14,-37,42,10
2020/08/29 19:54:38.540,-13,-14,-37,42,20
2020/08/29 19:54:38.574,-13,-14,-37,42,29
2020/08/29 19:54:38.608,-13,-14,-37,42,20
2020/08/29 19:54:38.643,-13,-14,-37,42,28
2020/08/29 19:54:38.678,-13,-14,-37,42,28
2020/08/29 19:54:38.712,-13,-14,-37,42,34
2020/08/29 19:54:38.745,-13,-14,-37,42,31
2020/08/29 19:54:38.779,-13,-14,-37,42,24
2020/08/29 19:54:38.810,-13,-14,-37,42,38
2020/08/29 19:54:38.842,-13,-14,-37,42,54
2020/08/29 19:54:38.891,-13,-14,-37,42,47
2020/08/29 19:54:38.922,-13,-14,-37,42,33
2020/08/29 19:54:38.952,-13,-14,-37,42,14
2020/08/29 19:54:38.982,-13,-14,-37,42,19
2020/08/29 19:54:39.014,-13,-14,-37,42,30
2020/08/29 19:54:39.046,-13,-14,-37,42,34
2020/08/29 19:54:39.083,-13,-14,-37,42,43
2020/08/29 19:54:39.117,-13,-14,-37,42,51
2020/08/29 19:54:39.151,-13,-14,-37,42,31
2020/08/29 19:54:39.184,-13,-14,-37,42,45
2020/08/29 19:54:39.215,-13,-14,-37,42,48
2020/08/29 19:54:39.246,-13,-14,-37,42,30
2020/08/29 19:54:39.276,-13,-14,-37,42,29
2020/08/29 19:54:39.306,-13,-14,-37,42,23
2020/08/29 19:54:39.337,-13,-14,-37,42,15
2020/08/29 19:54:39.370,-13,-14,-37,42,16
2020/08/29 19:54:39.402,-13,-14,-37,42,28
2020/08/29 19:54:39.433,-13,-14,-37,42,16
2020/08/29 19:54:39.465,-13,-14,-37,42,16
2020/08/29 19:54:39.498,-13,-14,-37,42,15
2020/08/29 19:54:39.533,-13,-14,-37,42,20
2020/08/29 19:54:39.568,-13,-14,-37,42,14
2020/08/29 19:54:39.600,-13,-14,-37,42,32
2020/08/29 19:54:39.633,-13,-14,-37,42,27
2020/08/29 19:54:39.667,-13,-14,-37,42,21
2020/08/29 19:54:39.701,-13,-14,-37,42,37
2020/08/29 19:54:39.733,-13,-14,-37,42,53
2020/08/29 19:54:39.764,-13,-14,-37,42,34
2020/08/29 19:54:39.795,-13,-14,-37,42,33
2020/08/29 19:54:39.826,-13,-14,-37,42,52
2020/08/29 19:54:39.860,-13,-14,-37,42,50
2020/08/29 19:54:39.911,-13,-14,-37,42,59
2020/08/29 19:54:39.942,-13,-14,-37,42,50
2020/08/29 19:54:39.992,-13,-14,-37,42,16
2020/08/29 19:54:40.029,-13,-14,-37,42,38
2020/08/29 19:54:40.061,-13,-14,-37,42,31
2020/08/29 19:54:40.095,-13,-14,-37,42,29
2020/08/29 19:54:40.133,-13,-14,-37,42,31
2020/08/29 19:54:40.174,-13,-14,-37,42,26
2020/08/29 19:54:40.209,-13,-14,-37,42,16
2020/08/29 19:54:40.247,-13,-14,-37,42,27
2020/08/29 19:54:40.282,-13,-14,-37,42,27
2020/08/29 19:54:40.313,-13,-14,-37,42,22
2020/08/29 19:54:40.348,-13,-14,-37,42,22
2020/08/29 19:54:40.385,-13,-14,-37,42,17
2020/08/29 19:54:40.426,-13,-14,-37,42,15
2020/08/29 19:54:40.461,-13,-14,-37,42,34
2020/08/29 19:54:40.495,-13,-14,-37,42,26
2020/08/29 19:54:40.537,-13,-14,-37,42,17
2020/08/29 19:54:40.574,-13,-14,-37,42,64
2020/08/29 19:54:40.610,-13,-14,-37,42,71
2020/08/29 19:54:40.648,-13,-14,-37,42,71
2020/08/29 19:54:40.694,-13,-14,-37,42,61
2020/08/29 19:54:40.734,-13,-14,-37,42,67
2020/08/29 19:54:40.775,-13,-14,-37,42,67
2020/08/29 19:54:40.813,-13,-14,-37,42,71
2020/08/29 19:54:40.845,-13,-14,-37,42,62
2020/08/29 19:54:40.877,-13,-14,-37,42,73
2020/08/29 19:54:40.908,-13,-14,-37,42,57
2020/08/29 19:54:40.949,-13,-14,-37,42,63
2020/08/29 19:54:40.989,-13,-14,-37,42,71
2020/08/29 19:54:41.070,-13,-14,-37,42,63
2020/08/29 19:54:41.102,-13,-14,-37,42,57
2020/08/29 19:54:41.134,-13,-14,-37,42,48
2020/08/29 19:54:41.211,-13,-14,-37,42,42
2020/08/29 19:54:41.249,-13,-14,-37,42,56
2020/08/29 19:54:41.280,-13,-14,-37,42,51
2020/08/29 19:54:41.311,-13,-14,-37,42,58
2020/08/29 19:54:41.349,-13,-14,-37,42,82
2020/08/29 19:54:41.382,-13,-14,-37,42,54
2020/08/29 19:54:41.415,-13,-14,-37,42,55
2020/08/29 19:54:41.468,-13,-14,-37,42,66
2020/08/29 19:54:41.501,-13,-14,-37,42,60
2020/08/29 19:54:41.537,-13,-14,-37,42,36
2020/08/29 19:54:41.582,-13,-14,-37,42,37
2020/08/29 19:54:41.614,-13,-14,-37,42,43
2020/08/29 19:54:41.646,-13,-14,-37,42,21
2020/08/29 19:54:41.679,-13,-14,-37,42,44
2020/08/29 19:54:41.711,-13,-14,-37,42,36
2020/08/29 19:54:41.742,-13,-14,-37,42,29
2020/08/29 19:54:41.779,-13,-14,-37,42,55
2020/08/29 19:54:41.813,-13,-14,-37,42,58
2020/08/29 19:54:41.847,-13,-14,-37,42,56
2020/08/29 19:54:41.882,-13,-14,-37,42,42
2020/08/29 19:54:41.917,-13,-14,-37,42,50
2020/08/29 19:54:41.953,-13,-14,-37,42,70
2020/08/29 19:54:41.992,-13,-14,-37,42,72
2020/08/29 19:54:42.027,-13,-14,-37,42,59
2020/08/29 19:54:42.059,-13,-14,-37,42,54
2020/08/29 19:54:42.089,-13,-14,-37,42,35
2020/08/29 19:54:42.121,-13,-14,-37,42,33
2020/08/29 19:54:42.152,-13,-14,-37,42,37
2020/08/29 19:54:42.184,-13,-14,-37,42,54
2020/08/29 19:54:42.217,-13,-14,-37,42,58
2020/08/29 19:54:42.297,-13,-14,-37,42,58
2020/08/29 19:54:42.337,-13,-14,-37,42,52
2020/08/29 19:54:42.387,-13,-14,-37,42,62
2020/08/29 19:54:42.419,-13,-14,-37,42,50
2020/08/29 19:54:42.450,-13,-14,-37,42,45
2020/08/29 19:54:42.481,-13,-14,-37,42,67
2020/08/29 19:54:42.513,-13,-14,-37,42,66
2020/08/29 19:54:42.553,-13,-14,-37,42,47
2020/08/29 19:54:42.608,-13,-14,-37,42,50
2020/08/29 19:54:42.640,-13,-14,-37,42,55
2020/08/29 19:54:42.671,-13,-14,-37,42,39
2020/08/29 19:54:42.701,-13,-14,-37,42,33
2020/08/29 19:54:42.732,-13,-14,-37,42,33
2020/08/29 19:54:42.763,-13,-14,-37,42,37
2020/08/29 19:54:42.793,-13,-14,-37,42,37
2020/08/29 19:54:42.824,-13,-14,-37,42,31
2020/08/29 19:54:42.854,-13,-14,-37,42,41
2020/08/29 19:54:42.886,-13,-14,-37,42,34
2020/08/29 19:54:42.919,-13,-14,-37,42,50
2020/08/29 19:54:42.960,-13,-14,-37,42,51
2020/08/29 19:54:43.010,-13,-14,-37,42,56
2020/08/29 19:54:43.044,-13,-14,-37,42,60
2020/08/29 19:54:43.086,-13,-14,-37,42,46
2020/08/29 19:54:43.120,-13,-14,-37,42,46
2020/08/29 19:54:43.158,-13,-14,-37,42,43
2020/08/29 19:54:43.190,-13,-14,-37,42,43
2020/08/29 19:54:43.225,-13,-14,-37,42,76
2020/08/29 19:54:43.257,-13,-14,-37,42,50
2020/08/29 19:54:43.288,-13,-14,-37,42,45
2020/08/29 19:54:43.319,-13,-14,-37,42,30
2020/08/29 19:54:43.359,-13,-14,-37,42,43
2020/08/29 19:54:43.408,-13,-14,-37,42,34
2020/08/29 19:54:43.447,-13,-14,-37,42,22
2020/08/29 19:54:43.482,-13,-14,-37,42,21
2020/08/29 19:54:43.514,-13,-14,-37,42,58
2020/08/29 19:54:43.559,-13,-14,-37,42,56
2020/08/29 19:54:43.591,-13,-14,-37,42,68
2020/08/29 19:54:43.625,-13,-14,-37,42,61
2020/08/29 19:54:43.659,-13,-14,-37,42,40
2020/08/29 19:54:43.691,-13,-14,-37,42,56
2020/08/29 19:54:43.723,-13,-14,-37,42,48
2020/08/29 19:54:43.756,-13,-14,-37,42,48
2020/08/29 19:54:43.789,-13,-14,-37,42,58
2020/08/29 19:54:43.822,-13,-14,-37,42,72
2020/08/29 19:54:43.856,-13,-14,-37,42,57
2020/08/29 19:54:43.888,-13,-14,-37,42,52
2020/08/29 19:54:43.920,-13,-14,-37,42,55
2020/08/29 19:54:43.952,-13,-14,-37,42,40
2020/08/29 19:54:43.984,-13,-14,-37,42,40
2020/08/29 19:54:44.017,-13,-14,-37,42,33
2020/08/29 19:54:44.049,-13,-14,-37,42,34
2020/08/29 19:54:44.079,-13,-14,-37,42,30
2020/08/29 19:54:44.111,-13,-14,-37,42,24
2020/08/29 19:54:44.143,-13,-14,-37,42,18
2020/08/29 19:54:44.178,-13,-14,-37,42,14
2020/08/29 19:54:44.209,-13,-14,-37,42,34
2020/08/29 19:54:44.240,-13,-14,-37,42,21
2020/08/29 19:54:44.280,-13,-14,-37,42,23
2020/08/29 19:54:44.314,-13,-14,-37,42,33
2020/08/29 19:54:44.349,-13,-14,-37,42,33
2020/08/29 19:54:44.387,-13,-14,-37,42,31
2020/08/29 19:54:44.423,-13,-14,-37,42,25
2020/08/29 19:54:44.468,-13,-14,-37,42,35
2020/08/29 19:54:44.505,-13,-14,-37,42,37
2020/08/29 19:54:44.539,-13,-14,-37,42,18
2020/08/29 19:54:44.576,-13,-14,-37,42,43
2020/08/29 19:54:44.611,-13,-14,-37,42,28
2020/08/29 19:54:44.642,-13,-14,-37,42,22
2020/08/29 19:54:44.675,-13,-14,-37,42,21
2020/08/29 19:54:44.706,-13,-14,-37,42,22
2020/08/29 19:54:44.743,-13,-14,-37,42,36
2020/08/29 19:54:44.779,-13,-14,-37,42,28
2020/08/29 19:54:44.816,-13,-14,-37,42,28
2020/08/29 19:54:44.857,-13,-14,-37,42,22
2020/08/29 19:54:44.892,-13,-14,-37,42,31
2020/08/29 19:54:44.938,-13,-14,-37,42,12
2020/08/29 19:54:44.974,-13,-14,-37,42,30
2020/08/29 19:54:45.008,-13,-14,-37,42,18
2020/08/29 19:54:45.041,-13,-14,-37,42,41
2020/08/29 19:54:45.075,-13,-14,-37,42,18
2020/08/29 19:54:45.113,-13,-14,-37,42,25
2020/08/29 19:54:45.154,-13,-14,-37,42,28
2020/08/29 19:54:45.195,-13,-14,-37,42,26
2020/08/29 19:54:45.235,-13,-14,-37,42,48
2020/08/29 19:54:45.272,-13,-14,-37,42,39
2020/08/29 19:54:45.311,-13,-14,-37,42,27
2020/08/29 19:54:45.342,-13,-14,-37,42,40
2020/08/29 19:54:45.377,-13,-14,-37,42,27
2020/08/29 19:54:45.416,-13,-14,-37,42,35
2020/08/29 19:54:45.447,-13,-14,-37,42,23
2020/08/29 19:54:45.489,-13,-14,-37,42,35
2020/08/29 19:54:45.530,-13,-14,-37,42,42
2020/08/29 19:54:45.566,-13,-14,-37,42,36
2020/08/29 19:54:45.598,-13,-14,-37,42,50
2020/08/29 19:54:45.631,-13,-14,-37,42,42
2020/08/29 19:54:45.666,-13,-14,-37,42,38
2020/08/29 19:54:45.702,-13,-14,-37,42,42
2020/08/29 19:54:45.738,-13,-14,-37,42,44
2020/08/29 19:54:45.772,-13,-14,-37,42,35
2020/08/29 19:54:45.804,-13,-14,-37,42,27
2020/08/29 19:54:45.837,-13,-14,-37,42,25
2020/08/29 19:54:45.870,-13,-14,-37,42,30
2020/08/29 19:54:45.904,-13,-14,-37,42,28
2020/08/29 19:54:45.938,-13,-14,-37,42,13
2020/08/29 19:54:45.971,-13,-14,-37,42,38
2020/08/29 19:54:46.004,-13,-14,-37,42,41
2020/08/29 19:54:46.038,-13,-14,-37,42,44
2020/08/29 19:54:46.072,-13,-14,-37,42,35
2020/08/29 19:54:46.108,-13,-14,-37,42,20
2020/08/29 19:54:46.145,-13,-14,-37,42,39
2020/08/29 19:54:46.179,-13,-14,-37,42,29
2020/08/29 19:54:46.214,-13,-14,-37,42,36
2020/08/29 19:54:46.247,-13,-14,-37,42,27
2020/08/29 19:54:46.279,-13,-14,-37,42,27
2020/08/29 19:54:46.310,-13,-14,-37,42,15
2020/08/29 19:54:46.347,-13,-14,-37,42,15
2020/08/29 19:54:46.387,-13,-14,-37,42,7
2020/08/29 19:54:46.423,-13,-14,-37,42,20
2020/08/29 19:54:46.460,-13,-14,-37,42,12
2020/08/29 19:54:46.501,-13,-14,-37,42,38
2020/08/29 19:54:46.538,-13,-14,-37,42,41
2020/08/29 19:54:46.577,-13,-14,-37,42,41
2020/08/29 19:54:46.608,-13,-14,-37,42,32
2020/08/29 19:54:46.641,-13,-14,-37,42,27
2020/08/29 19:54:46.681,-13,-14,-37,42,40
2020/08/29 19:54:46.718,-13,-14,-37,42,35
2020/08/29 19:54:46.753,-13,-14,-37,42,39
2020/08/29 19:54:46.789,-13,-14,-37,42,27
2020/08/29 19:54:46.823,-13,-14,-37,42,44
2020/08/29 19:54:46.858,-13,-14,-37,42,32
2020/08/29 19:54:46.892,-13,-14,-37,42,41
2020/08/29 19:54:46.927,-13,-14,-37,42,26
2020/08/29 19:54:46.961,-13,-14,-37,42,31
2020/08/29 19:54:46.995,-13,-14,-37,42,41
2020/08/29 19:54:47.031,-13,-14,-37,42,42
2020/08/29 19:54:47.069,-13,-14,-37,42,27
2020/08/29 19:54:47.104,-13,-14,-37,42,21
2020/08/29 19:54:47.140,-13,-14,-37,42,29
2020/08/29 19:54:47.176,-13,-14,-37,42,34
2020/08/29 19:54:47.208,-13,-14,-37,42,30
2020/08/29 19:54:47.241,-13,-14,-37,42,32
2020/08/29 19:54:47.274,-13,-14,-37,42,30
2020/08/29 19:54:47.309,-13,-14,-37,42,36
2020/08/29 19:54:47.355,-13,-14,-37,42,26
2020/08/29 19:54:47.391,-13,-14,-37,42,35
2020/08/29 19:54:47.426,-13,-14,-37,42,33
2020/08/29 19:54:47.463,-13,-14,-37,42,31
2020/08/29 19:54:47.497,-13,-14,-37,42,27
2020/08/29 19:54:47.537,-13,-14,-37,42,28
2020/08/29 19:54:47.578,-13,-14,-37,42,19
2020/08/29 19:54:47.618,-13,-14,-37,42,33
2020/08/29 19:54:47.656,-13,-14,-37,42,15
2020/08/29 19:54:47.691,-13,-14,-37,42,15
2020/08/29 19:54:47.726,-13,-14,-37,42,20
2020/08/29 19:54:47.768,-13,-14,-37,42,16
2020/08/29 19:54:47.814,-13,-14,-37,42,19
2020/08/29 19:54:47.852,-13,-14,-37,42,28
2020/08/29 19:54:47.896,-13,-14,-37,42,18
2020/08/29 19:54:47.937,-13,-14,-37,42,28
2020/08/29 19:54:47.986,-13,-14,-37,42,25
2020/08/29 19:54:48.030,-13,-14,-37,42,23
2020/08/29 19:54:48.066,-13,-14,-37,42,17
2020/08/29 19:54:48.102,-13,-14,-37,42,16
2020/08/29 19:54:48.142,-13,-14,-37,42,26
2020/08/29 19:54:48.173,-13,-14,-37,42,19
2020/08/29 19:54:48.207,-13,-14,-37,42,13
2020/08/29 19:54:48.246,-13,-14,-37,42,20
2020/08/29 19:54:48.281,-13,-14,-37,42,31
2020/08/29 19:54:48.315,-13,-14,-37,42,14
2020/08/29 19:54:48.358,-13,-14,-37,42,25
2020/08/29 19:54:48.396,-13,-14,-37,42,25
2020/08/29 19:54:48.434,-13,-14,-37,42,21
2020/08/29 19:54:48.470,-13,-14,-37,42,30
2020/08/29 19:54:48.505,-13,-14,-37,42,29
2020/08/29 19:54:48.547,-13,-14,-37,42,17
2020/08/29 19:54:48.583,-13,-14,-37,42,24
2020/08/29 19:54:48.621,-13,-14,-37,42,26
2020/08/29 19:54:48.659,-13,-14,-37,42,30
2020/08/29 19:54:48.696,-13,-14,-37,42,31
2020/08/29 19:54:48.734,-13,-14,-37,42,25
2020/08/29 19:54:48.768,-13,-14,-37,42,28
2020/08/29 19:54:48.803,-13,-14,-37,42,30
2020/08/29 19:54:48.836,-13,-14,-37,42,26
2020/08/29 19:54:48.870,-13,-14,-37,42,18
2020/08/29 19:54:48.906,-13,-14,-37,42,26
2020/08/29 19:54:48.939,-13,-14,-37,42,24
2020/08/29 19:54:48.975,-13,-14,-37,42,19
2020/08/29 19:54:49.017,-13,-14,-37,42,15
2020/08/29 19:54:49.062,-13,-14,-37,42,20
2020/08/29 19:54:49.102,-13,-14,-37,42,13
2020/08/29 19:54:49.139,-13,-14,-37,42,23
2020/08/29 19:54:49.183,-13,-14,-37,42,23
2020/08/29 19:54:49.223,-13,-14,-37,42,27
2020/08/29 19:54:49.271,-13,-14,-37,42,23
2020/08/29 19:54:49.304,-13,-14,-37,42,38
2020/08/29 19:54:49.338,-13,-14,-37,42,38
2020/08/29 19:54:49.370,-13,-14,-37,42,36
2020/08/29 19:54:49.407,-13,-14,-37,42,29
2020/08/29 19:54:49.441,-13,-14,-37,42,22
2020/08/29 19:54:49.473,-13,-14,-37,42,32
2020/08/29 19:54:49.503,-13,-14,-37,42,21
2020/08/29 19:54:49.534,-13,-14,-37,42,25
2020/08/29 19:54:49.567,-13,-14,-37,42,25
2020/08/29 19:54:49.599,-13,-14,-37,42,25
2020/08/29 19:54:49.634,-13,-14,-37,42,14
2020/08/29 19:54:49.669,-13,-14,-37,42,4
2020/08/29 19:54:49.706,-13,-14,-37,42,21
2020/08/29 19:54:49.739,-13,-14,-37,42,25
2020/08/29 19:54:49.773,-13,-14,-37,42,7
2020/08/29 19:54:49.823,-13,-14,-37,42,4
2020/08/29 19:54:49.872,-13,-14,-37,42,7
2020/08/29 19:54:49.907,-13,-14,-37,42,12
2020/08/29 19:54:49.941,-13,-14,-37,42,15
2020/08/29 19:54:49.975,-13,-14,-37,42,7
2020/08/29 19:54:50.013,-13,-14,-37,42,11
2020/08/29 19:54:50.048,-13,-14,-37,42,18
2020/08/29 19:54:50.083,-13,-14,-37,42,7
2020/08/29 19:54:50.118,-13,-14,-37,42,7
2020/08/29 19:54:50.157,-13,-14,-37,42,10
2020/08/29 19:54:50.197,-13,-14,-37,42,9
2020/08/29 19:54:50.236,-13,-14,-37,42,9
2020/08/29 19:54:50.276,-13,-14,-37,42,12
2020/08/29 19:54:50.315,-13,-14,-37,42,6
2020/08/29 19:54:50.355,-13,-14,-37,42,6
2020/08/29 19:54:50.395,-13,-14,-37,42,7
2020/08/29 19:54:50.434,-13,-14,-37,42,6
2020/08/29 19:54:50.474,-13,-14,-37,42,8
2020/08/29 19:54:50.513,-13,-14,-37,42,8
2020/08/29 19:54:50.552,-13,-14,-37,42,6
2020/08/29 19:54:50.591,-13,-14,-37,42,15
2020/08/29 19:54:50.627,-13,-14,-37,42,13
2020/08/29 19:54:50.673,-13,-14,-37,42,9
2020/08/29 19:54:50.708,-13,-14,-37,42,11
2020/08/29 19:54:50.754,-13,-14,-37,42,10
2020/08/29 19:54:50.789,-13,-14,-37,42,8
2020/08/29 19:54:50.837,-13,-14,-37,42,13
2020/08/29 19:54:50.869,-13,-14,-37,42,4
2020/08/29 19:54:50.908,-13,-14,-37,42,8
2020/08/29 19:54:50.953,-13,-14,-37,42,12
2020/08/29 19:54:50.989,-13,-14,-37,42,8
2020/08/29 19:54:51.022,-13,-14,-37,42,33
2020/08/29 19:54:51.056,-13,-14,-37,42,16
2020/08/29 19:54:51.092,-13,-14,-37,42,14
2020/08/29 19:54:51.129,-13,-14,-37,42,19
2020/08/29 19:54:51.176,-13,-14,-37,42,16
2020/08/29 19:54:51.214,-13,-14,-37,42,32
2020/08/29 19:54:51.255,-13,-14,-37,42,19
2020/08/29 19:54:51.296,-13,-14,-37,42,15
2020/08/29 19:54:51.340,-13,-14,-37,42,20
2020/08/29 19:54:51.380,-13,-14,-37,42,21
2020/08/29 19:54:51.421,-13,-14,-37,42,26
2020/08/29 19:54:51.462,-13,-14,-37,42,15
2020/08/29 19:54:51.499,-13,-14,-37,42,23
2020/08/29 19:54:51.543,-13,-14,-37,42,20
2020/08/29 19:54:51.587,-13,-14,-37,42,20
2020/08/29 19:54:51.624,-13,-14,-37,42,21
2020/08/29 19:54:51.661,-13,-14,-37,42,12
2020/08/29 19:54:51.697,-13,-14,-37,42,26
2020/08/29 19:54:51.733,-13,-14,-37,42,15
2020/08/29 19:54:51.770,-13,-14,-37,42,13
2020/08/29 19:54:51.817,-13,-14,-37,42,26
2020/08/29 19:54:51.859,-13,-14,-37,42,28
2020/08/29 19:54:51.892,-13,-14,-37,42,20
2020/08/29 19:54:51.942,-13,-14,-37,42,9
2020/08/29 19:54:51.992,-13,-14,-37,42,21
2020/08/29 19:54:52.025,-13,-14,-37,42,22
2020/08/29 19:54:52.066,-13,-14,-37,42,16
2020/08/29 19:54:52.103,-13,-14,-37,42,11
2020/08/29 19:54:52.138,-13,-14,-37,42,8
2020/08/29 19:54:52.179,-13,-14,-37,42,18
2020/08/29 19:54:52.219,-13,-14,-37,42,21
2020/08/29 19:54:52.263,-13,-14,-37,42,16
2020/08/29 19:54:52.303,-13,-14,-37,42,29
2020/08/29 19:54:52.351,-13,-14,-37,42,21
2020/08/29 19:54:52.389,-13,-14,-37,42,32
2020/08/29 19:54:52.433,-13,-14,-37,42,21
2020/08/29 19:54:52.468,-13,-14,-37,42,15
2020/08/29 19:54:52.507,-13,-14,-37,42,27
2020/08/29 19:54:52.539,-13,-14,-37,42,26
2020/08/29 19:54:52.571,-13,-14,-37,42,23
2020/08/29 19:54:52.602,-13,-14,-37,42,14
2020/08/29 19:54:52.637,-13,-14,-37,42,7
2020/08/29 19:54:52.676,-13,-14,-37,42,6
2020/08/29 19:54:52.714,-13,-14,-37,42,4
2020/08/29 19:54:52.752,-13,-14,-37,42,8
2020/08/29 19:54:52.791,-13,-14,-37,42,6
2020/08/29 19:54:52.830,-13,-14,-37,42,6
2020/08/29 19:54:52.866,-13,-14,-37,42,6
2020/08/29 19:54:52.901,-13,-14,-37,42,13
2020/08/29 19:54:52.937,-13,-14,-37,42,16
2020/08/29 19:54:52.974,-13,-14,-37,42,16
2020/08/29 19:54:53.019,-13,-14,-37,42,28
2020/08/29 19:54:53.057,-13,-14,-37,42,30
2020/08/29 19:54:53.089,-13,-14,-37,42,38
2020/08/29 19:54:53.123,-13,-14,-37,42,22
2020/08/29 19:54:53.155,-13,-14,-37,42,14
2020/08/29 19:54:53.195,-13,-14,-37,42,8
2020/08/29 19:54:53.239,-13,-14,-37,42,14
2020/08/29 19:54:53.279,-13,-14,-37,42,15
2020/08/29 19:54:53.316,-13,-14,-37,42,35
2020/08/29 19:54:53.349,-13,-14,-37,42,30
2020/08/29 19:54:53.387,-13,-14,-37,42,25
2020/08/29 19:54:53.423,-13,-14,-37,42,32
2020/08/29 19:54:53.456,-13,-14,-37,42,29
2020/08/29 19:54:53.489,-13,-14,-37,42,16
2020/08/29 19:54:53.524,-13,-14,-37,42,33
2020/08/29 19:54:53.556,-13,-14,-37,42,23
2020/08/29 19:54:53.589,-13,-14,-37,42,30
2020/08/29 19:54:53.624,-13,-14,-37,42,15
2020/08/29 19:54:53.655,-13,-14,-37,42,21
2020/08/29 19:54:53.689,-13,-14,-37,42,24
2020/08/29 19:54:53.723,-13,-14,-37,42,12
2020/08/29 19:54:53.756,-13,-14,-37,42,23
2020/08/29 19:54:53.786,-13,-14,-37,42,15
2020/08/29 19:54:53.822,-13,-14,-37,42,10
2020/08/29 19:54:53.869,-13,-14,-37,42,30
2020/08/29 19:54:53.907,-13,-14,-37,42,21
2020/08/29 19:54:53.942,-13,-14,-37,42,32
2020/08/29 19:54:53.975,-13,-14,-37,42,25
2020/08/29 19:54:54.009,-13,-14,-37,42,14
2020/08/29 19:54:54.043,-13,-14,-37,42,49
2020/08/29 19:54:54.075,-13,-14,-37,42,33
2020/08/29 19:54:54.106,-13,-14,-37,42,46
2020/08/29 19:54:54.138,-13,-14,-37,42,34
2020/08/29 19:54:54.171,-13,-14,-37,42,31
2020/08/29 19:54:54.216,-13,-14,-37,42,35
2020/08/29 19:54:54.248,-13,-14,-37,42,50
2020/08/29 19:54:54.282,-13,-14,-37,42,29
2020/08/29 19:54:54.315,-13,-14,-37,42,29
2020/08/29 19:54:54.347,-13,-14,-37,42,36
2020/08/29 19:54:54.378,-13,-14,-37,42,22
2020/08/29 19:54:54.408,-13,-14,-37,42,22
2020/08/29 19:54:54.441,-13,-14,-37,42,32
2020/08/29 19:54:54.474,-13,-14,-37,42,41
2020/08/29 19:54:54.509,-13,-14,-37,42,27
2020/08/29 19:54:54.541,-13,-14,-37,42,25
2020/08/29 19:54:54.576,-13,-14,-37,42,30
2020/08/29 19:54:54.607,-13,-14,-37,42,30
2020/08/29 19:54:54.639,-13,-14,-37,42,29
2020/08/29 19:54:54.670,-13,-14,-37,42,8
2020/08/29 19:54:54.701,-13,-14,-37,42,4
2020/08/29 19:54:54.741,-13,-14,-37,42,7
2020/08/29 19:54:54.775,-13,-14,-37,42,18
2020/08/29 19:54:54.814,-13,-14,-37,42,4
2020/08/29 19:54:54.853,-13,-14,-37,42,9
2020/08/29 19:54:54.888,-13,-14,-37,42,13
2020/08/29 19:54:54.931,-13,-14,-37,42,16
2020/08/29 19:54:54.969,-13,-14,-37,42,29
2020/08/29 19:54:55.005,-13,-14,-37,42,35
2020/08/29 19:54:55.040,-13,-14,-37,42,27
2020/08/29 19:54:55.073,-13,-14,-37,42,33
2020/08/29 19:54:55.104,-13,-14,-37,42,28
2020/08/29 19:54:55.136,-13,-14,-37,42,13
2020/08/29 19:54:55.167,-13,-14,-37,42,4
2020/08/29 19:54:55.202,-13,-14,-37,42,8
2020/08/29 19:54:55.237,-13,-14,-37,42,13
2020/08/29 19:54:55.279,-13,-14,-37,42,6
2020/08/29 19:54:55.319,-13,-14,-37,42,6
2020/08/29 19:54:55.359,-13,-14,-37,42,9
2020/08/29 19:54:55.400,-13,-14,-37,42,11
2020/08/29 19:54:55.451,-13,-14,-37,42,9
2020/08/29 19:54:55.490,-13,-14,-37,42,33
2020/08/29 19:54:55.524,-13,-14,-37,42,25
2020/08/29 19:54:55.558,-13,-14,-37,42,23
2020/08/29 19:54:55.591,-13,-14,-37,42,24
2020/08/29 19:54:55.624,-13,-14,-37,42,16
2020/08/29 19:54:55.669,-13,-14,-37,42,30
2020/08/29 19:54:55.703,-13,-14,-37,42,26
2020/08/29 19:54:55.737,-13,-14,-37,42,14
2020/08/29 19:54:55.770,-13,-14,-37,42,16
2020/08/29 19:54:55.803,-13,-14,-37,42,13
2020/08/29 19:54:55.839,-13,-14,-37,42,4
2020/08/29 19:54:55.881,-13,-14,-37,42,15
2020/08/29 19:54:55.923,-13,-14,-37,42,16
2020/08/29 19:54:55.957,-13,-14,-37,42,11
2020/08/29 19:54:56.001,-13,-14,-37,42,7
2020/08/29 19:54:56.041,-13,-14,-37,42,26
2020/08/29 19:54:56.078,-13,-14,-37,42,45
2020/08/29 19:54:56.112,-13,-14,-37,42,34
2020/08/29 19:54:56.148,-13,-14,-37,42,31
2020/08/29 19:54:56.179,-13,-14,-37,42,33
2020/08/29 19:54:56.213,-13,-14,-37,42,0
2020/08/29 19:54:56.248,-13,-14,-37,42,7
2020/08/29 19:54:56.282,-13,-14,-37,42,20
2020/08/29 19:54:56.316,-13,-14,-37,42,4
2020/08/29 19:54:56.370,-13,-14,-37,42,6
2020/08/29 19:54:56.406,-13,-14,-37,42,25
2020/08/29 19:54:56.440,-13,-14,-37,42,13
2020/08/29 19:54:56.482,-13,-14,-37,42,9
2020/08/29 19:54:56.521,-13,-14,-37,42,27
2020/08/29 19:54:56.557,-13,-14,-37,42,38
2020/08/29 19:54:56.593,-13,-14,-37,42,30
2020/08/29 19:54:56.626,-13,-14,-37,42,29
2020/08/29 19:54:56.657,-13,-14,-37,42,13
2020/08/29 19:54:56.690,-13,-14,-37,42,26
2020/08/29 19:54:56.735,-13,-14,-37,42,13
2020/08/29 19:54:56.769,-13,-14,-37,42,8
2020/08/29 19:54:56.806,-13,-14,-37,42,6
2020/08/29 19:54:56.840,-13,-14,-37,42,7
2020/08/29 19:54:56.875,-13,-14,-37,42,17
2020/08/29 19:54:56.909,-13,-14,-37,42,6
2020/08/29 19:54:56.947,-13,-14,-37,42,16
2020/08/29 19:54:56.980,-13,-14,-37,42,22
2020/08/29 19:54:57.014,-13,-14,-37,42,19
2020/08/29 19:54:57.045,-13,-14,-37,42,34
2020/08/29 19:54:57.077,-13,-14,-37,42,12
2020/08/29 19:54:57.109,-13,-14,-37,42,27
2020/08/29 19:54:57.144,-13,-14,-37,42,11
2020/08/29 19:54:57.180,-13,-14,-37,42,17
2020/08/29 19:54:57.218,-13,-14,-37,42,40
2020/08/29 19:54:57.252,-13,-14,-37,42,32
2020/08/29 19:54:57.287,-13,-14,-37,42,8
2020/08/29 19:54:57.323,-13,-14,-37,42,6
2020/08/29 19:54:57.359,-13,-14,-37,42,7
2020/08/29 19:54:57.398,-13,-14,-37,42,11
2020/08/29 19:54:57.444,-13,-14,-37,42,12
2020/08/29 19:54:57.481,-13,-14,-37,42,30
2020/08/29 19:54:57.514,-13,-14,-37,42,38
2020/08/29 19:54:57.545,-13,-14,-37,42,44
2020/08/29 19:54:57.578,-13,-14,-37,42,50
2020/08/29 19:54:57.611,-13,-14,-37,42,42
2020/08/29 19:54:57.645,-13,-14,-37,42,38
2020/08/29 19:54:57.678,-13,-14,-37,42,34
2020/08/29 19:54:57.708,-13,-14,-37,42,43
2020/08/29 19:54:57.741,-13,-14,-37,42,17
2020/08/29 19:54:57.773,-13,-14,-37,42,16
2020/08/29 19:54:57.809,-13,-14,-37,42,16
2020/08/29 19:54:57.840,-13,-14,-37,42,48
2020/08/29 19:54:57.869,-13,-14,-37,42,6
2020/08/29 19:54:57.904,-13,-14,-37,42,4
2020/08/29 19:54:57.944,-13,-14,-37,42,11
2020/08/29 19:54:57.980,-13,-14,-37,42,9
2020/08/29 19:54:58.019,-13,-14,-37,42,6
2020/08/29 19:54:58.059,-13,-14,-37,42,10
2020/08/29 19:54:58.099,-13,-14,-37,42,11
2020/08/29 19:54:58.145,-13,-14,-37,42,11
2020/08/29 19:54:58.184,-13,-14,-37,42,21
2020/08/29 19:54:58.229,-13,-14,-37,42,40
2020/08/29 19:54:58.264,-13,-14,-37,42,62
2020/08/29 19:54:58.298,-13,-14,-37,42,27
2020/08/29 19:54:58.332,-13,-14,-37,42,38
2020/08/29 19:54:58.371,-13,-14,-37,42,34
2020/08/29 19:54:58.403,-13,-14,-37,42,23
2020/08/29 19:54:58.440,-13,-14,-37,42,19
2020/08/29 19:54:58.474,-13,-14,-37,42,60
2020/08/29 19:54:58.505,-13,-14,-37,42,32
2020/08/29 19:54:58.542,-13,-14,-37,42,16
2020/08/29 19:54:58.581,-13,-14,-37,42,29
2020/08/29 19:54:58.618,-13,-14,-37,42,51
2020/08/29 19:54:58.651,-13,-14,-37,42,45
2020/08/29 19:54:58.685,-13,-14,-37,42,47
2020/08/29 19:54:58.724,-13,-14,-37,42,44
2020/08/29 19:54:58.759,-13,-14,-37,42,75
2020/08/29 19:54:58.791,-13,-14,-37,42,46
2020/08/29 19:54:58.824,-13,-14,-37,42,22
2020/08/29 19:54:58.858,-13,-14,-37,42,85
2020/08/29 19:54:58.893,-13,-14,-37,42,56
2020/08/29 19:54:58.925,-13,-14,-37,42,43
2020/08/29 19:54:58.956,-13,-14,-37,42,22
2020/08/29 19:54:58.990,-13,-14,-37,42,42
2020/08/29 19:54:59.022,-13,-14,-37,42,50
2020/08/29 19:54:59.055,-13,-14,-37,42,33
2020/08/29 19:54:59.087,-13,-14,-37,42,30
2020/08/29 19:54:59.120,-13,-14,-37,42,29
2020/08/29 19:54:59.153,-13,-14,-37,42,31
2020/08/29 19:54:59.194,-13,-14,-37,42,38
2020/08/29 19:54:59.225,-13,-14,-37,42,22
2020/08/29 19:54:59.257,-13,-14,-37,42,18
2020/08/29 19:54:59.289,-13,-14,-37,42,29
2020/08/29 19:54:59.329,-13,-14,-37,42,22
2020/08/29 19:54:59.369,-13,-14,-37,42,52
2020/08/29 19:54:59.407,-13,-14,-37,42,67
2020/08/29 19:54:59.441,-13,-14,-37,42,63
2020/08/29 19:54:59.482,-13,-14,-37,42,52
2020/08/29 19:54:59.517,-13,-14,-37,42,45
2020/08/29 19:54:59.553,-13,-14,-37,42,32
2020/08/29 19:54:59.586,-13,-14,-37,42,27
2020/08/29 19:54:59.623,-13,-14,-37,42,39
2020/08/29 19:54:59.655,-13,-14,-37,42,45
2020/08/29 19:54:59.697,-13,-14,-37,42,48
2020/08/29 19:54:59.733,-13,-14,-37,42,50
2020/08/29 19:54:59.769,-13,-14,-37,42,34
2020/08/29 19:54:59.801,-13,-14,-37,42,52
2020/08/29 19:54:59.835,-13,-14,-37,42,26
2020/08/29 19:54:59.871,-13,-14,-37,42,34
2020/08/29 19:54:59.906,-13,-14,-37,42,24
2020/08/29 19:54:59.940,-13,-14,-37,42,40
2020/08/29 19:54:59.973,-13,-14,-37,42,40
2020/08/29 19:55:00.007,-13,-14,-37,42,27
2020/08/29 19:55:00.041,-13,-14,-37,42,43
2020/08/29 19:55:00.074,-13,-14,-37,42,35
2020/08/29 19:55:00.107,-13,-14,-37,42,22
2020/08/29 19:55:00.139,-13,-14,-37,42,44
2020/08/29 19:55:00.173,-13,-14,-37,42,20
2020/08/29 19:55:00.207,-13,-14,-37,42,20
2020/08/29 19:55:00.238,-13,-14,-37,42,31
2020/08/29 19:55:00.272,-13,-14,-37,42,14
2020/08/29 19:55:00.304,-13,-14,-37,42,16
2020/08/29 19:55:00.338,-13,-14,-37,42,19
2020/08/29 19:55:00.370,-13,-14,-37,42,26
2020/08/29 19:55:00.402,-13,-14,-37,42,15
2020/08/29 19:55:00.437,-13,-14,-37,42,18
2020/08/29 19:55:00.477,-13,-14,-37,42,31
2020/08/29 19:55:00.512,-13,-14,-37,42,35
2020/08/29 19:55:00.546,-13,-14,-37,42,33
2020/08/29 19:55:00.578,-13,-14,-37,42,28
2020/08/29 19:55:00.612,-13,-14,-37,42,45
2020/08/29 19:55:00.643,-13,-14,-37,42,22
2020/08/29 19:55:00.674,-13,-14,-37,42,29
2020/08/29 19:55:00.710,-13,-14,-37,42,25
2020/08/29 19:55:00.742,-13,-14,-37,42,36
2020/08/29 19:55:00.774,-13,-14,-37,42,23
2020/08/29 19:55:00.825,-13,-14,-37,42,52
2020/08/29 19:55:00.858,-13,-14,-37,42,25
2020/08/29 19:55:00.889,-13,-14,-37,42,35
2020/08/29 19:55:00.922,-13,-14,-37,42,27
2020/08/29 19:55:00.957,-13,-14,-37,42,22
2020/08/29 19:55:00.989,-13,-14,-37,42,27
2020/08/29 19:55:01.021,-13,-14,-37,42,18
2020/08/29 19:55:01.055,-13,-14,-37,42,18
2020/08/29 19:55:01.092,-13,-14,-37,42,33
2020/08/29 19:55:01.127,-13,-14,-37,42,30
2020/08/29 19:55:01.158,-13,-14,-37,42,36
2020/08/29 19:55:01.190,-13,-14,-37,42,37
2020/08/29 19:55:01.225,-13,-14,-37,42,37
2020/08/29 19:55:01.256,-13,-14,-37,42,16
2020/08/29 19:55:01.289,-13,-14,-37,42,23
2020/08/29 19:55:01.321,-13,-14,-37,42,36
2020/08/29 19:55:01.354,-13,-14,-37,42,30
2020/08/29 19:55:01.395,-13,-14,-37,42,30
2020/08/29 19:55:01.428,-13,-14,-37,42,37
2020/08/29 19:55:01.476,-13,-14,-37,42,39
2020/08/29 19:55:01.509,-13,-14,-37,42,53
2020/08/29 19:55:01.542,-13,-14,-37,42,26
2020/08/29 19:55:01.574,-13,-14,-37,42,19
2020/08/29 19:55:01.609,-13,-14,-37,42,18
2020/08/29 19:55:01.648,-13,-14,-37,42,53
2020/08/29 19:55:01.679,-13,-14,-37,42,41
2020/08/29 19:55:01.710,-13,-14,-37,42,36
2020/08/29 19:55:01.749,-13,-14,-37,42,42
2020/08/29 19:55:01.781,-13,-14,-37,42,45
2020/08/29 19:55:01.815,-13,-14,-37,42,40
2020/08/29 19:55:01.853,-13,-14,-37,42,54
2020/08/29 19:55:01.888,-13,-14,-37,42,57
2020/08/29 19:55:01.925,-13,-14,-37,42,59
2020/08/29 19:55:01.957,-13,-14,-37,42,41
2020/08/29 19:55:01.989,-13,-14,-37,42,31
2020/08/29 19:55:02.022,-13,-14,-37,42,47
2020/08/29 19:55:02.055,-13,-14,-37,42,27
2020/08/29 19:55:02.088,-13,-14,-37,42,30
2020/08/29 19:55:02.125,-13,-14,-37,42,40
2020/08/29 19:55:02.157,-13,-14,-37,42,29
2020/08/29 19:55:02.202,-13,-14,-37,42,46
2020/08/29 19:55:02.240,-13,-14,-37,42,39
2020/08/29 19:55:02.275,-13,-14,-37,42,39
2020/08/29 19:55:02.319,-13,-14,-37,42,30
2020/08/29 19:55:02.353,-13,-14,-37,42,22
2020/08/29 19:55:02.392,-13,-14,-37,42,20
2020/08/29 19:55:02.454,-13,-14,-37,42,57
2020/08/29 19:55:02.489,-13,-14,-37,42,46
2020/08/29 19:55:02.525,-13,-14,-37,42,37
2020/08/29 19:55:02.558,-13,-14,-37,42,53
2020/08/29 19:55:02.602,-13,-14,-37,42,51
2020/08/29 19:55:02.638,-13,-14,-37,42,66
2020/08/29 19:55:02.671,-13,-14,-37,42,67
2020/08/29 19:55:02.715,-13,-14,-37,42,44
2020/08/29 19:55:02.752,-13,-14,-37,42,64
2020/08/29 19:55:02.801,-13,-14,-37,42,52
2020/08/29 19:55:02.836,-13,-14,-37,42,56
2020/08/29 19:55:02.871,-13,-14,-37,42,35
2020/08/29 19:55:02.906,-13,-14,-37,42,39
2020/08/29 19:55:02.940,-13,-14,-37,42,50
2020/08/29 19:55:02.972,-13,-14,-37,42,46
2020/08/29 19:55:03.004,-13,-14,-37,42,45
2020/08/29 19:55:03.041,-13,-14,-37,42,31
2020/08/29 19:55:03.072,-13,-14,-37,42,41
2020/08/29 19:55:03.123,-13,-14,-37,42,46
2020/08/29 19:55:03.155,-13,-14,-37,42,55
2020/08/29 19:55:03.191,-13,-14,-37,42,37
2020/08/29 19:55:03.227,-13,-14,-37,42,46
2020/08/29 19:55:03.264,-13,-14,-37,42,49
2020/08/29 19:55:03.308,-13,-14,-37,42,64
2020/08/29 19:55:03.354,-13,-14,-37,42,43
2020/08/29 19:55:03.391,-13,-14,-37,42,32
2020/08/29 19:55:03.424,-13,-14,-37,42,40
2020/08/29 19:55:03.458,-13,-14,-37,42,28
2020/08/29 19:55:03.496,-13,-14,-37,42,47
2020/08/29 19:55:03.533,-13,-14,-37,42,41
2020/08/29 19:55:03.566,-13,-14,-37,42,38
2020/08/29 19:55:03.599,-13,-14,-37,42,35
2020/08/29 19:55:03.633,-13,-14,-37,42,63
2020/08/29 19:55:03.664,-13,-14,-37,42,40
2020/08/29 19:55:03.701,-13,-14,-37,42,33
2020/08/29 19:55:03.735,-13,-14,-37,42,34
2020/08/29 19:55:03.767,-13,-14,-37,42,24
2020/08/29 19:55:03.801,-13,-14,-37,42,31
2020/08/29 19:55:03.833,-13,-14,-37,42,31
2020/08/29 19:55:03.873,-13,-14,-37,42,59
2020/08/29 19:55:03.907,-13,-14,-37,42,54
2020/08/29 19:55:03.939,-13,-14,-37,42,50
2020/08/29 19:55:03.972,-13,-14,-37,42,23
2020/08/29 19:55:04.005,-13,-14,-37,42,31
2020/08/29 19:55:04.039,-13,-14,-37,42,27
2020/08/29 19:55:04.078,-13,-14,-37,42,36
2020/08/29 19:55:04.111,-13,-14,-37,42,25
2020/08/29 19:55:04.143,-13,-14,-37,42,29
2020/08/29 19:55:04.176,-13,-14,-37,42,28
2020/08/29 19:55:04.208,-13,-14,-37,42,25
2020/08/29 19:55:04.241,-13,-14,-37,42,41
2020/08/29 19:55:04.273,-13,-14,-37,42,25
2020/08/29 19:55:04.306,-13,-14,-37,42,25
2020/08/29 19:55:04.339,-13,-14,-37,42,31
2020/08/29 19:55:04.372,-13,-14,-37,42,33
2020/08/29 19:55:04.404,-13,-14,-37,42,30
2020/08/29 19:55:04.441,-13,-14,-37,42,23
2020/08/29 19:55:04.478,-13,-14,-37,42,71
2020/08/29 19:55:04.509,-13,-14,-37,42,41
2020/08/29 19:55:04.545,-13,-14,-37,42,54
2020/08/29 19:55:04.578,-13,-14,-37,42,35
2020/08/29 19:55:04.613,-13,-14,-37,42,36
2020/08/29 19:55:04.647,-13,-14,-37,42,39
2020/08/29 19:55:04.683,-13,-14,-37,42,52
2020/08/29 19:55:04.716,-13,-14,-37,42,45
2020/08/29 19:55:04.748,-13,-14,-37,42,29
2020/08/29 19:55:04.780,-13,-14,-37,42,35
2020/08/29 19:55:04.812,-13,-14,-37,42,25
2020/08/29 19:55:04.846,-13,-14,-37,42,40
2020/08/29 19:55:04.879,-13,-14,-37,42,32
2020/08/29 19:55:04.910,-13,-14,-37,42,38
2020/08/29 19:55:04.946,-13,-14,-37,42,48
2020/08/29 19:55:04.980,-13,-14,-37,42,42
2020/08/29 19:55:05.016,-13,-14,-37,42,55
2020/08/29 19:55:05.048,-13,-14,-37,42,35
2020/08/29 19:55:05.079,-13,-14,-37,42,36
2020/08/29 19:55:05.110,-13,-14,-37,42,41
2020/08/29 19:55:05.148,-13,-14,-37,42,22
2020/08/29 19:55:05.182,-13,-14,-37,42,26
2020/08/29 19:55:05.218,-13,-14,-37,42,20
2020/08/29 19:55:05.264,-13,-14,-37,42,44
2020/08/29 19:55:05.300,-13,-14,-37,42,27
2020/08/29 19:55:05.344,-13,-14,-37,42,28
2020/08/29 19:55:05.380,-13,-14,-37,42,20
2020/08/29 19:55:05.416,-13,-14,-37,42,22
2020/08/29 19:55:05.455,-13,-14,-37,42,29
2020/08/29 19:55:05.492,-13,-14,-37,42,15
2020/08/29 19:55:05.527,-13,-14,-37,42,23
2020/08/29 19:55:05.567,-13,-14,-37,42,20
2020/08/29 19:55:05.617,-13,-14,-37,42,19
2020/08/29 19:55:05.653,-13,-14,-37,42,20
2020/08/29 19:55:05.690,-13,-14,-37,42,15
2020/08/29 19:55:05.732,-13,-14,-37,42,17
2020/08/29 19:55:05.768,-13,-14,-37,42,18
2020/08/29 19:55:05.805,-13,-14,-37,42,39
2020/08/29 19:55:05.844,-13,-14,-37,42,32
2020/08/29 19:55:05.877,-13,-14,-37,42,28
2020/08/29 19:55:05.910,-13,-14,-37,42,22
2020/08/29 19:55:05.941,-13,-14,-37,42,23
2020/08/29 19:55:05.972,-13,-14,-37,42,17
2020/08/29 19:55:06.005,-13,-14,-37,42,12
2020/08/29 19:55:06.039,-13,-14,-37,42,18
2020/08/29 19:55:06.074,-13,-14,-37,42,25
2020/08/29 19:55:06.105,-13,-14,-37,42,19
2020/08/29 19:55:06.139,-13,-14,-37,42,9
2020/08/29 19:55:06.176,-13,-14,-37,42,13
2020/08/29 19:55:06.215,-13,-14,-37,42,18
2020/08/29 19:55:06.253,-13,-14,-37,42,30
2020/08/29 19:55:06.291,-13,-14,-37,42,21
2020/08/29 19:55:06.333,-13,-14,-37,42,28
2020/08/29 19:55:06.369,-13,-14,-37,42,16
2020/08/29 19:55:06.411,-13,-14,-37,42,10
2020/08/29 19:55:06.448,-13,-14,-37,42,15
2020/08/29 19:55:06.497,-13,-14,-37,42,13
2020/08/29 19:55:06.534,-13,-14,-37,42,23
2020/08/29 19:55:06.574,-13,-14,-37,42,18
2020/08/29 19:55:06.618,-13,-14,-37,42,18
2020/08/29 19:55:06.655,-13,-14,-37,42,34
2020/08/29 19:55:06.689,-13,-14,-37,42,23
2020/08/29 19:55:06.724,-13,-14,-37,42,27
2020/08/29 19:55:06.757,-13,-14,-37,42,26
2020/08/29 19:55:06.791,-13,-14,-37,42,46
2020/08/29 19:55:06.823,-13,-14,-37,42,22
2020/08/29 19:55:06.856,-13,-14,-37,42,16
2020/08/29 19:55:06.889,-13,-14,-37,42,28
2020/08/29 19:55:06.922,-13,-14,-37,42,37
2020/08/29 19:55:06.955,-13,-14,-37,42,35
2020/08/29 19:55:06.987,-13,-14,-37,42,16
2020/08/29 19:55:07.021,-13,-14,-37,42,19
2020/08/29 19:55:07.054,-13,-14,-37,42,31
2020/08/29 19:55:07.088,-13,-14,-37,42,25
2020/08/29 19:55:07.122,-13,-14,-37,42,26
2020/08/29 19:55:07.162,-13,-14,-37,42,29
2020/08/29 19:55:07.193,-13,-14,-37,42,26
2020/08/29 19:55:07.224,-13,-14,-37,42,42
2020/08/29 19:55:07.254,-13,-14,-37,42,25
2020/08/29 19:55:07.286,-13,-14,-37,42,22
2020/08/29 19:55:07.320,-13,-14,-37,42,12
2020/08/29 19:55:07.356,-13,-14,-37,42,29
2020/08/29 19:55:07.389,-13,-14,-37,42,28
2020/08/29 19:55:07.423,-13,-14,-37,42,25
2020/08/29 19:55:07.456,-13,-14,-37,42,20
2020/08/29 19:55:07.488,-13,-14,-37,42,11
2020/08/29 19:55:07.520,-13,-14,-37,42,32
2020/08/29 19:55:07.555,-13,-14,-37,42,39
2020/08/29 19:55:07.591,-13,-14,-37,42,28
2020/08/29 19:55:07.623,-13,-14,-37,42,43
2020/08/29 19:55:07.656,-13,-14,-37,42,28
2020/08/29 19:55:07.692,-13,-14,-37,42,22
2020/08/29 19:55:07.724,-13,-14,-37,42,34
2020/08/29 19:55:07.756,-13,-14,-37,42,22
2020/08/29 19:55:07.789,-13,-14,-37,42,20
2020/08/29 19:55:07.822,-13,-14,-37,42,26
2020/08/29 19:55:07.855,-13,-14,-37,42,20
2020/08/29 19:55:07.889,-13,-14,-37,42,39
2020/08/29 19:55:07.923,-13,-14,-37,42,27
2020/08/29 19:55:07.957,-13,-14,-37,42,32
2020/08/29 19:55:07.991,-13,-14,-37,42,45
2020/08/29 19:55:08.025,-13,-14,-37,42,28
2020/08/29 19:55:08.061,-13,-14,-37,42,18
2020/08/29 19:55:08.095,-13,-14,-37,42,31
2020/08/29 19:55:08.127,-13,-14,-37,42,29
2020/08/29 19:55:08.157,-13,-14,-37,42,26
2020/08/29 19:55:08.190,-13,-14,-37,42,40
2020/08/29 19:55:08.260,-13,-14,-37,42,46
2020/08/29 19:55:08.292,-13,-14,-37,42,50
2020/08/29 19:55:08.345,-13,-14,-37,42,57
2020/08/29 19:55:08.412,-13,-14,-37,42,61
2020/08/29 19:55:08.443,-13,-14,-37,42,47
2020/08/29 19:55:08.473,-13,-14,-37,42,32
2020/08/29 19:55:08.504,-13,-14,-37,42,29
2020/08/29 19:55:08.536,-13,-14,-37,42,40
2020/08/29 19:55:08.567,-13,-14,-37,42,35
2020/08/29 19:55:08.599,-13,-14,-37,42,39
2020/08/29 19:55:08.641,-13,-14,-37,42,33
2020/08/29 19:55:08.673,-13,-14,-37,42,40
2020/08/29 19:55:08.705,-13,-14,-37,42,37
2020/08/29 19:55:08.736,-13,-14,-37,42,38
2020/08/29 19:55:08.779,-13,-14,-37,42,35
2020/08/29 19:55:08.811,-13,-14,-37,42,31
2020/08/29 19:55:08.842,-13,-14,-37,42,40
2020/08/29 19:55:08.872,-13,-14,-37,42,32
2020/08/29 19:55:08.902,-13,-14,-37,42,25
2020/08/29 19:55:08.932,-13,-14,-37,42,28
2020/08/29 19:55:08.963,-13,-14,-37,42,25
2020/08/29 19:55:09.002,-13,-14,-37,42,27
2020/08/29 19:55:09.046,-13,-14,-37,42,30
2020/08/29 19:55:09.121,-13,-14,-37,42,27
2020/08/29 19:55:09.151,-13,-14,-37,42,23
2020/08/29 19:55:09.181,-13,-14,-37,42,25
2020/08/29 19:55:09.215,-13,-14,-37,42,20
2020/08/29 19:55:09.278,-13,-14,-37,42,35
2020/08/29 19:55:09.320,-13,-14,-37,42,63
2020/08/29 19:55:09.354,-13,-14,-37,42,82
2020/08/29 19:55:09.385,-13,-14,-37,42,74
2020/08/29 19:55:09.417,-13,-14,-37,42,64
2020/08/29 19:55:09.449,-13,-14,-37,42,84
2020/08/29 19:55:09.481,-13,-14,-37,42,83
2020/08/29 19:55:09.516,-13,-14,-37,42,60
2020/08/29 19:55:09.554,-13,-14,-37,42,80
2020/08/29 19:55:09.589,-13,-14,-37,42,81
2020/08/29 19:55:09.625,-13,-14,-37,42,75
2020/08/29 19:55:09.666,-13,-14,-37,42,79
2020/08/29 19:55:09.718,-13,-14,-37,42,80
2020/08/29 19:55:09.763,-13,-14,-37,42,83
2020/08/29 19:55:09.808,-13,-14,-37,42,60
2020/08/29 19:55:09.859,-13,-14,-37,42,84
2020/08/29 19:55:09.894,-13,-14,-37,42,95
2020/08/29 19:55:09.933,-13,-14,-37,42,88
2020/08/29 19:55:09.965,-13,-14,-37,42,91
2020/08/29 19:55:10.030,-13,-14,-37,42,83
2020/08/29 19:55:10.064,-13,-14,-37,42,66
2020/08/29 19:55:10.170,-13,-14,-37,42,90
2020/08/29 19:55:10.222,-13,-14,-37,42,76
2020/08/29 19:55:10.255,-13,-14,-37,42,71
2020/08/29 19:55:10.328,-13,-14,-37,42,83
2020/08/29 19:55:10.363,-13,-14,-37,42,61
2020/08/29 19:55:10.406,-13,-14,-37,42,40
2020/08/29 19:55:10.439,-13,-14,-37,42,33
2020/08/29 19:55:10.471,-13,-14,-37,42,44
2020/08/29 19:55:10.527,-13,-14,-37,42,43
2020/08/29 19:55:10.586,-13,-14,-37,42,59
2020/08/29 19:55:10.618,-13,-14,-37,42,34
2020/08/29 19:55:10.650,-13,-14,-37,42,35
2020/08/29 19:55:10.682,-13,-14,-37,42,33
2020/08/29 19:55:10.712,-13,-14,-37,42,28
2020/08/29 19:55:10.743,-13,-14,-37,42,26
2020/08/29 19:55:10.774,-13,-14,-37,42,28
2020/08/29 19:55:10.805,-13,-14,-37,42,28
2020/08/29 19:55:10.836,-13,-14,-37,42,25
2020/08/29 19:55:10.866,-13,-14,-37,42,18
2020/08/29 19:55:10.897,-13,-14,-37,42,25
2020/08/29 19:55:10.927,-13,-14,-37,42,25
2020/08/29 19:55:10.958,-13,-14,-37,42,16
2020/08/29 19:55:10.993,-13,-14,-37,42,18
2020/08/29 19:55:11.024,-13,-14,-37,42,8
2020/08/29 19:55:11.062,-13,-14,-37,42,18
2020/08/29 19:55:11.100,-13,-14,-37,42,17
2020/08/29 19:55:11.136,-13,-14,-37,42,14
2020/08/29 19:55:11.167,-13,-14,-37,42,47
2020/08/29 19:55:11.198,-13,-14,-37,42,50
2020/08/29 19:55:11.230,-13,-14,-37,42,54
2020/08/29 19:55:11.261,-13,-14,-37,42,36
2020/08/29 19:55:11.291,-13,-14,-37,42,26
2020/08/29 19:55:11.321,-13,-14,-37,42,32
2020/08/29 19:55:11.352,-13,-14,-37,42,16
2020/08/29 19:55:11.382,-12,-15,-39,43,34
2020/08/29 19:55:11.414,-12,-15,-39,43,26
2020/08/29 19:55:11.444,-12,-15,-39,43,28
2020/08/29 19:55:11.475,-12,-15,-39,43,18
2020/08/29 19:55:11.505,-12,-15,-39,43,19
2020/08/29 19:55:11.535,-12,-15,-39,43,32
2020/08/29 19:55:11.566,-12,-15,-39,43,32
2020/08/29 19:55:11.597,-12,-14,-38,42,43
2020/08/29 19:55:11.629,-12,-14,-38,42,26
2020/08/29 19:55:11.664,-12,-14,-38,42,20
2020/08/29 19:55:11.695,-12,-14,-38,42,19
2020/08/29 19:55:11.724,-12,-14,-38,42,16
2020/08/29 19:55:11.755,-12,-14,-38,42,20
2020/08/29 19:55:11.787,-11,-15,-36,41,16
2020/08/29 19:55:11.818,-11,-15,-36,41,22
2020/08/29 19:55:11.848,-11,-15,-36,41,21
2020/08/29 19:55:11.896,-11,-15,-36,41,0
2020/08/29 19:55:11.930,-11,-15,-36,41,8
2020/08/29 19:55:11.966,-11,-15,-36,41,12
2020/08/29 19:55:11.998,-13,-15,-39,44,32
