TimeStamp,B_x,B_y,B_z,B_net,CPU_load2020/08/10 00:21:50.531,41,-31,-34,62,0
2020/08/10 00:21:50.575,41,-31,-34,62,23
2020/08/10 00:21:50.617,41,-31,-34,62,12
2020/08/10 00:21:50.661,40,-31,-34,61,34
2020/08/10 00:21:50.703,40,-31,-34,61,60
2020/08/10 00:21:50.745,40,-31,-34,61,21
2020/08/10 00:21:50.788,40,-31,-34,61,36
2020/08/10 00:21:50.831,40,-31,-34,61,23
2020/08/10 00:21:50.874,39,-30,-33,59,33
2020/08/10 00:21:50.917,39,-30,-33,59,32
2020/08/10 00:21:50.958,39,-30,-33,59,20
2020/08/10 00:21:51.000,39,-30,-33,59,23
2020/08/10 00:21:51.046,39,-30,-33,59,39
2020/08/10 00:21:51.089,40,-30,-35,61,43
2020/08/10 00:21:51.135,40,-30,-35,61,25
2020/08/10 00:21:51.186,40,-30,-35,61,48
2020/08/10 00:21:51.230,40,-30,-35,61,75
2020/08/10 00:21:51.273,40,-30,-35,61,67
2020/08/10 00:21:51.314,40,-30,-35,61,31
2020/08/10 00:21:51.357,40,-30,-35,61,25
2020/08/10 00:21:51.398,40,-30,-35,61,21
2020/08/10 00:21:51.441,40,-30,-35,61,6
2020/08/10 00:21:51.482,40,-30,-35,61,14
2020/08/10 00:21:51.524,40,-30,-35,61,9
2020/08/10 00:21:51.567,40,-30,-35,61,28
2020/08/10 00:21:51.608,40,-30,-35,61,26
2020/08/10 00:21:51.650,40,-30,-35,61,8
2020/08/10 00:21:51.692,40,-30,-35,61,21
2020/08/10 00:21:51.733,40,-30,-35,61,6
2020/08/10 00:21:51.775,40,-30,-35,61,23
2020/08/10 00:21:51.817,40,-30,-35,61,8
2020/08/10 00:21:51.859,40,-30,-35,61,33
2020/08/10 00:21:51.902,40,-30,-35,61,64
2020/08/10 00:21:51.945,40,-30,-35,61,18
2020/08/10 00:21:51.989,40,-30,-35,61,60
2020/08/10 00:21:52.035,40,-30,-35,61,76
2020/08/10 00:21:52.078,40,-30,-35,61,76
2020/08/10 00:21:52.125,40,-30,-35,61,85
2020/08/10 00:21:52.171,40,-30,-35,61,63
2020/08/10 00:21:52.214,40,-30,-35,61,68
2020/08/10 00:21:52.258,40,-30,-35,61,35
2020/08/10 00:21:52.300,40,-30,-35,61,41
2020/08/10 00:21:52.346,40,-30,-35,61,51
2020/08/10 00:21:52.390,40,-30,-35,61,84
2020/08/10 00:21:52.431,40,-30,-35,61,56
2020/08/10 00:21:52.473,40,-30,-35,61,23
2020/08/10 00:21:52.515,40,-30,-35,61,42
2020/08/10 00:21:52.581,40,-30,-35,61,45
2020/08/10 00:21:52.623,40,-30,-35,61,15
2020/08/10 00:21:52.669,40,-30,-35,61,0
2020/08/10 00:21:52.731,40,-30,-35,61,12
2020/08/10 00:21:52.795,40,-30,-35,61,14
2020/08/10 00:21:52.851,40,-30,-35,61,16
2020/08/10 00:21:52.894,40,-30,-35,61,56
2020/08/10 00:21:52.938,40,-30,-35,61,23
2020/08/10 00:21:52.981,40,-30,-35,61,44
2020/08/10 00:21:53.028,40,-30,-35,61,15
2020/08/10 00:21:53.095,40,-30,-35,61,18
2020/08/10 00:21:53.144,40,-30,-35,61,45
2020/08/10 00:21:53.188,40,-30,-35,61,39
2020/08/10 00:21:53.237,40,-30,-35,61,18
2020/08/10 00:21:53.289,40,-30,-35,61,20
2020/08/10 00:21:53.333,40,-30,-35,61,30
2020/08/10 00:21:53.377,40,-30,-35,61,37
2020/08/10 00:21:53.426,40,-30,-35,61,39
2020/08/10 00:21:53.517,40,-30,-35,61,38
2020/08/10 00:21:53.571,40,-30,-35,61,43
2020/08/10 00:21:53.616,40,-30,-35,61,73
2020/08/10 00:21:53.662,40,-30,-35,61,28
2020/08/10 00:21:53.707,40,-30,-35,61,65
2020/08/10 00:21:53.758,40,-30,-35,61,40
2020/08/10 00:21:53.802,40,-30,-35,61,35
2020/08/10 00:21:53.847,40,-30,-35,61,17
2020/08/10 00:21:53.896,40,-30,-35,61,34
2020/08/10 00:21:53.947,40,-30,-35,61,6
2020/08/10 00:21:53.993,40,-30,-35,61,31
2020/08/10 00:21:54.047,40,-30,-35,61,17
2020/08/10 00:21:54.102,40,-30,-35,61,24
2020/08/10 00:21:54.172,40,-30,-35,61,40
2020/08/10 00:21:54.225,40,-30,-35,61,31
2020/08/10 00:21:54.271,40,-30,-35,61,41
2020/08/10 00:21:54.316,40,-30,-35,61,26
2020/08/10 00:21:54.373,40,-30,-35,61,38
2020/08/10 00:21:54.426,40,-30,-35,61,45
2020/08/10 00:21:54.481,40,-30,-35,61,44
2020/08/10 00:21:54.528,40,-30,-35,61,52
2020/08/10 00:21:54.576,40,-30,-35,61,40
2020/08/10 00:21:54.625,40,-30,-35,61,35
2020/08/10 00:21:54.676,40,-30,-35,61,18
2020/08/10 00:21:54.719,40,-30,-35,61,21
2020/08/10 00:21:54.806,40,-30,-35,61,8
2020/08/10 00:21:54.856,40,-30,-35,61,48
2020/08/10 00:21:54.899,40,-30,-35,61,36
2020/08/10 00:21:54.956,40,-30,-35,61,12
2020/08/10 00:21:55.016,40,-30,-35,61,33
2020/08/10 00:21:55.059,40,-30,-35,61,34
2020/08/10 00:21:55.107,40,-30,-35,61,16
2020/08/10 00:21:55.153,40,-30,-35,61,27
2020/08/10 00:21:55.195,40,-30,-35,61,8
2020/08/10 00:21:55.239,40,-30,-35,61,3
2020/08/10 00:21:55.284,40,-30,-35,61,10
2020/08/10 00:21:55.333,40,-30,-35,61,15
2020/08/10 00:21:55.399,40,-30,-35,61,14
2020/08/10 00:21:55.462,40,-30,-35,61,14
2020/08/10 00:21:55.527,40,-30,-35,61,10
2020/08/10 00:21:55.581,40,-30,-35,61,25
2020/08/10 00:21:55.638,40,-30,-35,61,10
2020/08/10 00:21:55.700,40,-30,-35,61,17
2020/08/10 00:21:55.760,40,-30,-35,61,16
2020/08/10 00:21:55.820,40,-30,-35,61,18
2020/08/10 00:21:55.880,40,-30,-35,61,8
2020/08/10 00:21:55.935,40,-30,-35,61,9
2020/08/10 00:21:56.015,40,-30,-35,61,20
2020/08/10 00:21:56.079,40,-30,-35,61,34
2020/08/10 00:21:56.189,40,-30,-35,61,39
2020/08/10 00:21:56.285,40,-30,-35,61,36
2020/08/10 00:21:56.331,40,-30,-35,61,42
2020/08/10 00:21:56.379,40,-30,-35,61,20
2020/08/10 00:21:56.428,40,-30,-35,61,30
2020/08/10 00:21:56.471,40,-30,-35,61,26
2020/08/10 00:21:56.517,40,-30,-35,61,6
2020/08/10 00:21:56.561,40,-30,-35,61,6
2020/08/10 00:21:56.618,40,-30,-35,61,19
2020/08/10 00:21:56.676,40,-30,-35,61,31
2020/08/10 00:21:56.721,40,-30,-35,61,20
2020/08/10 00:21:56.770,40,-30,-35,61,8
2020/08/10 00:21:56.838,40,-30,-35,61,14
2020/08/10 00:21:56.908,40,-30,-35,61,11
2020/08/10 00:21:56.975,40,-30,-35,61,21
2020/08/10 00:21:57.056,40,-30,-35,61,11
2020/08/10 00:21:57.132,40,-30,-35,61,18
2020/08/10 00:21:57.198,40,-30,-35,61,20
2020/08/10 00:21:57.261,40,-30,-35,61,13
2020/08/10 00:21:57.320,40,-30,-35,61,4
2020/08/10 00:21:57.370,40,-30,-35,61,40
2020/08/10 00:21:57.414,40,-30,-35,61,15
2020/08/10 00:21:57.464,40,-30,-35,61,21
2020/08/10 00:21:57.516,40,-30,-35,61,23
2020/08/10 00:21:57.573,40,-30,-35,61,40
2020/08/10 00:21:57.619,40,-30,-35,61,37
2020/08/10 00:21:57.665,40,-30,-35,61,27
2020/08/10 00:21:57.715,40,-30,-35,61,28
2020/08/10 00:21:57.759,40,-30,-35,61,21
2020/08/10 00:21:57.806,40,-30,-35,61,8
2020/08/10 00:21:57.855,40,-30,-35,61,12
2020/08/10 00:21:57.930,40,-30,-35,61,9
2020/08/10 00:21:57.995,40,-30,-35,61,13
2020/08/10 00:21:58.067,40,-30,-35,61,18
2020/08/10 00:21:58.119,40,-30,-35,61,28
2020/08/10 00:21:58.180,40,-30,-35,61,10
2020/08/10 00:21:58.239,40,-30,-35,61,11
2020/08/10 00:21:58.294,40,-30,-35,61,19
2020/08/10 00:21:58.359,40,-30,-35,61,12
2020/08/10 00:21:58.415,40,-30,-35,61,10
2020/08/10 00:21:58.480,40,-30,-35,61,13
2020/08/10 00:21:58.539,40,-30,-35,61,8
2020/08/10 00:21:58.593,40,-30,-35,61,14
2020/08/10 00:21:58.674,40,-30,-35,61,8
2020/08/10 00:21:58.722,40,-30,-35,61,26
2020/08/10 00:21:58.768,40,-30,-35,61,33
2020/08/10 00:21:58.813,40,-30,-35,61,34
2020/08/10 00:21:58.861,40,-30,-35,61,7
2020/08/10 00:21:58.905,40,-30,-35,61,32
2020/08/10 00:21:58.950,40,-30,-35,61,15
2020/08/10 00:21:59.001,40,-30,-35,61,27
2020/08/10 00:21:59.049,40,-30,-35,61,36
2020/08/10 00:21:59.092,40,-30,-35,61,19
2020/08/10 00:21:59.142,40,-30,-35,61,18
2020/08/10 00:21:59.196,40,-30,-35,61,41
2020/08/10 00:21:59.244,40,-30,-35,61,32
2020/08/10 00:21:59.291,40,-30,-35,61,31
2020/08/10 00:21:59.337,40,-30,-35,61,20
2020/08/10 00:21:59.382,40,-30,-35,61,12
2020/08/10 00:21:59.440,40,-30,-35,61,15
2020/08/10 00:21:59.489,40,-30,-35,61,20
2020/08/10 00:21:59.551,40,-30,-35,61,15
2020/08/10 00:21:59.616,40,-30,-35,61,15
2020/08/10 00:21:59.680,40,-30,-35,61,24
2020/08/10 00:21:59.742,40,-30,-35,61,12
2020/08/10 00:21:59.801,40,-30,-35,61,5
2020/08/10 00:21:59.860,40,-30,-35,61,28
2020/08/10 00:21:59.921,40,-30,-35,61,8
2020/08/10 00:21:59.981,40,-30,-35,61,22
2020/08/10 00:22:00.043,40,-30,-35,61,3
2020/08/10 00:22:00.095,40,-30,-35,61,21
2020/08/10 00:22:00.168,40,-30,-35,61,17
2020/08/10 00:22:00.232,40,-30,-35,61,16
2020/08/10 00:22:00.291,40,-30,-35,61,15
2020/08/10 00:22:00.353,40,-30,-35,61,35
2020/08/10 00:22:00.403,40,-30,-35,61,32
2020/08/10 00:22:00.455,40,-30,-35,61,36
2020/08/10 00:22:00.507,40,-30,-35,61,39
2020/08/10 00:22:00.562,40,-30,-35,61,27
2020/08/10 00:22:00.611,40,-30,-35,61,37
2020/08/10 00:22:00.661,40,-30,-35,61,32
2020/08/10 00:22:00.708,40,-30,-35,61,34
2020/08/10 00:22:00.754,40,-30,-35,61,35
2020/08/10 00:22:00.799,40,-30,-35,61,15
2020/08/10 00:22:00.846,40,-30,-35,61,12
2020/08/10 00:22:00.901,40,-30,-35,61,26
2020/08/10 00:22:00.960,40,-30,-35,61,17
2020/08/10 00:22:01.021,40,-30,-35,61,12
2020/08/10 00:22:01.078,40,-30,-35,61,21
2020/08/10 00:22:01.143,40,-30,-35,61,18
2020/08/10 00:22:01.201,40,-30,-35,61,12
2020/08/10 00:22:01.265,40,-30,-35,61,8
2020/08/10 00:22:01.328,40,-30,-35,61,21
2020/08/10 00:22:01.397,40,-30,-35,61,6
2020/08/10 00:22:01.473,40,-30,-35,61,18
2020/08/10 00:22:01.540,40,-30,-35,61,19
2020/08/10 00:22:01.597,40,-30,-35,61,9
2020/08/10 00:22:01.661,40,-30,-35,61,17
2020/08/10 00:22:01.722,40,-30,-35,61,11
2020/08/10 00:22:01.777,40,-30,-35,61,6
2020/08/10 00:22:01.853,40,-30,-35,61,9
2020/08/10 00:22:01.919,40,-30,-35,61,15
2020/08/10 00:22:01.982,40,-30,-35,61,18
2020/08/10 00:22:02.043,40,-30,-35,61,6
2020/08/10 00:22:02.098,40,-30,-35,61,14
2020/08/10 00:22:02.176,40,-30,-35,61,16
2020/08/10 00:22:02.250,40,-30,-35,61,12
2020/08/10 00:22:02.315,40,-30,-35,61,16
2020/08/10 00:22:02.388,40,-30,-35,61,16
2020/08/10 00:22:02.453,40,-30,-35,61,20
2020/08/10 00:22:02.516,40,-30,-35,61,15
2020/08/10 00:22:02.570,40,-30,-35,61,40
2020/08/10 00:22:02.619,40,-30,-35,61,49
2020/08/10 00:22:02.665,40,-30,-35,61,18
2020/08/10 00:22:02.710,40,-30,-35,61,23
2020/08/10 00:22:02.755,40,-30,-35,61,23
2020/08/10 00:22:02.798,40,-30,-35,61,6
2020/08/10 00:22:02.843,40,-30,-35,61,16
2020/08/10 00:22:02.892,40,-30,-35,61,18
2020/08/10 00:22:02.936,40,-30,-35,61,21
2020/08/10 00:22:02.979,40,-30,-35,61,18
2020/08/10 00:22:03.026,40,-30,-35,61,8
2020/08/10 00:22:03.077,40,-30,-35,61,12
2020/08/10 00:22:03.145,40,-30,-35,61,10
2020/08/10 00:22:03.203,40,-30,-35,61,20
2020/08/10 00:22:03.257,40,-30,-35,61,15
2020/08/10 00:22:03.322,40,-30,-35,61,8
2020/08/10 00:22:03.384,40,-30,-35,61,18
2020/08/10 00:22:03.437,40,-30,-35,61,21
2020/08/10 00:22:03.503,40,-30,-35,61,21
2020/08/10 00:22:03.566,40,-30,-35,61,32
2020/08/10 00:22:03.620,40,-30,-35,61,51
2020/08/10 00:22:03.666,40,-30,-35,61,33
2020/08/10 00:22:03.713,40,-30,-35,61,23
2020/08/10 00:22:03.763,40,-30,-35,61,30
2020/08/10 00:22:03.814,40,-30,-35,61,21
2020/08/10 00:22:03.892,40,-30,-35,61,16
2020/08/10 00:22:03.955,40,-30,-35,61,13
2020/08/10 00:22:04.027,40,-30,-35,61,14
2020/08/10 00:22:04.081,40,-30,-35,61,15
2020/08/10 00:22:04.137,40,-30,-35,61,25
2020/08/10 00:22:04.209,40,-30,-35,61,3
2020/08/10 00:22:04.263,40,-30,-35,61,32
2020/08/10 00:22:04.314,40,-30,-35,61,20
2020/08/10 00:22:04.388,40,-30,-35,61,12
2020/08/10 00:22:04.457,40,-30,-35,61,14
2020/08/10 00:22:04.523,40,-30,-35,61,9
2020/08/10 00:22:04.582,40,-30,-35,61,11
2020/08/10 00:22:04.645,40,-30,-35,61,27
2020/08/10 00:22:04.701,40,-30,-35,61,8
2020/08/10 00:22:04.753,40,-30,-35,61,26
2020/08/10 00:22:04.817,40,-30,-35,61,8
2020/08/10 00:22:04.896,40,-30,-35,61,21
2020/08/10 00:22:04.974,40,-30,-35,61,16
2020/08/10 00:22:05.053,40,-30,-35,61,11
2020/08/10 00:22:05.111,40,-30,-35,61,12
2020/08/10 00:22:05.180,40,-30,-35,61,14
2020/08/10 00:22:05.225,40,-30,-35,61,17
2020/08/10 00:22:05.275,40,-30,-35,61,2
2020/08/10 00:22:05.333,40,-30,-35,61,33
2020/08/10 00:22:05.380,40,-30,-35,61,55
2020/08/10 00:22:05.428,40,-30,-35,61,26
2020/08/10 00:22:05.475,40,-30,-35,61,25
2020/08/10 00:22:05.523,40,-30,-35,61,33
2020/08/10 00:22:05.568,40,-30,-35,61,28
2020/08/10 00:22:05.611,40,-30,-35,61,17
2020/08/10 00:22:05.658,40,-30,-35,61,6
2020/08/10 00:22:05.705,40,-30,-35,61,12
2020/08/10 00:22:05.759,40,-30,-35,61,26
2020/08/10 00:22:05.816,40,-30,-35,61,10
2020/08/10 00:22:05.875,40,-30,-35,61,36
2020/08/10 00:22:05.924,40,-30,-35,61,38
2020/08/10 00:22:05.969,40,-30,-35,61,21
2020/08/10 00:22:06.016,40,-30,-35,61,17
2020/08/10 00:22:06.067,40,-30,-35,61,25
2020/08/10 00:22:06.125,40,-30,-35,61,15
2020/08/10 00:22:06.181,40,-30,-35,61,14
2020/08/10 00:22:06.245,40,-30,-35,61,22
2020/08/10 00:22:06.310,40,-30,-35,61,8
2020/08/10 00:22:06.380,40,-30,-35,61,28
2020/08/10 00:22:06.429,40,-30,-35,61,35
2020/08/10 00:22:06.476,40,-30,-35,61,23
2020/08/10 00:22:06.524,40,-30,-35,61,18
2020/08/10 00:22:06.568,40,-30,-35,61,30
2020/08/10 00:22:06.617,40,-30,-35,61,26
2020/08/10 00:22:06.676,40,-30,-35,61,13
2020/08/10 00:22:06.721,40,-30,-35,61,33
2020/08/10 00:22:06.767,40,-30,-35,61,15
2020/08/10 00:22:06.831,40,-30,-35,61,15
2020/08/10 00:22:06.895,40,-30,-35,61,12
2020/08/10 00:22:06.956,40,-30,-35,61,8
2020/08/10 00:22:07.029,40,-30,-35,61,18
2020/08/10 00:22:07.096,40,-30,-35,61,11
2020/08/10 00:22:07.169,40,-30,-35,61,17
2020/08/10 00:22:07.235,40,-30,-35,61,23
2020/08/10 00:22:07.309,40,-30,-35,61,14
2020/08/10 00:22:07.376,40,-30,-35,61,12
2020/08/10 00:22:07.450,40,-30,-35,61,18
2020/08/10 00:22:07.509,40,-30,-35,61,12
2020/08/10 00:22:07.576,40,-30,-35,61,11
2020/08/10 00:22:07.649,40,-30,-35,61,20
2020/08/10 00:22:07.717,40,-30,-35,61,14
2020/08/10 00:22:07.780,40,-30,-35,61,8
2020/08/10 00:22:07.844,40,-30,-35,61,20
2020/08/10 00:22:07.899,40,-30,-35,61,10
2020/08/10 00:22:07.962,40,-30,-35,61,19
2020/08/10 00:22:08.016,40,-30,-35,61,11
2020/08/10 00:22:08.083,40,-30,-35,61,16
2020/08/10 00:22:08.141,40,-30,-35,61,20
2020/08/10 00:22:08.199,40,-30,-35,61,8
2020/08/10 00:22:08.264,40,-30,-35,61,16
2020/08/10 00:22:08.325,40,-30,-35,61,14
2020/08/10 00:22:08.375,40,-30,-35,61,13
2020/08/10 00:22:08.419,40,-30,-35,61,18
2020/08/10 00:22:08.462,40,-30,-35,61,15
2020/08/10 00:22:08.514,40,-30,-35,61,14
2020/08/10 00:22:08.568,40,-30,-35,61,14
2020/08/10 00:22:08.612,40,-30,-35,61,15
2020/08/10 00:22:08.660,40,-30,-35,61,25
2020/08/10 00:22:08.703,40,-30,-35,61,30
2020/08/10 00:22:08.749,40,-30,-35,61,15
2020/08/10 00:22:08.795,40,-30,-35,61,12
2020/08/10 00:22:08.839,40,-30,-35,61,17
2020/08/10 00:22:08.883,40,-30,-35,61,6
2020/08/10 00:22:08.939,40,-30,-35,61,6
2020/08/10 00:22:08.999,40,-30,-35,61,8
2020/08/10 00:22:09.052,40,-30,-35,61,12
2020/08/10 00:22:09.118,40,-30,-35,61,15
2020/08/10 00:22:09.182,40,-30,-35,61,16
2020/08/10 00:22:09.244,40,-30,-35,61,16
2020/08/10 00:22:09.299,40,-30,-35,61,6
2020/08/10 00:22:09.364,40,-30,-35,61,22
2020/08/10 00:22:09.444,40,-30,-35,61,11
2020/08/10 00:22:09.501,40,-30,-35,61,23
2020/08/10 00:22:09.560,40,-30,-35,61,18
2020/08/10 00:22:09.619,40,-30,-35,61,8
2020/08/10 00:22:09.679,40,-30,-35,61,19
2020/08/10 00:22:09.738,40,-30,-35,61,17
2020/08/10 00:22:09.793,40,-30,-35,61,8
2020/08/10 00:22:09.857,40,-30,-35,61,16
2020/08/10 00:22:09.929,40,-30,-35,61,16
2020/08/10 00:22:09.997,40,-30,-35,61,12
2020/08/10 00:22:10.072,40,-30,-35,61,16
2020/08/10 00:22:10.130,40,-30,-35,61,30
2020/08/10 00:22:10.197,40,-30,-35,61,6
2020/08/10 00:22:10.271,40,-30,-35,61,21
2020/08/10 00:22:10.336,40,-30,-35,61,8
2020/08/10 00:22:10.409,40,-30,-35,61,18
2020/08/10 00:22:10.471,40,-30,-35,61,20
2020/08/10 00:22:10.535,40,-30,-35,61,18
2020/08/10 00:22:10.609,40,-30,-35,61,8
2020/08/10 00:22:10.676,40,-30,-35,61,12
2020/08/10 00:22:10.727,40,-30,-35,61,18
2020/08/10 00:22:10.771,40,-30,-35,61,26
2020/08/10 00:22:10.816,40,-30,-35,61,15
2020/08/10 00:22:10.863,40,-30,-35,61,13
2020/08/10 00:22:10.918,40,-30,-35,61,8
2020/08/10 00:22:10.984,40,-30,-35,61,12
2020/08/10 00:22:11.037,40,-30,-35,61,22
2020/08/10 00:22:11.111,40,-30,-35,61,11
2020/08/10 00:22:11.180,40,-30,-35,61,13
2020/08/10 00:22:11.237,40,-30,-35,61,15
2020/08/10 00:22:11.319,40,-30,-35,61,11
2020/08/10 00:22:11.385,40,-30,-35,61,39
2020/08/10 00:22:11.447,40,-30,-35,61,30
2020/08/10 00:22:11.515,40,-30,-35,61,53
2020/08/10 00:22:11.565,40,-30,-35,61,53
2020/08/10 00:22:11.613,40,-30,-35,61,74
2020/08/10 00:22:11.666,40,-30,-35,61,68
2020/08/10 00:22:11.723,40,-30,-35,61,66
2020/08/10 00:22:11.772,40,-30,-35,61,61
2020/08/10 00:22:11.817,40,-30,-35,61,43
2020/08/10 00:22:11.863,40,-30,-35,61,30
2020/08/10 00:22:11.912,40,-30,-35,61,35
2020/08/10 00:22:11.967,40,-30,-35,61,40
2020/08/10 00:22:12.015,40,-30,-35,61,52
2020/08/10 00:22:12.068,40,-30,-35,61,47
2020/08/10 00:22:12.119,40,-30,-35,61,65
2020/08/10 00:22:12.180,40,-30,-35,61,61
2020/08/10 00:22:12.233,40,-30,-35,61,55
2020/08/10 00:22:12.279,40,-30,-35,61,38
2020/08/10 00:22:12.327,40,-30,-35,61,37
2020/08/10 00:22:12.381,40,-30,-35,61,32
2020/08/10 00:22:12.447,40,-30,-35,61,27
2020/08/10 00:22:12.499,40,-30,-35,61,32
2020/08/10 00:22:12.553,40,-30,-35,61,58
2020/08/10 00:22:12.611,40,-30,-35,61,53
2020/08/10 00:22:12.660,40,-30,-35,61,55
2020/08/10 00:22:12.714,40,-30,-35,61,45
2020/08/10 00:22:12.763,40,-30,-35,61,39
2020/08/10 00:22:12.814,40,-30,-35,61,24
2020/08/10 00:22:12.867,40,-30,-35,61,25
2020/08/10 00:22:12.919,40,-30,-35,61,39
2020/08/10 00:22:12.976,40,-30,-35,61,40
2020/08/10 00:22:13.021,40,-30,-35,61,33
2020/08/10 00:22:13.064,40,-30,-35,61,27
2020/08/10 00:22:13.123,40,-30,-35,61,11
2020/08/10 00:22:13.175,40,-30,-35,61,52
2020/08/10 00:22:13.224,40,-30,-35,61,32
2020/08/10 00:22:13.283,40,-30,-35,61,17
2020/08/10 00:22:13.339,40,-30,-35,61,53
2020/08/10 00:22:13.396,40,-30,-35,61,51
2020/08/10 00:22:13.452,40,-30,-35,61,51
2020/08/10 00:22:13.503,40,-30,-35,61,38
2020/08/10 00:22:13.547,40,-30,-35,61,22
2020/08/10 00:22:13.593,40,-30,-35,61,18
2020/08/10 00:22:13.645,40,-30,-35,61,43
2020/08/10 00:22:13.698,40,-30,-35,61,42
2020/08/10 00:22:13.750,40,-30,-35,61,39
2020/08/10 00:22:13.798,40,-30,-35,61,36
2020/08/10 00:22:13.847,40,-30,-35,61,31
2020/08/10 00:22:13.900,40,-30,-35,61,43
2020/08/10 00:22:13.960,40,-30,-35,61,46
2020/08/10 00:22:14.013,40,-30,-35,61,47
2020/08/10 00:22:14.063,40,-30,-35,61,48
2020/08/10 00:22:14.116,40,-30,-35,61,21
2020/08/10 00:22:14.169,40,-30,-35,61,53
2020/08/10 00:22:14.226,40,-30,-35,61,78
2020/08/10 00:22:14.277,40,-30,-35,61,51
2020/08/10 00:22:14.326,40,-30,-35,61,51
2020/08/10 00:22:14.375,40,-30,-35,61,39
2020/08/10 00:22:14.423,40,-30,-35,61,30
2020/08/10 00:22:14.467,40,-30,-35,61,32
2020/08/10 00:22:14.514,40,-30,-35,61,28
2020/08/10 00:22:14.561,40,-30,-35,61,36
2020/08/10 00:22:14.613,40,-30,-35,61,25
2020/08/10 00:22:14.668,40,-30,-35,61,55
2020/08/10 00:22:14.719,40,-30,-35,61,54
2020/08/10 00:22:14.769,40,-30,-35,61,58
2020/08/10 00:22:14.815,40,-30,-35,61,45
2020/08/10 00:22:14.869,40,-30,-35,61,40
2020/08/10 00:22:14.930,40,-30,-35,61,52
2020/08/10 00:22:14.977,40,-30,-35,61,64
2020/08/10 00:22:15.030,40,-30,-35,61,70
2020/08/10 00:22:15.082,40,-30,-35,61,74
2020/08/10 00:22:15.129,40,-30,-35,61,67
2020/08/10 00:22:15.183,40,-30,-35,61,39
2020/08/10 00:22:15.232,40,-30,-35,61,48
2020/08/10 00:22:15.279,40,-30,-35,61,51
2020/08/10 00:22:15.340,40,-30,-35,61,33
2020/08/10 00:22:15.385,40,-30,-35,61,58
2020/08/10 00:22:15.434,40,-30,-35,61,55
2020/08/10 00:22:15.481,40,-30,-35,61,47
2020/08/10 00:22:15.534,40,-30,-35,61,27
2020/08/10 00:22:15.595,40,-30,-35,61,18
2020/08/10 00:22:15.660,40,-30,-35,61,17
2020/08/10 00:22:15.713,40,-30,-35,61,22
2020/08/10 00:22:15.795,40,-30,-35,61,28
2020/08/10 00:22:15.840,40,-30,-35,61,62
2020/08/10 00:22:15.888,40,-30,-35,61,28
2020/08/10 00:22:15.935,40,-30,-35,61,48
2020/08/10 00:22:15.982,40,-30,-35,61,9
2020/08/10 00:22:16.032,40,-30,-35,61,54
2020/08/10 00:22:16.079,40,-30,-35,61,55
2020/08/10 00:22:16.125,40,-30,-35,61,38
2020/08/10 00:22:16.169,40,-30,-35,61,25
2020/08/10 00:22:16.216,40,-30,-35,61,40
2020/08/10 00:22:16.275,40,-30,-35,61,46
2020/08/10 00:22:16.324,40,-30,-35,61,41
2020/08/10 00:22:16.371,40,-30,-35,61,39
2020/08/10 00:22:16.418,40,-30,-35,61,40
2020/08/10 00:22:16.470,40,-30,-35,61,44
2020/08/10 00:22:16.522,40,-30,-35,61,45
2020/08/10 00:22:16.568,40,-30,-35,61,49
2020/08/10 00:22:16.616,40,-30,-35,61,47
2020/08/10 00:22:16.668,40,-30,-35,61,32
2020/08/10 00:22:16.726,40,-30,-35,61,64
2020/08/10 00:22:16.778,40,-30,-35,61,51
2020/08/10 00:22:16.829,40,-30,-35,61,33
2020/08/10 00:22:16.880,40,-30,-35,61,36
2020/08/10 00:22:16.929,40,-30,-35,61,26
2020/08/10 00:22:16.978,40,-30,-35,61,42
2020/08/10 00:22:17.031,40,-30,-35,61,32
2020/08/10 00:22:17.091,40,-30,-35,61,48
2020/08/10 00:22:17.141,40,-30,-35,61,45
2020/08/10 00:22:17.185,40,-30,-35,61,49
2020/08/10 00:22:17.230,40,-30,-35,61,31
2020/08/10 00:22:17.277,40,-30,-35,61,28
2020/08/10 00:22:17.325,40,-30,-35,61,30
2020/08/10 00:22:17.382,40,-30,-35,61,37
2020/08/10 00:22:17.446,40,-30,-35,61,49
2020/08/10 00:22:17.497,40,-30,-35,61,47
2020/08/10 00:22:17.545,40,-30,-35,61,45
2020/08/10 00:22:17.593,40,-30,-35,61,36
2020/08/10 00:22:17.645,40,-30,-35,61,37
2020/08/10 00:22:17.694,40,-30,-35,61,39
2020/08/10 00:22:17.745,40,-30,-35,61,28
2020/08/10 00:22:17.794,40,-30,-35,61,30
2020/08/10 00:22:17.840,40,-30,-35,61,35
2020/08/10 00:22:17.913,40,-30,-35,61,34
2020/08/10 00:22:17.965,40,-30,-35,61,36
2020/08/10 00:22:18.012,40,-30,-35,61,37
2020/08/10 00:22:18.059,40,-30,-35,61,30
2020/08/10 00:22:18.116,40,-30,-35,61,30
2020/08/10 00:22:18.177,40,-30,-35,61,36
2020/08/10 00:22:18.229,40,-30,-35,61,46
2020/08/10 00:22:18.288,40,-30,-35,61,30
2020/08/10 00:22:18.343,40,-30,-35,61,31
2020/08/10 00:22:18.390,40,-30,-35,61,15
2020/08/10 00:22:18.436,40,-30,-35,61,35
2020/08/10 00:22:18.483,40,-30,-35,61,36
2020/08/10 00:22:18.541,40,-30,-35,61,27
2020/08/10 00:22:18.590,40,-30,-35,61,40
2020/08/10 00:22:18.637,40,-30,-35,61,27
2020/08/10 00:22:18.684,40,-30,-35,61,18
2020/08/10 00:22:18.736,40,-30,-35,61,17
2020/08/10 00:22:18.785,40,-30,-35,61,35
2020/08/10 00:22:18.834,40,-30,-35,61,25
2020/08/10 00:22:18.898,40,-30,-35,61,13
2020/08/10 00:22:18.948,40,-30,-35,61,44
2020/08/10 00:22:19.005,40,-30,-35,61,33
2020/08/10 00:22:19.058,40,-30,-35,61,23
2020/08/10 00:22:19.110,40,-30,-35,61,17
2020/08/10 00:22:19.159,40,-30,-35,61,32
2020/08/10 00:22:19.207,40,-30,-35,61,26
2020/08/10 00:22:19.255,40,-30,-35,61,33
2020/08/10 00:22:19.304,40,-30,-35,61,20
2020/08/10 00:22:19.356,40,-30,-35,61,31
2020/08/10 00:22:19.403,40,-30,-35,61,35
2020/08/10 00:22:19.451,40,-30,-35,61,19
2020/08/10 00:22:19.504,40,-30,-35,61,37
2020/08/10 00:22:19.550,40,-30,-35,61,48
2020/08/10 00:22:19.598,40,-30,-35,61,20
2020/08/10 00:22:19.645,40,-30,-35,61,23
2020/08/10 00:22:19.714,40,-30,-35,61,10
2020/08/10 00:22:19.772,40,-30,-35,61,34
2020/08/10 00:22:19.819,40,-30,-35,61,28
2020/08/10 00:22:19.866,40,-30,-35,61,14
2020/08/10 00:22:19.916,40,-30,-35,61,37
2020/08/10 00:22:19.982,40,-30,-35,61,20
2020/08/10 00:22:20.041,40,-30,-35,61,9
2020/08/10 00:22:20.109,40,-30,-35,61,16
2020/08/10 00:22:20.180,40,-30,-35,61,12
2020/08/10 00:22:20.234,40,-30,-35,61,31
2020/08/10 00:22:20.281,40,-30,-35,61,32
2020/08/10 00:22:20.334,40,-30,-35,61,25
2020/08/10 00:22:20.400,40,-30,-35,61,25
2020/08/10 00:22:20.453,40,-30,-35,61,43
2020/08/10 00:22:20.507,40,-30,-35,61,35
2020/08/10 00:22:20.556,40,-30,-35,61,32
2020/08/10 00:22:20.605,40,-30,-35,61,34
2020/08/10 00:22:20.654,40,-30,-35,61,36
2020/08/10 00:22:20.701,40,-30,-35,61,20
2020/08/10 00:22:20.748,40,-30,-35,61,20
2020/08/10 00:22:20.798,40,-30,-35,61,23
2020/08/10 00:22:20.849,40,-30,-35,61,36
2020/08/10 00:22:20.902,40,-30,-35,61,24
2020/08/10 00:22:20.951,40,-30,-35,61,26
2020/08/10 00:22:20.997,40,-30,-35,61,18
2020/08/10 00:22:21.048,40,-30,-35,61,9
2020/08/10 00:22:21.108,40,-30,-35,61,42
2020/08/10 00:22:21.156,40,-30,-35,61,30
2020/08/10 00:22:21.206,40,-30,-35,61,24
2020/08/10 00:22:21.252,40,-30,-35,61,31
2020/08/10 00:22:21.297,40,-30,-35,61,19
2020/08/10 00:22:21.343,40,-30,-35,61,6
2020/08/10 00:22:21.398,40,-30,-35,61,13
2020/08/10 00:22:21.457,40,-30,-35,61,29
2020/08/10 00:22:21.506,40,-30,-35,61,27
2020/08/10 00:22:21.551,40,-30,-35,61,21
2020/08/10 00:22:21.597,40,-30,-35,61,12
2020/08/10 00:22:21.643,40,-30,-35,61,6
2020/08/10 00:22:21.694,40,-30,-35,61,9
2020/08/10 00:22:21.759,40,-30,-35,61,17
2020/08/10 00:22:21.821,40,-30,-35,61,20
2020/08/10 00:22:21.881,40,-30,-35,61,21
2020/08/10 00:22:21.941,40,-30,-35,61,25
2020/08/10 00:22:22.002,40,-30,-35,61,19
2020/08/10 00:22:22.062,40,-30,-35,61,10
2020/08/10 00:22:22.118,40,-30,-35,61,20
2020/08/10 00:22:22.183,40,-30,-35,61,14
2020/08/10 00:22:22.244,40,-30,-35,61,15
2020/08/10 00:22:22.298,40,-30,-35,61,15
2020/08/10 00:22:22.389,40,-30,-35,61,29
2020/08/10 00:22:22.437,40,-30,-35,61,40
2020/08/10 00:22:22.489,40,-30,-35,61,43
2020/08/10 00:22:22.535,40,-30,-35,61,24
2020/08/10 00:22:22.582,40,-30,-35,61,29
2020/08/10 00:22:22.631,40,-30,-35,61,42
2020/08/10 00:22:22.677,40,-30,-35,61,13
2020/08/10 00:22:22.726,40,-30,-35,61,8
2020/08/10 00:22:22.774,40,-30,-35,61,21
2020/08/10 00:22:22.836,40,-30,-35,61,6
2020/08/10 00:22:22.900,40,-30,-35,61,16
2020/08/10 00:22:22.965,40,-30,-35,61,19
2020/08/10 00:22:23.022,40,-30,-35,61,19
2020/08/10 00:22:23.083,40,-30,-35,61,8
2020/08/10 00:22:23.138,40,-30,-35,61,29
2020/08/10 00:22:23.202,40,-30,-35,61,11
2020/08/10 00:22:23.262,40,-30,-35,61,18
2020/08/10 00:22:23.317,40,-30,-35,61,13
2020/08/10 00:22:23.391,40,-30,-35,61,25
2020/08/10 00:22:23.456,40,-30,-35,61,13
2020/08/10 00:22:23.520,40,-30,-35,61,19
2020/08/10 00:22:23.575,40,-30,-35,61,13
2020/08/10 00:22:23.634,40,-30,-35,61,19
2020/08/10 00:22:23.698,40,-30,-35,61,17
2020/08/10 00:22:23.751,40,-30,-35,61,32
2020/08/10 00:22:23.796,40,-30,-35,61,35
2020/08/10 00:22:23.843,40,-30,-35,61,20
2020/08/10 00:22:23.890,40,-30,-35,61,37
2020/08/10 00:22:23.936,40,-30,-35,61,15
2020/08/10 00:22:23.982,40,-30,-35,61,17
2020/08/10 00:22:24.033,40,-30,-35,61,18
2020/08/10 00:22:24.100,40,-30,-35,61,8
2020/08/10 00:22:24.163,40,-30,-35,61,14
2020/08/10 00:22:24.217,40,-30,-35,61,16
2020/08/10 00:22:24.263,40,-30,-35,61,22
2020/08/10 00:22:24.320,40,-30,-35,61,8
2020/08/10 00:22:24.376,40,-30,-35,61,16
2020/08/10 00:22:24.453,40,-30,-35,61,16
2020/08/10 00:22:24.517,40,-30,-35,61,21
2020/08/10 00:22:24.581,40,-30,-35,61,17
2020/08/10 00:22:24.638,40,-30,-35,61,10
2020/08/10 00:22:24.700,40,-30,-35,61,31
2020/08/10 00:22:24.752,40,-30,-35,61,11
2020/08/10 00:22:24.816,40,-30,-35,61,17
2020/08/10 00:22:24.880,40,-30,-35,61,22
2020/08/10 00:22:24.942,40,-30,-35,61,13
2020/08/10 00:22:24.996,40,-30,-35,61,12
2020/08/10 00:22:25.069,40,-30,-35,61,12
2020/08/10 00:22:25.133,40,-30,-35,61,18
2020/08/10 00:22:25.201,40,-30,-35,61,10
2020/08/10 00:22:25.258,40,-30,-35,61,19
2020/08/10 00:22:25.321,40,-30,-35,61,7
2020/08/10 00:22:25.373,40,-30,-35,61,26
2020/08/10 00:22:25.418,40,-30,-35,61,11
2020/08/10 00:22:25.464,40,-30,-35,61,17
2020/08/10 00:22:25.513,40,-30,-35,61,8
2020/08/10 00:22:25.580,40,-30,-35,61,10
2020/08/10 00:22:25.637,40,-30,-35,61,22
2020/08/10 00:22:25.703,40,-30,-35,61,18
2020/08/10 00:22:25.760,40,-30,-35,61,15
2020/08/10 00:22:25.819,40,-30,-35,61,17
2020/08/10 00:22:25.864,40,-30,-35,61,16
2020/08/10 00:22:25.912,40,-30,-35,61,8
2020/08/10 00:22:25.974,40,-30,-35,61,8
2020/08/10 00:22:26.058,40,-30,-35,61,11
2020/08/10 00:22:26.120,40,-30,-35,61,24
2020/08/10 00:22:26.178,40,-30,-35,61,23
2020/08/10 00:22:26.235,40,-30,-35,61,18
2020/08/10 00:22:26.280,40,-30,-35,61,26
2020/08/10 00:22:26.343,40,-30,-35,61,8
2020/08/10 00:22:26.397,40,-30,-35,61,14
2020/08/10 00:22:26.469,40,-30,-35,61,19
2020/08/10 00:22:26.534,40,-30,-35,61,14
2020/08/10 00:22:26.610,40,-30,-35,61,11
2020/08/10 00:22:26.677,40,-30,-35,61,14
2020/08/10 00:22:26.726,40,-30,-35,61,16
2020/08/10 00:22:26.775,40,-30,-35,61,15
2020/08/10 00:22:26.841,40,-30,-35,61,8
2020/08/10 00:22:26.899,40,-30,-35,61,20
2020/08/10 00:22:26.947,40,-30,-35,61,24
2020/08/10 00:22:27.007,40,-30,-35,61,0
2020/08/10 00:22:27.077,40,-30,-35,61,12
2020/08/10 00:22:27.150,40,-30,-35,61,22
2020/08/10 00:22:27.220,40,-30,-35,61,9
2020/08/10 00:22:27.269,40,-30,-35,61,20
2020/08/10 00:22:27.333,40,-30,-35,61,6
2020/08/10 00:22:27.397,40,-30,-35,61,18
2020/08/10 00:22:27.473,40,-30,-35,61,15
2020/08/10 00:22:27.537,40,-30,-35,61,13
2020/08/10 00:22:27.601,40,-30,-35,61,16
2020/08/10 00:22:27.656,40,-30,-35,61,13
2020/08/10 00:22:27.710,40,-30,-35,61,20
2020/08/10 00:22:27.779,40,-30,-35,61,15
2020/08/10 00:22:27.835,40,-30,-35,61,12
2020/08/10 00:22:27.908,40,-30,-35,61,11
2020/08/10 00:22:27.973,40,-30,-35,61,25
2020/08/10 00:22:28.027,40,-30,-35,61,16
2020/08/10 00:22:28.075,40,-30,-35,61,6
2020/08/10 00:22:28.137,40,-30,-35,61,11
2020/08/10 00:22:28.191,40,-30,-35,61,17
2020/08/10 00:22:28.247,40,-30,-35,61,14
2020/08/10 00:22:28.314,40,-30,-35,61,13
2020/08/10 00:22:28.389,40,-30,-35,61,16
2020/08/10 00:22:28.444,40,-30,-35,61,26
2020/08/10 00:22:28.503,40,-30,-35,61,15
2020/08/10 00:22:28.549,40,-30,-35,61,22
2020/08/10 00:22:28.606,40,-30,-35,61,2
2020/08/10 00:22:28.660,40,-30,-35,61,12
2020/08/10 00:22:28.722,40,-30,-35,61,11
2020/08/10 00:22:28.783,40,-30,-35,61,22
2020/08/10 00:22:28.847,40,-30,-35,61,10
2020/08/10 00:22:28.910,40,-30,-35,61,28
2020/08/10 00:22:28.959,40,-30,-35,61,34
2020/08/10 00:22:29.010,40,-30,-35,61,45
2020/08/10 00:22:29.057,40,-30,-35,61,26
2020/08/10 00:22:29.104,40,-30,-35,61,28
2020/08/10 00:22:29.152,40,-30,-35,61,26
2020/08/10 00:22:29.200,40,-30,-35,61,33
2020/08/10 00:22:29.246,40,-30,-35,61,12
2020/08/10 00:22:29.294,40,-30,-35,61,12
2020/08/10 00:22:29.355,40,-30,-35,61,17
2020/08/10 00:22:29.419,40,-30,-35,61,11
2020/08/10 00:22:29.481,40,-30,-35,61,20
2020/08/10 00:22:29.541,40,-30,-35,61,8
2020/08/10 00:22:29.601,40,-30,-35,61,18
2020/08/10 00:22:29.663,40,-30,-35,61,18
2020/08/10 00:22:29.724,40,-30,-35,61,12
2020/08/10 00:22:29.771,40,-30,-35,61,17
2020/08/10 00:22:29.837,40,-30,-35,61,20
2020/08/10 00:22:29.910,40,-30,-35,61,12
2020/08/10 00:22:29.976,40,-30,-35,61,32
2020/08/10 00:22:30.025,40,-30,-35,61,21
2020/08/10 00:22:30.073,40,-30,-35,61,25
2020/08/10 00:22:30.118,40,-30,-35,61,28
2020/08/10 00:22:30.163,40,-30,-35,61,11
2020/08/10 00:22:30.215,40,-30,-35,61,6
2020/08/10 00:22:30.290,40,-30,-35,61,13
2020/08/10 00:22:30.356,40,-30,-35,61,19
2020/08/10 00:22:30.410,40,-30,-35,61,15
2020/08/10 00:22:30.478,40,-30,-35,61,15
2020/08/10 00:22:30.540,40,-30,-35,61,18
2020/08/10 00:22:30.601,40,-30,-35,61,10
2020/08/10 00:22:30.660,40,-30,-35,61,16
2020/08/10 00:22:30.715,40,-30,-35,61,18
2020/08/10 00:22:30.789,40,-30,-35,61,17
2020/08/10 00:22:30.850,40,-30,-35,61,13
2020/08/10 00:22:30.920,40,-30,-35,61,12
2020/08/10 00:22:30.985,40,-30,-35,61,20
2020/08/10 00:22:31.046,40,-30,-35,61,9
2020/08/10 00:22:31.100,40,-30,-35,61,18
2020/08/10 00:22:31.163,40,-30,-35,61,16
2020/08/10 00:22:31.218,40,-30,-35,61,22
2020/08/10 00:22:31.268,40,-30,-35,61,17
2020/08/10 00:22:31.316,40,-30,-35,61,18
2020/08/10 00:22:31.362,40,-30,-35,61,18
2020/08/10 00:22:31.415,40,-30,-35,61,12
2020/08/10 00:22:31.485,40,-30,-35,61,15
2020/08/10 00:22:31.542,40,-30,-35,61,12
2020/08/10 00:22:31.599,40,-30,-35,61,19
2020/08/10 00:22:31.664,40,-30,-35,61,10
2020/08/10 00:22:31.720,40,-30,-35,61,19
2020/08/10 00:22:31.787,40,-30,-35,61,10
2020/08/10 00:22:31.838,40,-30,-35,61,11
2020/08/10 00:22:31.912,40,-30,-35,61,18
2020/08/10 00:22:31.977,40,-30,-35,61,19
2020/08/10 00:22:32.031,40,-30,-35,61,6
2020/08/10 00:22:32.100,40,-30,-35,61,17
2020/08/10 00:22:32.164,40,-30,-35,61,15
2020/08/10 00:22:32.219,40,-30,-35,61,26
2020/08/10 00:22:32.265,40,-30,-35,61,8
2020/08/10 00:22:32.314,40,-30,-35,61,23
2020/08/10 00:22:32.380,40,-30,-35,61,17
2020/08/10 00:22:32.440,40,-30,-35,61,16
2020/08/10 00:22:32.502,40,-30,-35,61,11
2020/08/10 00:22:32.550,40,-30,-35,61,21
2020/08/10 00:22:32.614,40,-30,-35,61,8
2020/08/10 00:22:32.667,40,-30,-35,61,15
2020/08/10 00:22:32.715,40,-30,-35,61,9
2020/08/10 00:22:32.780,40,-30,-35,61,26
2020/08/10 00:22:32.839,40,-30,-35,61,13
2020/08/10 00:22:32.895,40,-30,-35,61,15
2020/08/10 00:22:32.970,40,-30,-35,61,15
2020/08/10 00:22:33.038,40,-30,-35,61,16
2020/08/10 00:22:33.102,40,-30,-35,61,10
2020/08/10 00:22:33.163,40,-30,-35,61,19
2020/08/10 00:22:33.216,40,-30,-35,61,16
2020/08/10 00:22:33.260,40,-30,-35,61,12
2020/08/10 00:22:33.310,40,-30,-35,61,13
2020/08/10 00:22:33.379,40,-30,-35,61,8
2020/08/10 00:22:33.442,40,-30,-35,61,12
2020/08/10 00:22:33.495,40,-30,-35,61,22
2020/08/10 00:22:33.540,40,-30,-35,61,12
2020/08/10 00:22:33.602,40,-30,-35,61,18
2020/08/10 00:22:33.658,40,-30,-35,61,15
2020/08/10 00:22:33.721,40,-30,-35,61,12
2020/08/10 00:22:33.783,40,-30,-35,61,19
2020/08/10 00:22:33.838,40,-30,-35,61,15
2020/08/10 00:22:33.903,40,-30,-35,61,23
2020/08/10 00:22:33.962,40,-30,-35,61,21
2020/08/10 00:22:34.026,40,-30,-35,61,11
2020/08/10 00:22:34.081,40,-30,-35,61,16
2020/08/10 00:22:34.147,40,-30,-35,61,10
2020/08/10 00:22:34.221,40,-30,-35,61,20
2020/08/10 00:22:34.268,40,-30,-35,61,18
2020/08/10 00:22:34.339,40,-30,-35,61,6
2020/08/10 00:22:34.395,40,-30,-35,61,16
2020/08/10 00:22:34.460,40,-30,-35,61,15
2020/08/10 00:22:34.523,40,-30,-35,61,18
2020/08/10 00:22:34.579,40,-30,-35,61,15
2020/08/10 00:22:34.642,40,-30,-35,61,8
2020/08/10 00:22:34.701,40,-30,-35,61,16
2020/08/10 00:22:34.756,40,-30,-35,61,18
2020/08/10 00:22:34.805,40,-30,-35,61,17
2020/08/10 00:22:34.854,40,-30,-35,61,8
2020/08/10 00:22:34.913,40,-30,-35,61,15
2020/08/10 00:22:34.979,40,-30,-35,61,14
2020/08/10 00:22:35.034,40,-30,-35,61,21
2020/08/10 00:22:35.094,40,-30,-35,61,14
2020/08/10 00:22:35.159,40,-30,-35,61,19
2020/08/10 00:22:35.218,40,-30,-35,61,14
2020/08/10 00:22:35.291,40,-30,-35,61,11
2020/08/10 00:22:35.346,40,-30,-35,61,19
2020/08/10 00:22:35.400,40,-30,-35,61,14
2020/08/10 00:22:35.465,40,-30,-35,61,11
2020/08/10 00:22:35.522,40,-30,-35,61,25
2020/08/10 00:22:35.575,40,-30,-35,61,21
2020/08/10 00:22:35.651,40,-30,-35,61,8
2020/08/10 00:22:35.715,40,-30,-35,61,18
2020/08/10 00:22:35.791,40,-30,-35,61,16
2020/08/10 00:22:35.853,40,-30,-35,61,31
2020/08/10 00:22:35.916,40,-30,-35,61,12
2020/08/10 00:22:35.990,40,-30,-35,61,19
2020/08/10 00:22:36.051,40,-30,-35,61,17
2020/08/10 00:22:36.104,40,-30,-35,61,20
2020/08/10 00:22:36.160,40,-30,-35,61,15
2020/08/10 00:22:36.215,40,-30,-35,61,22
2020/08/10 00:22:36.261,40,-30,-35,61,18
2020/08/10 00:22:36.311,40,-30,-35,61,6
2020/08/10 00:22:36.376,40,-30,-35,61,8
2020/08/10 00:22:36.431,40,-30,-35,61,25
2020/08/10 00:22:36.500,40,-30,-35,61,8
2020/08/10 00:22:36.562,40,-30,-35,61,20
2020/08/10 00:22:36.618,40,-30,-35,61,17
2020/08/10 00:22:36.680,40,-30,-35,61,10
2020/08/10 00:22:36.753,40,-30,-35,61,22
2020/08/10 00:22:36.801,40,-30,-35,61,35
2020/08/10 00:22:36.845,40,-30,-35,61,35
2020/08/10 00:22:36.891,40,-30,-35,61,9
2020/08/10 00:22:36.935,40,-30,-35,61,13
2020/08/10 00:22:36.979,40,-30,-35,61,6
2020/08/10 00:22:37.027,40,-30,-35,61,8
2020/08/10 00:22:37.092,40,-30,-35,61,15
2020/08/10 00:22:37.158,40,-30,-35,61,16
2020/08/10 00:22:37.220,40,-30,-35,61,22
2020/08/10 00:22:37.282,40,-30,-35,61,13
2020/08/10 00:22:37.347,40,-30,-35,61,26
2020/08/10 00:22:37.400,40,-30,-35,61,15
2020/08/10 00:22:37.464,40,-30,-35,61,19
2020/08/10 00:22:37.518,40,-30,-35,61,13
2020/08/10 00:22:37.569,40,-30,-35,61,31
2020/08/10 00:22:37.613,40,-30,-35,61,9
2020/08/10 00:22:37.659,40,-30,-35,61,15
2020/08/10 00:22:37.706,40,-30,-35,61,9
2020/08/10 00:22:37.755,40,-30,-35,61,15
2020/08/10 00:22:37.800,40,-30,-35,61,17
2020/08/10 00:22:37.856,40,-30,-35,61,30
2020/08/10 00:22:37.908,40,-30,-35,61,45
2020/08/10 00:22:37.954,40,-30,-35,61,35
2020/08/10 00:22:38.010,40,-30,-35,61,24
2020/08/10 00:22:38.062,40,-30,-35,61,21
2020/08/10 00:22:38.131,40,-30,-35,61,58
2020/08/10 00:22:38.176,40,-30,-35,61,60
2020/08/10 00:22:38.223,40,-30,-35,61,26
2020/08/10 00:22:38.268,40,-30,-35,61,42
2020/08/10 00:22:38.312,40,-30,-35,61,3
2020/08/10 00:22:38.355,40,-30,-35,61,25
2020/08/10 00:22:38.405,40,-30,-35,61,6
2020/08/10 00:22:38.459,40,-30,-35,61,6
2020/08/10 00:22:38.512,40,-30,-35,61,9
2020/08/10 00:22:38.596,40,-30,-35,61,12
2020/08/10 00:22:38.645,40,-30,-35,61,30
2020/08/10 00:22:38.692,40,-30,-35,61,50
2020/08/10 00:22:38.774,40,-30,-35,61,53
2020/08/10 00:22:38.820,40,-30,-35,61,66
2020/08/10 00:22:38.865,40,-30,-35,61,21
2020/08/10 00:22:38.910,40,-30,-35,61,18
2020/08/10 00:22:38.983,40,-30,-35,61,6
2020/08/10 00:22:39.029,40,-30,-35,61,35
2020/08/10 00:22:39.079,40,-30,-35,61,48
2020/08/10 00:22:39.126,40,-30,-35,61,32
2020/08/10 00:22:39.181,40,-30,-35,61,20
2020/08/10 00:22:39.237,40,-30,-35,61,49
2020/08/10 00:22:39.285,40,-30,-35,61,61
2020/08/10 00:22:39.335,40,-30,-35,61,38
2020/08/10 00:22:39.382,40,-30,-35,61,26
2020/08/10 00:22:39.431,40,-30,-35,61,42
2020/08/10 00:22:39.477,40,-30,-35,61,60
2020/08/10 00:22:39.535,40,-30,-35,61,45
2020/08/10 00:22:39.579,40,-30,-35,61,35
2020/08/10 00:22:39.624,40,-30,-35,61,31
2020/08/10 00:22:39.668,40,-30,-35,61,28
2020/08/10 00:22:39.713,40,-30,-35,61,15
2020/08/10 00:22:39.756,40,-30,-35,61,6
2020/08/10 00:22:39.811,40,-30,-35,61,15
2020/08/10 00:22:39.854,40,-30,-35,61,26
2020/08/10 00:22:39.901,40,-30,-35,61,15
2020/08/10 00:22:39.948,40,-30,-35,61,48
2020/08/10 00:22:39.994,40,-30,-35,61,34
2020/08/10 00:22:40.040,40,-30,-35,61,28
2020/08/10 00:22:40.086,40,-30,-35,61,49
2020/08/10 00:22:40.132,40,-30,-35,61,21
2020/08/10 00:22:40.182,40,-30,-35,61,24
2020/08/10 00:22:40.235,40,-30,-35,61,21
2020/08/10 00:22:40.279,40,-30,-35,61,26
2020/08/10 00:22:40.327,40,-30,-35,61,16
2020/08/10 00:22:40.374,40,-30,-35,61,17
2020/08/10 00:22:40.423,40,-30,-35,61,28
2020/08/10 00:22:40.477,40,-30,-35,61,26
2020/08/10 00:22:40.540,40,-30,-35,61,22
2020/08/10 00:22:40.592,40,-30,-35,61,38
2020/08/10 00:22:40.662,40,-30,-35,61,16
2020/08/10 00:22:40.709,40,-30,-35,61,42
2020/08/10 00:22:40.776,40,-30,-35,61,22
2020/08/10 00:22:40.840,40,-30,-35,61,58
2020/08/10 00:22:40.887,40,-30,-35,61,66
2020/08/10 00:22:40.935,40,-30,-35,61,57
2020/08/10 00:22:40.995,40,-30,-35,61,60
2020/08/10 00:22:41.039,40,-30,-35,61,71
2020/08/10 00:22:41.121,40,-30,-35,61,46
2020/08/10 00:22:41.167,40,-30,-35,61,80
2020/08/10 00:22:41.217,40,-30,-35,61,71
2020/08/10 00:22:41.267,40,-30,-35,61,51
2020/08/10 00:22:41.316,40,-30,-35,61,54
2020/08/10 00:22:41.369,40,-30,-35,61,45
2020/08/10 00:22:41.418,40,-30,-35,61,57
2020/08/10 00:22:41.462,40,-30,-35,61,40
2020/08/10 00:22:41.506,40,-30,-35,61,22
2020/08/10 00:22:41.550,40,-30,-35,61,12
2020/08/10 00:22:41.593,40,-30,-35,61,13
2020/08/10 00:22:41.640,40,-30,-35,61,21
2020/08/10 00:22:41.694,40,-30,-35,61,46
2020/08/10 00:22:41.739,40,-30,-35,61,51
2020/08/10 00:22:41.791,40,-30,-35,61,36
2020/08/10 00:22:41.835,40,-30,-35,61,41
2020/08/10 00:22:41.883,40,-30,-35,61,28
2020/08/10 00:22:41.936,40,-30,-35,61,51
2020/08/10 00:22:41.985,40,-30,-35,61,34
2020/08/10 00:22:42.041,40,-30,-35,61,62
2020/08/10 00:22:42.088,40,-30,-35,61,61
2020/08/10 00:22:42.138,40,-30,-35,61,28
2020/08/10 00:22:42.214,40,-30,-35,61,55
2020/08/10 00:22:42.271,40,-30,-35,61,59
2020/08/10 00:22:42.329,40,-30,-35,61,53
2020/08/10 00:22:42.379,40,-30,-35,61,54
2020/08/10 00:22:42.440,40,-30,-35,61,45
2020/08/10 00:22:42.496,40,-30,-35,61,70
2020/08/10 00:22:42.545,40,-30,-35,61,61
2020/08/10 00:22:42.605,40,-30,-35,61,46
2020/08/10 00:22:42.662,40,-30,-35,61,41
2020/08/10 00:22:42.720,40,-30,-35,61,56
2020/08/10 00:22:42.767,40,-30,-35,61,59
2020/08/10 00:22:42.818,40,-30,-35,61,33
2020/08/10 00:22:42.868,40,-30,-35,61,26
2020/08/10 00:22:42.917,40,-30,-35,61,21
2020/08/10 00:22:42.969,40,-30,-35,61,53
2020/08/10 00:22:43.015,40,-30,-35,61,42
2020/08/10 00:22:43.065,40,-30,-35,61,34
2020/08/10 00:22:43.118,40,-30,-35,61,62
2020/08/10 00:22:43.168,40,-30,-35,61,27
2020/08/10 00:22:43.212,40,-30,-35,61,41
2020/08/10 00:22:43.259,40,-30,-35,61,27
2020/08/10 00:22:43.308,40,-30,-35,61,39
2020/08/10 00:22:43.354,40,-30,-35,61,15
2020/08/10 00:22:43.401,40,-30,-35,61,21
2020/08/10 00:22:43.452,40,-30,-35,61,41
2020/08/10 00:22:43.508,40,-30,-35,61,37
2020/08/10 00:22:43.558,40,-30,-35,61,36
2020/08/10 00:22:43.607,40,-30,-35,61,37
2020/08/10 00:22:43.665,40,-30,-35,61,34
2020/08/10 00:22:43.724,40,-30,-35,61,53
2020/08/10 00:22:43.774,40,-30,-35,61,78
2020/08/10 00:22:43.827,40,-30,-35,61,45
2020/08/10 00:22:43.879,40,-30,-35,61,49
2020/08/10 00:22:43.928,40,-30,-35,61,33
2020/08/10 00:22:43.975,40,-30,-35,61,28
2020/08/10 00:22:44.022,40,-30,-35,61,27
2020/08/10 00:22:44.071,40,-30,-35,61,50
2020/08/10 00:22:44.123,40,-30,-35,61,41
2020/08/10 00:22:44.176,40,-30,-35,61,58
2020/08/10 00:22:44.224,40,-30,-35,61,55
2020/08/10 00:22:44.272,40,-30,-35,61,45
2020/08/10 00:22:44.318,40,-30,-35,61,43
2020/08/10 00:22:44.365,40,-30,-35,61,30
2020/08/10 00:22:44.412,40,-30,-35,61,26
2020/08/10 00:22:44.460,40,-30,-35,61,46
2020/08/10 00:22:44.511,40,-30,-35,61,68
2020/08/10 00:22:44.554,40,-30,-35,61,17
2020/08/10 00:22:44.604,40,-30,-35,61,36
2020/08/10 00:22:44.652,40,-30,-35,61,35
2020/08/10 00:22:44.708,40,-30,-35,61,57
2020/08/10 00:22:44.758,40,-30,-35,61,51
2020/08/10 00:22:44.804,40,-30,-35,61,31
2020/08/10 00:22:44.853,40,-30,-35,61,33
2020/08/10 00:22:44.903,40,-30,-35,61,25
2020/08/10 00:22:44.953,40,-30,-35,61,47
2020/08/10 00:22:45.009,40,-30,-35,61,45
2020/08/10 00:22:45.058,40,-30,-35,61,57
2020/08/10 00:22:45.110,40,-30,-35,61,33
2020/08/10 00:22:45.160,40,-30,-35,61,41
2020/08/10 00:22:45.207,40,-30,-35,61,40
2020/08/10 00:22:45.265,40,-30,-35,61,28
2020/08/10 00:22:45.310,40,-30,-35,61,33
2020/08/10 00:22:45.357,40,-30,-35,61,29
2020/08/10 00:22:45.413,40,-30,-35,61,29
2020/08/10 00:22:45.464,40,-30,-35,61,40
2020/08/10 00:22:45.508,40,-30,-35,61,52
2020/08/10 00:22:45.563,40,-30,-35,61,17
2020/08/10 00:22:45.609,40,-30,-35,61,23
2020/08/10 00:22:45.668,40,-30,-35,61,37
2020/08/10 00:22:45.716,40,-30,-35,61,51
2020/08/10 00:22:45.769,40,-30,-35,61,24
2020/08/10 00:22:45.827,40,-30,-35,61,53
2020/08/10 00:22:45.874,40,-30,-35,61,35
2020/08/10 00:22:45.930,40,-30,-35,61,16
2020/08/10 00:22:45.985,40,-30,-35,61,25
2020/08/10 00:22:46.033,40,-30,-35,61,35
2020/08/10 00:22:46.084,40,-30,-35,61,19
2020/08/10 00:22:46.131,40,-30,-35,61,28
2020/08/10 00:22:46.177,40,-30,-35,61,25
2020/08/10 00:22:46.226,40,-30,-35,61,10
2020/08/10 00:22:46.289,40,-30,-35,61,27
2020/08/10 00:22:46.351,40,-30,-35,61,34
2020/08/10 00:22:46.433,40,-30,-35,61,25
2020/08/10 00:22:46.482,40,-30,-35,61,29
2020/08/10 00:22:46.529,40,-30,-35,61,30
2020/08/10 00:22:46.579,40,-30,-35,61,45
2020/08/10 00:22:46.630,40,-30,-35,61,28
2020/08/10 00:22:46.677,40,-30,-35,61,15
2020/08/10 00:22:46.726,40,-30,-35,61,26
2020/08/10 00:22:46.781,40,-30,-35,61,13
2020/08/10 00:22:46.846,40,-30,-35,61,23
2020/08/10 00:22:46.906,40,-30,-35,61,14
2020/08/10 00:22:46.964,40,-30,-35,61,32
2020/08/10 00:22:47.011,40,-30,-35,61,16
2020/08/10 00:22:47.080,40,-30,-35,61,18
2020/08/10 00:22:47.149,40,-30,-35,61,27
2020/08/10 00:22:47.211,40,-30,-35,61,30
2020/08/10 00:22:47.279,40,-30,-35,61,12
2020/08/10 00:22:47.333,40,-30,-35,61,38
2020/08/10 00:22:47.384,40,-30,-35,61,47
2020/08/10 00:22:47.435,40,-30,-35,61,33
2020/08/10 00:22:47.485,40,-30,-35,61,22
2020/08/10 00:22:47.541,40,-30,-35,61,16
2020/08/10 00:22:47.594,40,-30,-35,61,34
2020/08/10 00:22:47.674,40,-30,-35,61,19
2020/08/10 00:22:47.728,40,-30,-35,61,26
2020/08/10 00:22:47.780,40,-30,-35,61,21
2020/08/10 00:22:47.831,40,-30,-35,61,65
2020/08/10 00:22:47.879,40,-30,-35,61,76
2020/08/10 00:22:47.926,40,-30,-35,61,74
2020/08/10 00:22:47.973,40,-30,-35,61,40
2020/08/10 00:22:48.023,40,-30,-35,61,25
2020/08/10 00:22:48.070,40,-30,-35,61,19
2020/08/10 00:22:48.118,40,-30,-35,61,13
2020/08/10 00:22:48.165,40,-30,-35,61,15
2020/08/10 00:22:48.215,40,-30,-35,61,16
2020/08/10 00:22:48.280,40,-30,-35,61,16
2020/08/10 00:22:48.337,40,-30,-35,61,36
2020/08/10 00:22:48.400,40,-30,-35,61,25
2020/08/10 00:22:48.463,40,-30,-35,61,16
2020/08/10 00:22:48.524,40,-30,-35,61,25
2020/08/10 00:22:48.569,40,-30,-35,61,33
2020/08/10 00:22:48.628,40,-30,-35,61,17
2020/08/10 00:22:48.685,40,-30,-35,61,26
2020/08/10 00:22:48.737,40,-30,-35,61,14
2020/08/10 00:22:48.802,40,-30,-35,61,24
2020/08/10 00:22:48.858,40,-30,-35,61,27
2020/08/10 00:22:48.926,40,-30,-35,61,27
2020/08/10 00:22:48.994,40,-30,-35,61,30
2020/08/10 00:22:49.040,40,-30,-35,61,15
2020/08/10 00:22:49.090,40,-30,-35,61,23
2020/08/10 00:22:49.164,40,-30,-35,61,25
2020/08/10 00:22:49.226,40,-30,-35,61,24
2020/08/10 00:22:49.275,40,-30,-35,61,21
2020/08/10 00:22:49.332,40,-30,-35,61,20
2020/08/10 00:22:49.381,40,-30,-35,61,22
2020/08/10 00:22:49.432,40,-30,-35,61,22
2020/08/10 00:22:49.499,40,-30,-35,61,20
2020/08/10 00:22:49.568,40,-30,-35,61,27
2020/08/10 00:22:49.629,40,-30,-35,61,19
2020/08/10 00:22:49.689,40,-30,-35,61,26
2020/08/10 00:22:49.751,40,-30,-35,61,22
2020/08/10 00:22:49.819,40,-30,-35,61,29
2020/08/10 00:22:49.883,40,-30,-35,61,24
2020/08/10 00:22:49.938,40,-30,-35,61,23
2020/08/10 00:22:50.017,40,-30,-35,61,21
2020/08/10 00:22:50.069,40,-30,-35,61,52
2020/08/10 00:22:50.119,40,-30,-35,61,32
2020/08/10 00:22:50.168,40,-30,-35,61,31
2020/08/10 00:22:50.216,40,-30,-35,61,28
2020/08/10 00:22:50.266,40,-30,-35,61,23
2020/08/10 00:22:50.322,40,-30,-35,61,40
2020/08/10 00:22:50.378,40,-30,-35,61,69
2020/08/10 00:22:50.437,40,-30,-35,61,55
2020/08/10 00:22:50.485,40,-30,-35,61,38
2020/08/10 00:22:50.533,40,-30,-35,61,43
2020/08/10 00:22:50.588,40,-30,-35,61,64
2020/08/10 00:22:50.649,40,-30,-35,61,40
2020/08/10 00:22:50.699,40,-30,-35,61,36
2020/08/10 00:22:50.758,40,-30,-35,61,40
2020/08/10 00:22:50.807,40,-30,-35,61,48
2020/08/10 00:22:50.859,40,-30,-35,61,23
2020/08/10 00:22:50.906,40,-30,-35,61,33
2020/08/10 00:22:50.953,40,-30,-35,61,17
2020/08/10 00:22:51.003,40,-30,-35,61,33
2020/08/10 00:22:51.058,40,-30,-35,61,17
2020/08/10 00:22:51.118,40,-30,-35,61,21
2020/08/10 00:22:51.177,40,-30,-35,61,11
2020/08/10 00:22:51.240,40,-30,-35,61,14
2020/08/10 00:22:51.298,40,-30,-35,61,17
2020/08/10 00:22:51.352,40,-30,-35,61,16
2020/08/10 00:22:51.422,40,-30,-35,61,20
2020/08/10 00:22:51.484,40,-30,-35,61,39
2020/08/10 00:22:51.549,40,-30,-35,61,32
2020/08/10 00:22:51.600,40,-30,-35,61,23
2020/08/10 00:22:51.654,40,-30,-35,61,21
2020/08/10 00:22:51.710,40,-30,-35,61,31
2020/08/10 00:22:51.760,40,-30,-35,61,27
2020/08/10 00:22:51.813,40,-30,-35,61,25
2020/08/10 00:22:51.873,40,-30,-35,61,18
2020/08/10 00:22:51.943,40,-30,-35,61,15
2020/08/10 00:22:52.003,40,-30,-35,61,22
2020/08/10 00:22:52.062,40,-30,-35,61,24
2020/08/10 00:22:52.126,40,-30,-35,61,27
2020/08/10 00:22:52.182,40,-30,-35,61,26
2020/08/10 00:22:52.247,40,-30,-35,61,14
2020/08/10 00:22:52.324,40,-30,-35,61,30
2020/08/10 00:22:52.379,40,-30,-35,61,27
2020/08/10 00:22:52.431,40,-30,-35,61,47
2020/08/10 00:22:52.482,40,-30,-35,61,25
2020/08/10 00:22:52.534,40,-30,-35,61,42
2020/08/10 00:22:52.593,40,-30,-35,61,24
2020/08/10 00:22:52.642,40,-30,-35,61,26
2020/08/10 00:22:52.692,40,-30,-35,61,42
2020/08/10 00:22:52.739,40,-30,-35,61,26
2020/08/10 00:22:52.787,40,-30,-35,61,20
2020/08/10 00:22:52.851,40,-30,-35,61,12
2020/08/10 00:22:52.915,40,-30,-35,61,11
2020/08/10 00:22:52.989,40,-30,-35,61,17
2020/08/10 00:22:53.051,40,-30,-35,61,17
2020/08/10 00:22:53.118,40,-30,-35,61,24
2020/08/10 00:22:53.186,40,-30,-35,61,24
2020/08/10 00:22:53.255,40,-30,-35,61,19
2020/08/10 00:22:53.327,40,-30,-35,61,25
2020/08/10 00:22:53.378,40,-30,-35,61,26
2020/08/10 00:22:53.436,40,-30,-35,61,14
2020/08/10 00:22:53.483,40,-30,-35,61,16
2020/08/10 00:22:53.542,40,-30,-35,61,23
2020/08/10 00:22:53.601,40,-30,-35,61,17
2020/08/10 00:22:53.660,40,-30,-35,61,24
2020/08/10 00:22:53.728,40,-30,-35,61,18
2020/08/10 00:22:53.790,40,-30,-35,61,19
2020/08/10 00:22:53.844,40,-30,-35,61,39
2020/08/10 00:22:53.902,40,-30,-35,61,11
2020/08/10 00:22:53.964,40,-30,-35,61,27
2020/08/10 00:22:54.014,40,-30,-35,61,29
2020/08/10 00:22:54.072,40,-30,-35,61,17
2020/08/10 00:22:54.119,40,-30,-35,61,15
2020/08/10 00:22:54.175,40,-30,-35,61,15
2020/08/10 00:22:54.238,40,-30,-35,61,16
2020/08/10 00:22:54.295,40,-30,-35,61,17
2020/08/10 00:22:54.363,40,-30,-35,61,25
2020/08/10 00:22:54.423,40,-30,-35,61,15
2020/08/10 00:22:54.479,40,-30,-35,61,24
2020/08/10 00:22:54.551,40,-30,-35,61,21
2020/08/10 00:22:54.600,40,-30,-35,61,41
2020/08/10 00:22:54.648,40,-30,-35,61,37
2020/08/10 00:22:54.697,40,-30,-35,61,22
2020/08/10 00:22:54.749,40,-30,-35,61,12
2020/08/10 00:22:54.814,40,-30,-35,61,16
2020/08/10 00:22:54.880,40,-30,-35,61,27
2020/08/10 00:22:54.943,40,-30,-35,61,26
2020/08/10 00:22:54.998,40,-30,-35,61,20
2020/08/10 00:22:55.065,40,-30,-35,61,19
2020/08/10 00:22:55.130,40,-30,-35,61,18
2020/08/10 00:22:55.203,40,-30,-35,61,24
2020/08/10 00:22:55.258,40,-30,-35,61,28
2020/08/10 00:22:55.323,40,-30,-35,61,14
2020/08/10 00:22:55.382,40,-30,-35,61,25
2020/08/10 00:22:55.431,40,-30,-35,61,23
2020/08/10 00:22:55.497,40,-30,-35,61,23
2020/08/10 00:22:55.551,40,-30,-35,61,20
2020/08/10 00:22:55.612,40,-30,-35,61,33
2020/08/10 00:22:55.662,40,-30,-35,61,15
2020/08/10 00:22:55.717,40,-30,-35,61,21
2020/08/10 00:22:55.773,40,-30,-35,61,26
2020/08/10 00:22:55.834,40,-30,-35,61,20
2020/08/10 00:22:55.884,40,-30,-35,61,38
2020/08/10 00:22:55.934,40,-30,-35,61,27
2020/08/10 00:22:55.983,40,-30,-35,61,17
2020/08/10 00:22:56.037,40,-30,-35,61,21
2020/08/10 00:22:56.083,40,-30,-35,61,22
2020/08/10 00:22:56.136,40,-30,-35,61,4
2020/08/10 00:22:56.199,40,-30,-35,61,18
2020/08/10 00:22:56.255,40,-30,-35,61,6
2020/08/10 00:22:56.329,40,-30,-35,61,28
2020/08/10 00:22:56.401,40,-30,-35,61,12
2020/08/10 00:22:56.461,40,-30,-35,61,19
2020/08/10 00:22:56.524,40,-30,-35,61,17
2020/08/10 00:22:56.584,40,-30,-35,61,22
2020/08/10 00:22:56.642,40,-30,-35,61,22
2020/08/10 00:22:56.701,40,-30,-35,61,10
2020/08/10 00:22:56.758,40,-30,-35,61,29
2020/08/10 00:22:56.831,40,-30,-35,61,14
2020/08/10 00:22:56.898,40,-30,-35,61,20
2020/08/10 00:22:56.964,40,-30,-35,61,30
2020/08/10 00:22:57.019,40,-30,-35,61,26
2020/08/10 00:22:57.087,40,-30,-35,61,25
2020/08/10 00:22:57.149,40,-30,-35,61,16
2020/08/10 00:22:57.217,40,-30,-35,61,19
2020/08/10 00:22:57.267,40,-30,-35,61,33
2020/08/10 00:22:57.327,40,-30,-35,61,26
2020/08/10 00:22:57.398,40,-30,-35,61,20
2020/08/10 00:22:57.452,40,-30,-35,61,28
2020/08/10 00:22:57.517,40,-30,-35,61,31
2020/08/10 00:22:57.565,40,-30,-35,61,33
2020/08/10 00:22:57.614,40,-30,-35,61,13
2020/08/10 00:22:57.662,40,-30,-35,61,23
2020/08/10 00:22:57.715,40,-30,-35,61,14
2020/08/10 00:22:57.768,40,-30,-35,61,14
2020/08/10 00:22:57.830,40,-30,-35,61,25
2020/08/10 00:22:57.897,40,-30,-35,61,26
2020/08/10 00:22:57.974,40,-30,-35,61,21
2020/08/10 00:22:58.043,40,-30,-35,61,18
2020/08/10 00:22:58.100,40,-30,-35,61,19
2020/08/10 00:22:58.158,40,-30,-35,61,28
2020/08/10 00:22:58.224,40,-30,-35,61,19
2020/08/10 00:22:58.281,40,-30,-35,61,24
2020/08/10 00:22:58.347,40,-30,-35,61,18
2020/08/10 00:22:58.402,40,-30,-35,61,28
2020/08/10 00:22:58.462,40,-30,-35,61,23
2020/08/10 00:22:58.527,40,-30,-35,61,25
2020/08/10 00:22:58.583,40,-30,-35,61,21
2020/08/10 00:22:58.650,40,-30,-35,61,30
2020/08/10 00:22:58.702,40,-30,-35,61,36
2020/08/10 00:22:58.762,40,-30,-35,61,27
2020/08/10 00:22:58.835,40,-30,-35,61,29
2020/08/10 00:22:58.890,40,-30,-35,61,36
2020/08/10 00:22:58.954,40,-30,-35,61,14
2020/08/10 00:22:59.003,40,-30,-35,61,43
2020/08/10 00:22:59.056,40,-30,-35,61,27
2020/08/10 00:22:59.109,40,-30,-35,61,19
2020/08/10 00:22:59.161,40,-30,-35,61,23
2020/08/10 00:22:59.213,40,-30,-35,61,22
2020/08/10 00:22:59.276,40,-30,-35,61,12
2020/08/10 00:22:59.337,40,-30,-35,61,18
2020/08/10 00:22:59.391,40,-30,-35,61,6
2020/08/10 00:22:59.464,40,-30,-35,61,18
2020/08/10 00:22:59.520,40,-30,-35,61,32
2020/08/10 00:22:59.586,40,-30,-35,61,14
2020/08/10 00:22:59.641,40,-30,-35,61,20
2020/08/10 00:22:59.703,40,-30,-35,61,20
2020/08/10 00:22:59.758,40,-30,-35,61,26
2020/08/10 00:22:59.823,40,-30,-35,61,24
2020/08/10 00:22:59.882,40,-30,-35,61,25
2020/08/10 00:22:59.948,40,-30,-35,61,18
2020/08/10 00:23:00.019,40,-30,-35,61,23
2020/08/10 00:23:00.074,40,-30,-35,61,33
2020/08/10 00:23:00.141,40,-30,-35,61,10
2020/08/10 00:23:00.198,40,-30,-35,61,17
2020/08/10 00:23:00.260,40,-30,-35,61,19
2020/08/10 00:23:00.317,40,-30,-35,61,33
2020/08/10 00:23:00.386,40,-30,-35,61,18
2020/08/10 00:23:00.442,40,-30,-35,61,27
2020/08/10 00:23:00.499,40,-30,-35,61,26
2020/08/10 00:23:00.571,40,-30,-35,61,25
2020/08/10 00:23:00.628,40,-30,-35,61,27
2020/08/10 00:23:00.684,40,-30,-35,61,39
2020/08/10 00:23:00.735,40,-30,-35,61,24
2020/08/10 00:23:00.808,40,-30,-35,61,24
2020/08/10 00:23:00.860,40,-30,-35,61,37
2020/08/10 00:23:00.925,40,-30,-35,61,23
2020/08/10 00:23:00.981,40,-30,-35,61,13
2020/08/10 00:23:01.041,40,-30,-35,61,14
2020/08/10 00:23:01.101,40,-30,-35,61,6
2020/08/10 00:23:01.158,40,-30,-35,61,18
2020/08/10 00:23:01.222,40,-30,-35,61,8
2020/08/10 00:23:01.284,40,-30,-35,61,14
2020/08/10 00:23:01.343,40,-30,-35,61,17
2020/08/10 00:23:01.400,40,-30,-35,61,18
2020/08/10 00:23:01.465,40,-30,-35,61,18
2020/08/10 00:23:01.514,40,-30,-35,61,15
2020/08/10 00:23:01.587,40,-30,-35,61,21
2020/08/10 00:23:01.657,40,-30,-35,61,24
2020/08/10 00:23:01.724,40,-30,-35,61,21
2020/08/10 00:23:01.784,40,-30,-35,61,19
2020/08/10 00:23:01.833,40,-30,-35,61,23
2020/08/10 00:23:01.884,40,-30,-35,61,22
2020/08/10 00:23:01.935,40,-30,-35,61,27
2020/08/10 00:23:01.984,40,-30,-35,61,17
2020/08/10 00:23:02.047,40,-30,-35,61,17
2020/08/10 00:23:02.098,40,-30,-35,61,26
2020/08/10 00:23:02.157,40,-30,-35,61,29
2020/08/10 00:23:02.214,40,-30,-35,61,14
2020/08/10 00:23:02.279,40,-30,-35,61,24
2020/08/10 00:23:02.335,40,-30,-35,61,20
2020/08/10 00:23:02.399,40,-30,-35,61,7
2020/08/10 00:23:02.474,40,-30,-35,61,30
2020/08/10 00:23:02.537,40,-30,-35,61,17
2020/08/10 00:23:02.607,40,-30,-35,61,20
2020/08/10 00:23:02.668,40,-30,-35,61,17
2020/08/10 00:23:02.736,40,-30,-35,61,26
2020/08/10 00:23:02.803,40,-30,-35,61,18
2020/08/10 00:23:02.859,40,-30,-35,61,29
2020/08/10 00:23:02.912,40,-30,-35,61,19
2020/08/10 00:23:02.975,40,-30,-35,61,13
2020/08/10 00:23:03.039,40,-30,-35,61,31
2020/08/10 00:23:03.099,40,-30,-35,61,16
2020/08/10 00:23:03.165,40,-30,-35,61,22
2020/08/10 00:23:03.225,40,-30,-35,61,14
2020/08/10 00:23:03.283,40,-30,-35,61,15
2020/08/10 00:23:03.342,40,-30,-35,61,22
2020/08/10 00:23:03.400,40,-30,-35,61,13
2020/08/10 00:23:03.465,40,-30,-35,61,31
2020/08/10 00:23:03.553,40,-30,-35,61,13
2020/08/10 00:23:03.601,40,-30,-35,61,27
2020/08/10 00:23:03.649,40,-30,-35,61,18
2020/08/10 00:23:03.710,40,-30,-35,61,15
2020/08/10 00:23:03.778,40,-30,-35,61,26
2020/08/10 00:23:03.837,40,-30,-35,61,13
2020/08/10 00:23:03.892,40,-30,-35,61,25
2020/08/10 00:23:03.957,40,-30,-35,61,12
2020/08/10 00:23:04.017,40,-30,-35,61,31
2020/08/10 00:23:04.071,40,-30,-35,61,19
2020/08/10 00:23:04.135,40,-30,-35,61,16
2020/08/10 00:23:04.190,40,-30,-35,61,21
2020/08/10 00:23:04.250,40,-30,-35,61,20
2020/08/10 00:23:04.319,40,-30,-35,61,18
2020/08/10 00:23:04.386,40,-30,-35,61,16
2020/08/10 00:23:04.438,40,-30,-35,61,21
2020/08/10 00:23:04.507,40,-30,-35,61,11
2020/08/10 00:23:04.581,40,-30,-35,61,19
2020/08/10 00:23:04.640,40,-30,-35,61,17
2020/08/10 00:23:04.699,40,-30,-35,61,36
2020/08/10 00:23:04.758,40,-30,-35,61,32
2020/08/10 00:23:04.818,40,-30,-35,61,30
2020/08/10 00:23:04.872,40,-30,-35,61,18
2020/08/10 00:23:04.934,40,-30,-35,61,27
2020/08/10 00:23:04.991,40,-30,-35,61,35
2020/08/10 00:23:05.067,40,-30,-35,61,22
2020/08/10 00:23:05.117,40,-30,-35,61,27
2020/08/10 00:23:05.168,40,-30,-35,61,17
2020/08/10 00:23:05.232,40,-30,-35,61,12
2020/08/10 00:23:05.283,40,-30,-35,61,22
2020/08/10 00:23:05.333,40,-30,-35,61,17
2020/08/10 00:23:05.400,40,-30,-35,61,23
2020/08/10 00:23:05.459,40,-30,-35,61,29
2020/08/10 00:23:05.520,40,-30,-35,61,34
2020/08/10 00:23:05.579,40,-30,-35,61,36
2020/08/10 00:23:05.634,40,-30,-35,61,26
2020/08/10 00:23:05.692,40,-30,-35,61,30
2020/08/10 00:23:05.747,40,-30,-35,61,37
2020/08/10 00:23:05.802,40,-30,-35,61,24
2020/08/10 00:23:05.857,40,-30,-35,61,34
2020/08/10 00:23:05.915,40,-30,-35,61,32
2020/08/10 00:23:05.988,40,-30,-35,61,14
2020/08/10 00:23:06.054,40,-30,-35,61,8
2020/08/10 00:23:06.130,40,-30,-35,61,16
2020/08/10 00:23:06.197,40,-30,-35,61,14
2020/08/10 00:23:06.261,40,-30,-35,61,14
2020/08/10 00:23:06.325,40,-30,-35,61,16
2020/08/10 00:23:06.394,40,-30,-35,61,24
2020/08/10 00:23:06.460,40,-30,-35,61,27
2020/08/10 00:23:06.520,40,-30,-35,61,15
2020/08/10 00:23:06.576,40,-30,-35,61,22
2020/08/10 00:23:06.627,40,-30,-35,61,18
2020/08/10 00:23:06.675,40,-30,-35,61,33
2020/08/10 00:23:06.722,40,-30,-35,61,11
2020/08/10 00:23:06.776,40,-30,-35,61,19
2020/08/10 00:23:06.847,40,-30,-35,61,11
2020/08/10 00:23:06.900,40,-30,-35,61,14
2020/08/10 00:23:06.948,40,-30,-35,61,18
2020/08/10 00:23:07.020,40,-30,-35,61,8
2020/08/10 00:23:07.084,40,-30,-35,61,27
2020/08/10 00:23:07.140,40,-30,-35,61,33
2020/08/10 00:23:07.200,40,-30,-35,61,12
2020/08/10 00:23:07.264,40,-30,-35,61,27
2020/08/10 00:23:07.333,40,-30,-35,61,13
2020/08/10 00:23:07.406,40,-30,-35,61,18
2020/08/10 00:23:07.457,40,-30,-35,61,27
2020/08/10 00:23:07.523,40,-30,-35,61,20
2020/08/10 00:23:07.580,40,-30,-35,61,17
2020/08/10 00:23:07.630,40,-30,-35,61,16
2020/08/10 00:23:07.713,40,-30,-35,61,18
2020/08/10 00:23:07.764,40,-30,-35,61,28
2020/08/10 00:23:07.814,40,-30,-35,61,27
2020/08/10 00:23:07.882,40,-30,-35,61,25
2020/08/10 00:23:07.941,40,-30,-35,61,37
2020/08/10 00:23:07.996,40,-30,-35,61,27
2020/08/10 00:23:08.064,40,-30,-35,61,36
2020/08/10 00:23:08.132,40,-30,-35,61,21
2020/08/10 00:23:08.195,40,-30,-35,61,36
2020/08/10 00:23:08.268,40,-30,-35,61,32
2020/08/10 00:23:08.321,40,-30,-35,61,43
2020/08/10 00:23:08.370,40,-30,-35,61,32
2020/08/10 00:23:08.415,40,-30,-35,61,17
2020/08/10 00:23:08.464,40,-30,-35,61,2
2020/08/10 00:23:08.518,40,-30,-35,61,20
2020/08/10 00:23:08.581,40,-30,-35,61,31
2020/08/10 00:23:08.637,40,-30,-35,61,19
2020/08/10 00:23:08.703,40,-30,-35,61,14
2020/08/10 00:23:08.780,40,-30,-35,61,22
2020/08/10 00:23:08.844,40,-30,-35,61,25
2020/08/10 00:23:08.901,40,-30,-35,61,32
2020/08/10 00:23:08.957,40,-30,-35,61,39
2020/08/10 00:23:09.017,40,-30,-35,61,27
2020/08/10 00:23:09.088,40,-30,-35,61,19
2020/08/10 00:23:09.140,40,-30,-35,61,31
2020/08/10 00:23:09.201,40,-30,-35,61,22
2020/08/10 00:23:09.261,40,-30,-35,61,11
2020/08/10 00:23:09.327,40,-30,-35,61,11
2020/08/10 00:23:09.390,40,-30,-35,61,11
2020/08/10 00:23:09.458,40,-30,-35,61,12
2020/08/10 00:23:09.524,40,-30,-35,61,27
2020/08/10 00:23:09.579,40,-30,-35,61,32
2020/08/10 00:23:09.630,40,-30,-35,61,21
2020/08/10 00:23:09.692,40,-30,-35,61,18
2020/08/10 00:23:09.761,40,-30,-35,61,19
2020/08/10 00:23:09.821,40,-30,-35,61,27
2020/08/10 00:23:09.878,40,-30,-35,61,13
2020/08/10 00:23:09.946,40,-30,-35,61,25
2020/08/10 00:23:10.000,40,-30,-35,61,11
2020/08/10 00:23:10.061,40,-30,-35,61,29
2020/08/10 00:23:10.110,40,-30,-35,61,16
2020/08/10 00:23:10.174,40,-30,-35,61,10
2020/08/10 00:23:10.230,40,-30,-35,61,20
2020/08/10 00:23:10.280,40,-30,-35,61,13
2020/08/10 00:23:10.328,40,-30,-35,61,35
2020/08/10 00:23:10.378,40,-30,-35,61,16
2020/08/10 00:23:10.429,40,-30,-35,61,18
2020/08/10 00:23:10.492,40,-30,-35,61,15
2020/08/10 00:23:10.545,40,-30,-35,61,22
2020/08/10 00:23:10.596,40,-30,-35,61,27
2020/08/10 00:23:10.650,40,-30,-35,61,17
2020/08/10 00:23:10.722,40,-30,-35,61,22
2020/08/10 00:23:10.773,40,-30,-35,61,21
2020/08/10 00:23:10.847,40,-30,-35,61,13
2020/08/10 00:23:10.912,40,-30,-35,61,27
2020/08/10 00:23:10.960,40,-30,-35,61,17
2020/08/10 00:23:11.012,40,-30,-35,61,21
2020/08/10 00:23:11.067,40,-30,-35,61,16
2020/08/10 00:23:11.120,40,-30,-35,61,26
2020/08/10 00:23:11.179,40,-30,-35,61,19
2020/08/10 00:23:11.245,40,-30,-35,61,15
2020/08/10 00:23:11.313,40,-30,-35,61,20
2020/08/10 00:23:11.378,40,-30,-35,61,23
2020/08/10 00:23:11.442,40,-30,-35,61,11
2020/08/10 00:23:11.503,40,-30,-35,61,22
2020/08/10 00:23:11.564,40,-30,-35,61,14
2020/08/10 00:23:11.616,40,-30,-35,61,41
2020/08/10 00:23:11.681,40,-30,-35,61,11
2020/08/10 00:23:11.734,40,-30,-35,61,29
2020/08/10 00:23:11.796,40,-30,-35,61,12
2020/08/10 00:23:11.849,40,-30,-35,61,27
2020/08/10 00:23:11.898,40,-30,-35,61,28
2020/08/10 00:23:11.946,40,-30,-35,61,30
2020/08/10 00:23:11.996,40,-30,-35,61,20
2020/08/10 00:23:12.055,40,-30,-35,61,16
2020/08/10 00:23:12.102,40,-30,-35,61,36
2020/08/10 00:23:12.152,40,-30,-35,61,27
2020/08/10 00:23:12.216,40,-30,-35,61,21
2020/08/10 00:23:12.266,40,-30,-35,61,32
2020/08/10 00:23:12.317,40,-30,-35,61,11
2020/08/10 00:23:12.386,40,-30,-35,61,34
2020/08/10 00:23:12.440,40,-30,-35,61,18
2020/08/10 00:23:12.496,40,-30,-35,61,23
2020/08/10 00:23:12.545,40,-30,-35,61,19
2020/08/10 00:23:12.594,40,-30,-35,61,22
2020/08/10 00:23:12.653,40,-30,-35,61,29
2020/08/10 00:23:12.704,40,-30,-35,61,51
2020/08/10 00:23:12.766,40,-30,-35,61,27
2020/08/10 00:23:12.818,40,-30,-35,61,21
2020/08/10 00:23:12.883,40,-30,-35,61,23
2020/08/10 00:23:12.930,40,-30,-35,61,35
2020/08/10 00:23:12.977,40,-30,-35,61,33
2020/08/10 00:23:13.025,40,-30,-35,61,10
2020/08/10 00:23:13.076,40,-30,-35,61,32
2020/08/10 00:23:13.134,40,-30,-35,61,8
2020/08/10 00:23:13.203,40,-30,-35,61,18
2020/08/10 00:23:13.266,40,-30,-35,61,27
2020/08/10 00:23:13.318,40,-30,-35,61,19
2020/08/10 00:23:13.385,40,-30,-35,61,10
2020/08/10 00:23:13.436,40,-30,-35,61,23
2020/08/10 00:23:13.485,40,-30,-35,61,24
2020/08/10 00:23:13.535,40,-30,-35,61,25
2020/08/10 00:23:13.586,40,-30,-35,61,25
2020/08/10 00:23:13.640,40,-30,-35,61,23
2020/08/10 00:23:13.690,40,-30,-35,61,14
2020/08/10 00:23:13.747,40,-30,-35,61,20
2020/08/10 00:23:13.801,40,-30,-35,61,49
2020/08/10 00:23:13.857,40,-30,-35,61,29
2020/08/10 00:23:13.911,40,-30,-35,61,32
2020/08/10 00:23:13.977,40,-30,-35,61,35
2020/08/10 00:23:14.039,40,-30,-35,61,33
2020/08/10 00:23:14.111,40,-30,-35,61,25
2020/08/10 00:23:14.160,40,-30,-35,61,36
2020/08/10 00:23:14.228,40,-30,-35,61,25
2020/08/10 00:23:14.279,40,-30,-35,61,57
2020/08/10 00:23:14.330,40,-30,-35,61,29
2020/08/10 00:23:14.378,40,-30,-35,61,29
2020/08/10 00:23:14.434,40,-30,-35,61,55
2020/08/10 00:23:14.492,40,-30,-35,61,33
2020/08/10 00:23:14.540,40,-30,-35,61,79
2020/08/10 00:23:14.589,40,-30,-35,61,43
2020/08/10 00:23:14.644,40,-30,-35,61,50
2020/08/10 00:23:14.701,40,-30,-35,61,49
2020/08/10 00:23:14.751,40,-30,-35,61,42
2020/08/10 00:23:14.800,40,-30,-35,61,23
2020/08/10 00:23:14.847,40,-30,-35,61,27
2020/08/10 00:23:14.896,40,-30,-35,61,28
2020/08/10 00:23:14.955,40,-30,-35,61,6
2020/08/10 00:23:15.010,40,-30,-35,61,48
2020/08/10 00:23:15.069,40,-30,-35,61,38
2020/08/10 00:23:15.116,40,-30,-35,61,81
2020/08/10 00:23:15.165,40,-30,-35,61,59
2020/08/10 00:23:15.212,40,-30,-35,61,87
2020/08/10 00:23:15.260,40,-30,-35,61,83
2020/08/10 00:23:15.305,40,-30,-35,61,58
2020/08/10 00:23:15.385,40,-30,-35,61,61
2020/08/10 00:23:15.436,40,-30,-35,61,81
2020/08/10 00:23:15.490,40,-30,-35,61,93
2020/08/10 00:23:15.540,40,-30,-35,61,49
2020/08/10 00:23:15.586,40,-30,-35,61,48
2020/08/10 00:23:15.635,40,-30,-35,61,44
2020/08/10 00:23:15.686,40,-30,-35,61,68
2020/08/10 00:23:15.735,40,-30,-35,61,42
2020/08/10 00:23:15.781,40,-30,-35,61,42
2020/08/10 00:23:15.836,40,-30,-35,61,50
2020/08/10 00:23:15.899,40,-30,-35,61,45
2020/08/10 00:23:15.963,40,-30,-35,61,62
2020/08/10 00:23:16.019,40,-30,-35,61,71
2020/08/10 00:23:16.100,40,-30,-35,61,98
2020/08/10 00:23:16.150,39,-30,-34,60,86
2020/08/10 00:23:16.196,39,-30,-34,60,52
2020/08/10 00:23:16.244,39,-30,-34,60,48
2020/08/10 00:23:16.291,40,-30,-34,60,47
2020/08/10 00:23:16.336,40,-30,-34,60,32
2020/08/10 00:23:16.379,40,-30,-34,60,20
2020/08/10 00:23:16.429,40,-30,-34,60,37
2020/08/10 00:23:16.472,40,-30,-34,60,38
2020/08/10 00:23:16.518,40,-30,-34,60,18
2020/08/10 00:23:16.567,40,-30,-34,60,30
2020/08/10 00:23:16.613,40,-30,-34,60,31
2020/08/10 00:23:16.658,40,-30,-34,60,33
2020/08/10 00:23:16.704,40,-30,-35,61,8
2020/08/10 00:23:16.760,40,-30,-35,61,7
2020/08/10 00:23:16.821,40,-30,-35,61,16
