TimeStamp,B_x,B_y,B_z,B_net,CPU_load2020/08/10 00:09:09.611,38,-29,-37,60,0
2020/08/10 00:09:09.654,38,-29,-37,60,12
2020/08/10 00:09:09.696,38,-29,-37,60,11
2020/08/10 00:09:09.738,39,-29,-38,62,16
2020/08/10 00:09:09.780,39,-29,-38,62,9
2020/08/10 00:09:09.822,39,-29,-38,62,10
2020/08/10 00:09:09.863,39,-29,-38,62,11
2020/08/10 00:09:09.906,39,-29,-38,62,8
2020/08/10 00:09:09.948,40,-29,-36,61,28
2020/08/10 00:09:09.989,40,-29,-36,61,8
2020/08/10 00:09:10.036,40,-29,-36,61,19
2020/08/10 00:09:10.078,40,-29,-36,61,9
2020/08/10 00:09:10.119,39,-29,-37,61,15
2020/08/10 00:09:10.161,39,-29,-37,61,6
2020/08/10 00:09:10.202,39,-29,-37,61,12
2020/08/10 00:09:10.244,39,-29,-37,61,11
2020/08/10 00:09:10.285,39,-29,-37,61,8
2020/08/10 00:09:10.328,39,-29,-37,61,14
2020/08/10 00:09:10.369,39,-29,-37,61,17
2020/08/10 00:09:10.410,39,-29,-37,61,6
2020/08/10 00:09:10.452,39,-29,-37,61,8
2020/08/10 00:09:10.493,39,-29,-37,61,13
2020/08/10 00:09:10.535,39,-29,-36,60,20
2020/08/10 00:09:10.579,39,-29,-36,60,37
2020/08/10 00:09:10.625,39,-29,-36,60,59
2020/08/10 00:09:10.669,39,-29,-36,60,45
2020/08/10 00:09:10.711,39,-29,-36,60,58
2020/08/10 00:09:10.752,39,-29,-36,60,38
2020/08/10 00:09:10.795,39,-29,-36,60,23
2020/08/10 00:09:10.837,39,-29,-36,60,2
2020/08/10 00:09:10.878,39,-29,-36,60,15
2020/08/10 00:09:10.920,39,-29,-36,60,13
2020/08/10 00:09:10.961,39,-29,-36,60,9
2020/08/10 00:09:11.003,39,-29,-36,60,23
2020/08/10 00:09:11.045,39,-29,-36,60,27
2020/08/10 00:09:11.087,39,-29,-36,60,6
2020/08/10 00:09:11.129,39,-29,-36,60,20
2020/08/10 00:09:11.171,39,-29,-36,60,8
2020/08/10 00:09:11.213,39,-29,-36,60,24
2020/08/10 00:09:11.254,39,-29,-36,60,11
2020/08/10 00:09:11.295,39,-29,-36,60,6
2020/08/10 00:09:11.336,39,-29,-36,60,6
2020/08/10 00:09:11.377,39,-29,-36,60,9
2020/08/10 00:09:11.418,39,-29,-36,60,8
2020/08/10 00:09:11.466,39,-29,-36,60,11
2020/08/10 00:09:11.512,39,-29,-36,60,39
2020/08/10 00:09:11.554,39,-29,-36,60,58
2020/08/10 00:09:11.596,39,-29,-36,60,28
2020/08/10 00:09:11.639,39,-29,-36,60,43
2020/08/10 00:09:11.683,39,-29,-36,60,78
2020/08/10 00:09:11.727,39,-29,-36,60,72
2020/08/10 00:09:11.780,39,-29,-36,60,30
2020/08/10 00:09:11.859,39,-29,-36,60,65
2020/08/10 00:09:11.913,39,-29,-36,60,39
2020/08/10 00:09:11.964,39,-29,-36,60,41
2020/08/10 00:09:12.014,39,-29,-36,60,29
2020/08/10 00:09:12.067,39,-29,-36,60,54
2020/08/10 00:09:12.110,39,-29,-36,60,31
2020/08/10 00:09:12.152,39,-29,-36,60,22
2020/08/10 00:09:12.197,39,-29,-36,60,8
2020/08/10 00:09:12.240,39,-29,-36,60,9
2020/08/10 00:09:12.289,39,-29,-36,60,10
2020/08/10 00:09:12.359,39,-29,-36,60,16
2020/08/10 00:09:12.423,39,-29,-36,60,29
2020/08/10 00:09:12.479,39,-29,-36,60,23
2020/08/10 00:09:12.542,39,-29,-36,60,19
2020/08/10 00:09:12.603,39,-29,-36,60,22
2020/08/10 00:09:12.673,39,-29,-36,60,25
2020/08/10 00:09:12.732,39,-29,-36,60,25
2020/08/10 00:09:12.786,39,-29,-36,60,22
2020/08/10 00:09:12.833,39,-29,-36,60,26
2020/08/10 00:09:12.879,39,-29,-36,60,14
2020/08/10 00:09:12.928,39,-29,-36,60,23
2020/08/10 00:09:12.998,39,-29,-36,60,15
2020/08/10 00:09:13.075,39,-29,-36,60,33
2020/08/10 00:09:13.132,39,-29,-36,60,34
2020/08/10 00:09:13.192,39,-29,-36,60,41
2020/08/10 00:09:13.246,39,-29,-36,60,39
2020/08/10 00:09:13.297,39,-29,-36,60,64
2020/08/10 00:09:13.343,39,-29,-36,60,54
2020/08/10 00:09:13.391,39,-29,-36,60,64
2020/08/10 00:09:13.441,39,-29,-36,60,47
2020/08/10 00:09:13.508,39,-29,-36,60,35
2020/08/10 00:09:13.558,39,-29,-36,60,44
2020/08/10 00:09:13.607,39,-29,-36,60,58
2020/08/10 00:09:13.652,39,-29,-36,60,22
2020/08/10 00:09:13.701,39,-29,-36,60,35
2020/08/10 00:09:13.753,39,-29,-36,60,43
2020/08/10 00:09:13.817,39,-29,-36,60,17
2020/08/10 00:09:13.903,39,-29,-36,60,40
2020/08/10 00:09:13.950,39,-29,-36,60,57
2020/08/10 00:09:13.997,39,-29,-36,60,33
2020/08/10 00:09:14.046,39,-29,-36,60,15
2020/08/10 00:09:14.093,39,-29,-36,60,13
2020/08/10 00:09:14.172,39,-29,-36,60,22
2020/08/10 00:09:14.235,39,-29,-36,60,31
2020/08/10 00:09:14.297,39,-29,-36,60,13
2020/08/10 00:09:14.363,39,-29,-36,60,21
2020/08/10 00:09:14.418,39,-29,-36,60,14
2020/08/10 00:09:14.479,39,-29,-36,60,29
2020/08/10 00:09:14.549,39,-29,-36,60,11
2020/08/10 00:09:14.617,39,-29,-36,60,30
2020/08/10 00:09:14.671,39,-29,-36,60,35
2020/08/10 00:09:14.731,39,-29,-36,60,29
2020/08/10 00:09:14.793,39,-29,-36,60,12
2020/08/10 00:09:14.854,39,-29,-36,60,14
2020/08/10 00:09:14.924,39,-29,-36,60,10
2020/08/10 00:09:14.976,39,-29,-36,60,14
2020/08/10 00:09:15.047,39,-29,-36,60,10
2020/08/10 00:09:15.099,39,-29,-36,60,4
2020/08/10 00:09:15.168,39,-29,-36,60,8
2020/08/10 00:09:15.234,39,-29,-36,60,11
2020/08/10 00:09:15.296,39,-29,-36,60,14
2020/08/10 00:09:15.367,39,-29,-36,60,12
2020/08/10 00:09:15.431,39,-29,-36,60,12
2020/08/10 00:09:15.496,39,-29,-36,60,6
2020/08/10 00:09:15.557,39,-29,-36,60,11
2020/08/10 00:09:15.705,39,-29,-36,60,25
2020/08/10 00:09:15.749,39,-29,-36,60,12
2020/08/10 00:09:15.813,39,-29,-36,60,8
2020/08/10 00:09:15.874,39,-29,-36,60,18
2020/08/10 00:09:15.935,39,-29,-36,60,6
2020/08/10 00:09:16.000,39,-29,-36,60,20
2020/08/10 00:09:16.060,39,-29,-36,60,5
2020/08/10 00:09:16.119,39,-29,-36,60,16
2020/08/10 00:09:16.177,39,-29,-36,60,12
2020/08/10 00:09:16.229,39,-29,-36,60,6
2020/08/10 00:09:16.293,39,-29,-36,60,4
2020/08/10 00:09:16.356,39,-29,-36,60,8
2020/08/10 00:09:16.417,39,-29,-36,60,10
2020/08/10 00:09:16.488,39,-29,-36,60,6
2020/08/10 00:09:16.559,39,-29,-36,60,15
2020/08/10 00:09:16.624,39,-29,-36,60,21
2020/08/10 00:09:16.681,39,-29,-36,60,16
2020/08/10 00:09:16.744,39,-29,-36,60,8
2020/08/10 00:09:16.802,39,-29,-36,60,19
2020/08/10 00:09:16.862,39,-29,-36,60,30
2020/08/10 00:09:16.918,39,-29,-36,60,45
2020/08/10 00:09:16.975,39,-29,-36,60,22
2020/08/10 00:09:17.042,39,-29,-36,60,22
2020/08/10 00:09:17.097,39,-29,-36,60,20
2020/08/10 00:09:17.167,39,-29,-36,60,29
2020/08/10 00:09:17.231,39,-29,-36,60,16
2020/08/10 00:09:17.298,39,-29,-36,60,20
2020/08/10 00:09:17.347,39,-29,-36,60,37
2020/08/10 00:09:17.392,39,-29,-36,60,38
2020/08/10 00:09:17.439,39,-29,-36,60,20
2020/08/10 00:09:17.488,39,-29,-36,60,31
2020/08/10 00:09:17.549,39,-29,-36,60,11
2020/08/10 00:09:17.613,39,-29,-36,60,22
2020/08/10 00:09:17.679,39,-29,-36,60,22
2020/08/10 00:09:17.742,39,-29,-36,60,16
2020/08/10 00:09:17.801,39,-29,-36,60,12
2020/08/10 00:09:17.857,39,-29,-36,60,19
2020/08/10 00:09:17.920,39,-29,-36,60,23
2020/08/10 00:09:17.978,39,-29,-36,60,23
2020/08/10 00:09:18.043,39,-29,-36,60,26
2020/08/10 00:09:18.100,39,-29,-36,60,19
2020/08/10 00:09:18.160,39,-29,-36,60,36
2020/08/10 00:09:18.209,39,-29,-36,60,10
2020/08/10 00:09:18.279,39,-29,-36,60,12
2020/08/10 00:09:18.350,39,-29,-36,60,9
2020/08/10 00:09:18.419,39,-29,-36,60,25
2020/08/10 00:09:18.491,39,-29,-36,60,14
2020/08/10 00:09:18.544,39,-29,-36,60,36
2020/08/10 00:09:18.601,39,-29,-36,60,20
2020/08/10 00:09:18.662,39,-29,-36,60,26
2020/08/10 00:09:18.717,39,-29,-36,60,18
2020/08/10 00:09:18.774,39,-29,-36,60,30
2020/08/10 00:09:18.831,39,-29,-36,60,18
2020/08/10 00:09:18.881,39,-29,-36,60,31
2020/08/10 00:09:18.934,39,-29,-36,60,15
2020/08/10 00:09:18.999,39,-29,-36,60,22
2020/08/10 00:09:19.056,39,-29,-36,60,23
2020/08/10 00:09:19.118,39,-29,-36,60,23
2020/08/10 00:09:19.173,39,-29,-36,60,10
2020/08/10 00:09:19.235,39,-29,-36,60,16
2020/08/10 00:09:19.281,39,-29,-36,60,25
2020/08/10 00:09:19.324,39,-29,-36,60,16
2020/08/10 00:09:19.366,39,-29,-36,60,19
2020/08/10 00:09:19.420,39,-29,-36,60,8
2020/08/10 00:09:19.468,39,-29,-36,60,22
2020/08/10 00:09:19.512,39,-29,-36,60,24
2020/08/10 00:09:19.562,39,-29,-36,60,21
2020/08/10 00:09:19.610,39,-29,-36,60,52
2020/08/10 00:09:19.660,39,-29,-36,60,40
2020/08/10 00:09:19.709,39,-29,-36,60,35
2020/08/10 00:09:19.761,39,-29,-36,60,34
2020/08/10 00:09:19.810,39,-29,-36,60,48
2020/08/10 00:09:19.862,39,-29,-36,60,61
2020/08/10 00:09:19.915,39,-29,-36,60,34
2020/08/10 00:09:19.961,39,-29,-36,60,51
2020/08/10 00:09:20.008,39,-29,-36,60,40
2020/08/10 00:09:20.057,39,-29,-36,60,14
2020/08/10 00:09:20.108,39,-29,-36,60,35
2020/08/10 00:09:20.154,39,-29,-36,60,6
2020/08/10 00:09:20.204,39,-29,-36,60,26
2020/08/10 00:09:20.260,39,-29,-36,60,28
2020/08/10 00:09:20.308,39,-29,-36,60,34
2020/08/10 00:09:20.377,39,-29,-36,60,18
2020/08/10 00:09:20.427,39,-29,-36,60,38
2020/08/10 00:09:20.489,39,-29,-36,60,21
2020/08/10 00:09:20.542,39,-29,-36,60,31
2020/08/10 00:09:20.604,39,-29,-36,60,15
2020/08/10 00:09:20.661,39,-29,-36,60,25
2020/08/10 00:09:20.721,39,-29,-36,60,27
2020/08/10 00:09:20.783,39,-29,-36,60,17
2020/08/10 00:09:20.836,39,-29,-36,60,25
2020/08/10 00:09:20.899,39,-29,-36,60,18
2020/08/10 00:09:20.952,39,-29,-36,60,40
2020/08/10 00:09:21.017,39,-29,-36,60,24
2020/08/10 00:09:21.067,39,-29,-36,60,25
2020/08/10 00:09:21.118,39,-29,-36,60,20
2020/08/10 00:09:21.182,39,-29,-36,60,16
2020/08/10 00:09:21.245,39,-29,-36,60,22
2020/08/10 00:09:21.313,39,-29,-36,60,15
2020/08/10 00:09:21.365,39,-29,-36,60,26
2020/08/10 00:09:21.415,39,-29,-36,60,28
2020/08/10 00:09:21.461,39,-29,-36,60,17
2020/08/10 00:09:21.513,39,-29,-36,60,13
2020/08/10 00:09:21.570,39,-29,-36,60,23
2020/08/10 00:09:21.615,39,-29,-36,60,11
2020/08/10 00:09:21.678,39,-29,-36,60,15
2020/08/10 00:09:21.732,39,-29,-36,60,26
2020/08/10 00:09:21.800,39,-29,-36,60,18
2020/08/10 00:09:21.863,39,-29,-36,60,16
2020/08/10 00:09:21.924,39,-29,-36,60,23
2020/08/10 00:09:21.977,39,-29,-36,60,24
2020/08/10 00:09:22.052,39,-29,-36,60,12
2020/08/10 00:09:22.126,39,-29,-36,60,15
2020/08/10 00:09:22.182,39,-29,-36,60,24
2020/08/10 00:09:22.236,39,-29,-36,60,20
2020/08/10 00:09:22.302,39,-29,-36,60,15
2020/08/10 00:09:22.369,39,-29,-36,60,15
2020/08/10 00:09:22.433,39,-29,-36,60,16
2020/08/10 00:09:22.496,39,-29,-36,60,20
2020/08/10 00:09:22.543,39,-29,-36,60,21
2020/08/10 00:09:22.609,39,-29,-36,60,11
2020/08/10 00:09:22.671,39,-29,-36,60,29
2020/08/10 00:09:22.737,39,-29,-36,60,21
2020/08/10 00:09:22.812,39,-29,-36,60,19
2020/08/10 00:09:22.886,39,-29,-36,60,18
2020/08/10 00:09:22.945,39,-29,-36,60,37
2020/08/10 00:09:22.993,39,-29,-36,60,27
2020/08/10 00:09:23.059,39,-29,-36,60,34
2020/08/10 00:09:23.113,39,-29,-36,60,26
2020/08/10 00:09:23.164,39,-29,-36,60,32
2020/08/10 00:09:23.214,39,-29,-36,60,30
2020/08/10 00:09:23.268,39,-29,-36,60,29
2020/08/10 00:09:23.314,39,-29,-36,60,36
2020/08/10 00:09:23.364,39,-29,-36,60,32
2020/08/10 00:09:23.415,39,-29,-36,60,26
2020/08/10 00:09:23.463,39,-29,-36,60,19
2020/08/10 00:09:23.517,39,-29,-36,60,17
2020/08/10 00:09:23.578,39,-29,-36,60,22
2020/08/10 00:09:23.639,39,-29,-36,60,2
2020/08/10 00:09:23.709,39,-29,-36,60,30
2020/08/10 00:09:23.775,39,-29,-36,60,17
2020/08/10 00:09:23.833,39,-29,-36,60,6
2020/08/10 00:09:23.883,39,-29,-36,60,18
2020/08/10 00:09:23.934,39,-29,-36,60,20
2020/08/10 00:09:23.992,39,-29,-36,60,12
2020/08/10 00:09:24.064,39,-29,-36,60,16
2020/08/10 00:09:24.122,39,-29,-36,60,23
2020/08/10 00:09:24.181,39,-29,-36,60,20
2020/08/10 00:09:24.246,39,-29,-36,60,24
2020/08/10 00:09:24.305,39,-29,-36,60,14
2020/08/10 00:09:24.362,39,-29,-36,60,9
2020/08/10 00:09:24.420,39,-29,-36,60,13
2020/08/10 00:09:24.477,39,-29,-36,60,16
2020/08/10 00:09:24.545,39,-29,-36,60,8
2020/08/10 00:09:24.604,39,-29,-36,60,10
2020/08/10 00:09:24.659,39,-29,-36,60,23
2020/08/10 00:09:24.718,39,-29,-36,60,26
2020/08/10 00:09:24.786,39,-29,-36,60,20
2020/08/10 00:09:24.857,39,-29,-36,60,13
2020/08/10 00:09:24.924,39,-29,-36,60,26
2020/08/10 00:09:24.981,39,-29,-36,60,27
2020/08/10 00:09:25.032,39,-29,-36,60,19
2020/08/10 00:09:25.101,39,-29,-36,60,9
2020/08/10 00:09:25.153,39,-29,-36,60,17
2020/08/10 00:09:25.215,39,-29,-36,60,19
2020/08/10 00:09:25.291,39,-29,-36,60,13
2020/08/10 00:09:25.372,39,-29,-36,60,15
2020/08/10 00:09:25.433,39,-29,-36,60,40
2020/08/10 00:09:25.486,39,-29,-36,60,34
2020/08/10 00:09:25.541,39,-29,-36,60,28
2020/08/10 00:09:25.592,39,-29,-36,60,42
2020/08/10 00:09:25.639,39,-29,-36,60,22
2020/08/10 00:09:25.687,39,-29,-36,60,18
2020/08/10 00:09:25.752,39,-29,-36,60,23
2020/08/10 00:09:25.821,39,-29,-36,60,27
2020/08/10 00:09:25.881,39,-29,-36,60,36
2020/08/10 00:09:25.951,39,-29,-36,60,22
2020/08/10 00:09:26.016,39,-29,-36,60,24
2020/08/10 00:09:26.072,39,-29,-36,60,35
2020/08/10 00:09:26.145,39,-29,-36,60,27
2020/08/10 00:09:26.203,39,-29,-36,60,35
2020/08/10 00:09:26.254,39,-29,-36,60,27
2020/08/10 00:09:26.309,39,-29,-36,60,19
2020/08/10 00:09:26.358,39,-29,-36,60,22
2020/08/10 00:09:26.409,39,-29,-36,60,41
2020/08/10 00:09:26.460,39,-29,-36,60,19
2020/08/10 00:09:26.510,39,-29,-36,60,27
2020/08/10 00:09:26.556,39,-29,-36,60,32
2020/08/10 00:09:26.605,39,-29,-36,60,6
2020/08/10 00:09:26.663,39,-29,-36,60,19
2020/08/10 00:09:26.724,39,-29,-36,60,16
2020/08/10 00:09:26.783,39,-29,-36,60,20
2020/08/10 00:09:26.838,39,-29,-36,60,8
2020/08/10 00:09:26.899,39,-29,-36,60,18
2020/08/10 00:09:26.970,39,-29,-36,60,27
2020/08/10 00:09:27.033,39,-29,-36,60,35
2020/08/10 00:09:27.085,39,-29,-36,60,25
2020/08/10 00:09:27.137,39,-29,-36,60,22
2020/08/10 00:09:27.197,39,-29,-36,60,39
2020/08/10 00:09:27.248,39,-29,-36,60,40
2020/08/10 00:09:27.297,39,-29,-36,60,37
2020/08/10 00:09:27.349,39,-29,-36,60,30
2020/08/10 00:09:27.414,39,-29,-36,60,18
2020/08/10 00:09:27.466,39,-29,-36,60,21
2020/08/10 00:09:27.512,39,-29,-36,60,44
2020/08/10 00:09:27.561,39,-29,-36,60,31
2020/08/10 00:09:27.613,39,-29,-36,60,42
2020/08/10 00:09:27.656,39,-29,-36,60,29
2020/08/10 00:09:27.701,39,-29,-36,60,11
2020/08/10 00:09:27.749,39,-29,-36,60,32
2020/08/10 00:09:27.812,39,-29,-36,60,5
2020/08/10 00:09:27.877,39,-29,-36,60,20
2020/08/10 00:09:27.953,39,-29,-36,60,14
2020/08/10 00:09:28.021,39,-29,-36,60,31
2020/08/10 00:09:28.076,39,-29,-36,60,33
2020/08/10 00:09:28.139,39,-29,-36,60,15
2020/08/10 00:09:28.197,39,-29,-36,60,37
2020/08/10 00:09:28.247,39,-29,-36,60,21
2020/08/10 00:09:28.299,39,-29,-36,60,26
2020/08/10 00:09:28.351,39,-29,-36,60,19
2020/08/10 00:09:28.408,39,-29,-36,60,26
2020/08/10 00:09:28.457,39,-29,-36,60,35
2020/08/10 00:09:28.499,39,-29,-36,60,26
2020/08/10 00:09:28.553,39,-29,-36,60,6
2020/08/10 00:09:28.608,39,-29,-36,60,20
2020/08/10 00:09:28.652,39,-29,-36,60,0
2020/08/10 00:09:28.715,39,-29,-36,60,14
2020/08/10 00:09:28.791,39,-29,-36,60,15
2020/08/10 00:09:28.860,39,-29,-36,60,19
2020/08/10 00:09:28.929,39,-29,-36,60,31
2020/08/10 00:09:28.993,39,-29,-36,60,18
2020/08/10 00:09:29.058,39,-29,-36,60,15
2020/08/10 00:09:29.127,39,-29,-36,60,15
2020/08/10 00:09:29.181,39,-29,-36,60,10
2020/08/10 00:09:29.241,39,-29,-36,60,10
2020/08/10 00:09:29.298,39,-29,-36,60,12
2020/08/10 00:09:29.350,39,-29,-36,60,8
2020/08/10 00:09:29.415,39,-29,-36,60,8
2020/08/10 00:09:29.487,39,-29,-36,60,8
2020/08/10 00:09:29.539,39,-29,-36,60,14
2020/08/10 00:09:29.608,39,-29,-36,60,6
2020/08/10 00:09:29.672,39,-29,-36,60,11
2020/08/10 00:09:29.736,39,-29,-36,60,19
2020/08/10 00:09:29.809,39,-29,-36,60,6
2020/08/10 00:09:29.873,39,-29,-36,60,15
2020/08/10 00:09:29.935,39,-29,-36,60,17
2020/08/10 00:09:29.996,39,-29,-36,60,14
2020/08/10 00:09:30.045,39,-29,-36,60,36
2020/08/10 00:09:30.097,39,-29,-36,60,27
2020/08/10 00:09:30.144,39,-29,-36,60,25
2020/08/10 00:09:30.201,39,-29,-36,60,31
2020/08/10 00:09:30.247,39,-29,-36,60,26
2020/08/10 00:09:30.293,39,-29,-36,60,6
2020/08/10 00:09:30.359,39,-29,-36,60,11
2020/08/10 00:09:30.409,39,-29,-36,60,23
2020/08/10 00:09:30.480,39,-29,-36,60,11
2020/08/10 00:09:30.557,39,-29,-36,60,29
2020/08/10 00:09:30.621,39,-29,-36,60,31
2020/08/10 00:09:30.680,39,-29,-36,60,26
2020/08/10 00:09:30.743,39,-29,-36,60,27
2020/08/10 00:09:30.790,39,-29,-36,60,35
2020/08/10 00:09:30.849,39,-29,-36,60,23
2020/08/10 00:09:30.901,39,-29,-36,60,24
2020/08/10 00:09:30.950,39,-29,-36,60,18
2020/08/10 00:09:30.999,39,-29,-36,60,26
2020/08/10 00:09:31.052,39,-29,-36,60,15
2020/08/10 00:09:31.120,39,-29,-36,60,21
2020/08/10 00:09:31.183,39,-29,-36,60,40
2020/08/10 00:09:31.239,39,-29,-36,60,24
2020/08/10 00:09:31.301,39,-29,-36,60,8
2020/08/10 00:09:31.361,39,-29,-36,60,11
2020/08/10 00:09:31.420,39,-29,-36,60,10
2020/08/10 00:09:31.480,39,-29,-36,60,16
2020/08/10 00:09:31.546,39,-29,-36,60,32
2020/08/10 00:09:31.598,39,-29,-36,60,24
2020/08/10 00:09:31.646,39,-29,-36,60,42
2020/08/10 00:09:31.691,39,-29,-36,60,29
2020/08/10 00:09:31.734,39,-29,-36,60,22
2020/08/10 00:09:31.784,39,-29,-36,60,23
2020/08/10 00:09:31.832,39,-29,-36,60,26
2020/08/10 00:09:31.881,39,-29,-36,60,28
2020/08/10 00:09:31.932,39,-29,-36,60,25
2020/08/10 00:09:31.996,39,-29,-36,60,23
2020/08/10 00:09:32.065,39,-29,-36,60,34
2020/08/10 00:09:32.116,39,-29,-36,60,43
2020/08/10 00:09:32.166,39,-29,-36,60,25
2020/08/10 00:09:32.215,39,-29,-36,60,33
2020/08/10 00:09:32.263,39,-29,-36,60,20
2020/08/10 00:09:32.327,39,-29,-36,60,22
2020/08/10 00:09:32.381,39,-29,-36,60,19
2020/08/10 00:09:32.437,39,-29,-36,60,27
2020/08/10 00:09:32.501,39,-29,-36,60,24
2020/08/10 00:09:32.566,39,-29,-36,60,26
2020/08/10 00:09:32.630,39,-29,-36,60,25
2020/08/10 00:09:32.681,39,-29,-36,60,8
2020/08/10 00:09:32.739,39,-29,-36,60,25
2020/08/10 00:09:32.806,39,-29,-36,60,14
2020/08/10 00:09:32.877,39,-29,-36,60,20
2020/08/10 00:09:32.936,39,-29,-36,60,24
2020/08/10 00:09:33.007,39,-29,-36,60,25
2020/08/10 00:09:33.060,39,-29,-36,60,47
2020/08/10 00:09:33.115,39,-29,-36,60,24
2020/08/10 00:09:33.175,39,-29,-36,60,24
2020/08/10 00:09:33.226,39,-29,-36,60,24
2020/08/10 00:09:33.278,39,-29,-36,60,36
2020/08/10 00:09:33.325,39,-29,-36,60,27
2020/08/10 00:09:33.375,39,-29,-36,60,39
2020/08/10 00:09:33.436,39,-29,-36,60,32
2020/08/10 00:09:33.491,39,-29,-36,60,21
2020/08/10 00:09:33.540,39,-29,-36,60,26
2020/08/10 00:09:33.591,39,-29,-36,60,25
2020/08/10 00:09:33.657,39,-29,-36,60,22
2020/08/10 00:09:33.711,39,-29,-36,60,41
2020/08/10 00:09:33.768,39,-29,-36,60,18
2020/08/10 00:09:33.841,39,-29,-36,60,48
2020/08/10 00:09:33.886,39,-29,-36,60,44
2020/08/10 00:09:33.934,39,-29,-36,60,21
2020/08/10 00:09:33.980,39,-29,-36,60,17
2020/08/10 00:09:34.029,39,-29,-36,60,37
2020/08/10 00:09:34.076,39,-29,-36,60,19
2020/08/10 00:09:34.122,39,-29,-36,60,5
2020/08/10 00:09:34.175,39,-29,-36,60,33
2020/08/10 00:09:34.222,39,-29,-36,60,17
2020/08/10 00:09:34.278,39,-29,-36,60,23
2020/08/10 00:09:34.350,39,-29,-36,60,18
2020/08/10 00:09:34.419,39,-29,-36,60,27
2020/08/10 00:09:34.477,39,-29,-36,60,19
2020/08/10 00:09:34.532,39,-29,-36,60,21
2020/08/10 00:09:34.586,39,-29,-36,60,16
2020/08/10 00:09:34.645,39,-29,-36,60,16
2020/08/10 00:09:34.689,39,-29,-36,60,23
2020/08/10 00:09:34.731,39,-29,-36,60,25
2020/08/10 00:09:34.774,39,-29,-36,60,2
2020/08/10 00:09:34.816,39,-29,-36,60,12
2020/08/10 00:09:34.859,39,-29,-36,60,0
2020/08/10 00:09:34.903,39,-29,-36,60,12
2020/08/10 00:09:34.957,39,-29,-36,60,3
2020/08/10 00:09:35.010,39,-29,-36,60,6
2020/08/10 00:09:35.073,39,-29,-36,60,12
2020/08/10 00:09:35.134,39,-29,-36,60,8
2020/08/10 00:09:35.199,39,-29,-36,60,6
2020/08/10 00:09:35.275,39,-29,-36,60,28
2020/08/10 00:09:35.348,39,-29,-36,60,24
2020/08/10 00:09:35.413,39,-29,-36,60,39
2020/08/10 00:09:35.464,39,-29,-36,60,35
2020/08/10 00:09:35.524,39,-29,-36,60,36
2020/08/10 00:09:35.585,39,-29,-36,60,39
2020/08/10 00:09:35.636,39,-29,-36,60,41
2020/08/10 00:09:35.686,39,-29,-36,60,28
2020/08/10 00:09:35.744,39,-29,-36,60,24
2020/08/10 00:09:35.805,39,-29,-36,60,19
2020/08/10 00:09:35.855,39,-29,-36,60,35
2020/08/10 00:09:35.906,39,-29,-36,60,37
2020/08/10 00:09:35.956,39,-29,-36,60,25
2020/08/10 00:09:36.008,39,-29,-36,60,20
2020/08/10 00:09:36.057,39,-29,-36,60,15
2020/08/10 00:09:36.106,39,-29,-36,60,21
2020/08/10 00:09:36.170,39,-29,-36,60,28
2020/08/10 00:09:36.235,39,-29,-36,60,28
2020/08/10 00:09:36.311,39,-29,-36,60,25
2020/08/10 00:09:36.365,39,-29,-36,60,36
2020/08/10 00:09:36.419,39,-29,-36,60,41
2020/08/10 00:09:36.476,39,-29,-36,60,39
2020/08/10 00:09:36.528,39,-29,-36,60,37
2020/08/10 00:09:36.578,39,-29,-36,60,29
2020/08/10 00:09:36.644,39,-29,-36,60,28
2020/08/10 00:09:36.699,39,-29,-36,60,44
2020/08/10 00:09:36.745,39,-29,-36,60,21
2020/08/10 00:09:36.807,39,-29,-36,60,10
2020/08/10 00:09:36.857,39,-29,-36,60,30
2020/08/10 00:09:36.903,39,-29,-36,60,20
2020/08/10 00:09:36.954,39,-29,-36,60,20
2020/08/10 00:09:37.026,39,-29,-36,60,23
2020/08/10 00:09:37.079,39,-29,-36,60,25
2020/08/10 00:09:37.134,39,-29,-36,60,38
2020/08/10 00:09:37.184,39,-29,-36,60,48
2020/08/10 00:09:37.232,39,-29,-36,60,67
2020/08/10 00:09:37.287,39,-29,-36,60,57
2020/08/10 00:09:37.345,39,-29,-36,60,57
2020/08/10 00:09:37.396,39,-29,-36,60,49
2020/08/10 00:09:37.446,39,-29,-36,60,63
2020/08/10 00:09:37.506,39,-29,-36,60,48
2020/08/10 00:09:37.562,39,-29,-36,60,40
2020/08/10 00:09:37.616,39,-29,-36,60,35
2020/08/10 00:09:37.662,39,-29,-36,60,58
2020/08/10 00:09:37.719,39,-29,-36,60,21
2020/08/10 00:09:37.785,39,-29,-36,60,20
2020/08/10 00:09:37.839,39,-29,-36,60,22
2020/08/10 00:09:37.894,39,-29,-36,60,26
2020/08/10 00:09:37.945,39,-29,-36,60,36
2020/08/10 00:09:37.997,39,-29,-36,60,18
2020/08/10 00:09:38.049,39,-29,-36,60,39
2020/08/10 00:09:38.106,39,-29,-36,60,24
2020/08/10 00:09:38.160,39,-29,-36,60,31
2020/08/10 00:09:38.214,39,-29,-36,60,37
2020/08/10 00:09:38.267,39,-29,-36,60,66
2020/08/10 00:09:38.322,39,-29,-36,60,49
2020/08/10 00:09:38.383,39,-29,-36,60,46
2020/08/10 00:09:38.434,39,-29,-36,60,43
2020/08/10 00:09:38.484,39,-29,-36,60,20
2020/08/10 00:09:38.536,39,-29,-36,60,39
2020/08/10 00:09:38.581,39,-29,-36,60,34
2020/08/10 00:09:38.633,39,-29,-36,60,29
2020/08/10 00:09:38.682,39,-29,-36,60,16
2020/08/10 00:09:38.729,39,-29,-36,60,16
2020/08/10 00:09:38.779,39,-29,-36,60,14
2020/08/10 00:09:38.848,39,-29,-36,60,23
2020/08/10 00:09:38.899,39,-29,-36,60,24
2020/08/10 00:09:38.949,39,-29,-36,60,21
2020/08/10 00:09:39.024,39,-29,-36,60,39
2020/08/10 00:09:39.086,39,-29,-36,60,23
2020/08/10 00:09:39.147,39,-29,-36,60,30
2020/08/10 00:09:39.202,39,-29,-36,60,38
2020/08/10 00:09:39.253,39,-29,-36,60,39
2020/08/10 00:09:39.306,39,-29,-36,60,28
2020/08/10 00:09:39.358,39,-29,-36,60,33
2020/08/10 00:09:39.411,39,-29,-36,60,31
2020/08/10 00:09:39.462,39,-29,-36,60,24
2020/08/10 00:09:39.516,39,-29,-36,60,17
2020/08/10 00:09:39.581,39,-29,-36,60,21
2020/08/10 00:09:39.643,39,-29,-36,60,16
2020/08/10 00:09:39.715,39,-29,-36,60,27
2020/08/10 00:09:39.777,39,-29,-36,60,22
2020/08/10 00:09:39.838,39,-29,-36,60,30
2020/08/10 00:09:39.894,39,-29,-36,60,30
2020/08/10 00:09:39.957,39,-29,-36,60,33
2020/08/10 00:09:40.016,39,-29,-36,60,29
2020/08/10 00:09:40.074,39,-29,-36,60,40
2020/08/10 00:09:40.129,39,-29,-36,60,30
2020/08/10 00:09:40.180,39,-29,-36,60,40
2020/08/10 00:09:40.231,39,-29,-36,60,17
2020/08/10 00:09:40.280,39,-29,-36,60,21
2020/08/10 00:09:40.330,39,-29,-36,60,18
2020/08/10 00:09:40.386,39,-29,-36,60,27
2020/08/10 00:09:40.435,39,-29,-36,60,26
2020/08/10 00:09:40.480,39,-29,-36,60,27
2020/08/10 00:09:40.529,39,-29,-36,60,8
2020/08/10 00:09:40.593,39,-29,-36,60,22
2020/08/10 00:09:40.650,39,-29,-36,60,19
2020/08/10 00:09:40.714,39,-29,-36,60,17
2020/08/10 00:09:40.776,39,-29,-36,60,10
2020/08/10 00:09:40.838,39,-29,-36,60,9
2020/08/10 00:09:40.894,39,-29,-36,60,12
2020/08/10 00:09:40.946,39,-29,-36,60,24
2020/08/10 00:09:41.005,39,-29,-36,60,47
2020/08/10 00:09:41.059,39,-29,-36,60,62
2020/08/10 00:09:41.115,39,-29,-36,60,48
2020/08/10 00:09:41.174,39,-29,-36,60,57
2020/08/10 00:09:41.227,39,-29,-36,60,54
2020/08/10 00:09:41.276,39,-29,-36,60,28
2020/08/10 00:09:41.328,39,-29,-36,60,39
2020/08/10 00:09:41.391,39,-29,-36,60,43
2020/08/10 00:09:41.449,39,-29,-36,60,36
2020/08/10 00:09:41.526,39,-29,-36,60,44
2020/08/10 00:09:41.577,39,-29,-36,60,23
2020/08/10 00:09:41.641,39,-29,-36,60,17
2020/08/10 00:09:41.698,39,-29,-36,60,41
2020/08/10 00:09:41.761,39,-29,-36,60,50
2020/08/10 00:09:41.820,39,-29,-36,60,53
2020/08/10 00:09:41.872,39,-29,-36,60,38
2020/08/10 00:09:41.931,39,-29,-36,60,43
2020/08/10 00:09:41.993,39,-29,-36,60,45
2020/08/10 00:09:42.057,39,-29,-36,60,34
2020/08/10 00:09:42.114,39,-29,-36,60,63
2020/08/10 00:09:42.177,39,-29,-36,60,51
2020/08/10 00:09:42.233,39,-29,-36,60,42
2020/08/10 00:09:42.286,39,-29,-36,60,47
2020/08/10 00:09:42.347,39,-29,-36,60,45
2020/08/10 00:09:42.410,39,-29,-36,60,35
2020/08/10 00:09:42.467,39,-29,-36,60,36
2020/08/10 00:09:42.519,39,-29,-36,60,48
2020/08/10 00:09:42.568,39,-29,-36,60,43
2020/08/10 00:09:42.634,39,-29,-36,60,42
2020/08/10 00:09:42.702,39,-29,-36,60,24
2020/08/10 00:09:42.759,39,-29,-36,60,46
2020/08/10 00:09:42.811,39,-29,-36,60,24
2020/08/10 00:09:42.862,39,-29,-36,60,29
2020/08/10 00:09:42.915,39,-29,-36,60,32
2020/08/10 00:09:42.967,39,-29,-36,60,44
2020/08/10 00:09:43.019,39,-29,-36,60,32
2020/08/10 00:09:43.069,39,-29,-36,60,39
2020/08/10 00:09:43.118,39,-29,-36,60,13
2020/08/10 00:09:43.165,39,-29,-36,60,18
2020/08/10 00:09:43.213,39,-29,-36,60,21
2020/08/10 00:09:43.260,39,-29,-36,60,18
2020/08/10 00:09:43.312,39,-29,-36,60,29
2020/08/10 00:09:43.367,39,-29,-36,60,34
2020/08/10 00:09:43.416,39,-29,-36,60,21
2020/08/10 00:09:43.481,39,-29,-36,60,17
2020/08/10 00:09:43.553,39,-29,-36,60,15
2020/08/10 00:09:43.606,39,-29,-36,60,24
2020/08/10 00:09:43.660,39,-29,-36,60,18
2020/08/10 00:09:43.725,39,-29,-36,60,44
2020/08/10 00:09:43.786,39,-29,-36,60,17
2020/08/10 00:09:43.847,39,-29,-36,60,40
2020/08/10 00:09:43.897,39,-29,-36,60,41
2020/08/10 00:09:43.946,39,-29,-36,60,21
2020/08/10 00:09:43.996,39,-29,-36,60,25
2020/08/10 00:09:44.043,39,-29,-36,60,20
2020/08/10 00:09:44.088,39,-29,-36,60,21
2020/08/10 00:09:44.134,39,-29,-36,60,8
2020/08/10 00:09:44.182,39,-29,-36,60,31
2020/08/10 00:09:44.246,39,-29,-36,60,18
2020/08/10 00:09:44.294,39,-29,-36,60,36
2020/08/10 00:09:44.347,39,-29,-36,60,41
2020/08/10 00:09:44.397,39,-29,-36,60,26
2020/08/10 00:09:44.461,39,-29,-36,60,23
2020/08/10 00:09:44.520,39,-29,-36,60,43
2020/08/10 00:09:44.582,39,-29,-36,60,33
2020/08/10 00:09:44.639,39,-29,-36,60,31
2020/08/10 00:09:44.698,39,-29,-36,60,29
2020/08/10 00:09:44.749,39,-29,-36,60,30
2020/08/10 00:09:44.811,39,-29,-36,60,28
2020/08/10 00:09:44.862,39,-29,-36,60,37
2020/08/10 00:09:44.917,39,-29,-36,60,17
2020/08/10 00:09:44.977,39,-29,-36,60,31
2020/08/10 00:09:45.034,39,-29,-36,60,20
2020/08/10 00:09:45.093,39,-29,-36,60,43
2020/08/10 00:09:45.137,39,-29,-36,60,31
2020/08/10 00:09:45.180,39,-29,-36,60,0
2020/08/10 00:09:45.226,39,-29,-36,60,31
2020/08/10 00:09:45.283,39,-29,-36,60,6
2020/08/10 00:09:45.340,39,-29,-36,60,32
2020/08/10 00:09:45.399,39,-29,-36,60,31
2020/08/10 00:09:45.465,39,-29,-36,60,26
2020/08/10 00:09:45.527,39,-29,-36,60,27
2020/08/10 00:09:45.576,39,-29,-36,60,21
2020/08/10 00:09:45.622,39,-29,-36,60,28
2020/08/10 00:09:45.678,39,-29,-36,60,22
2020/08/10 00:09:45.740,39,-29,-36,60,30
2020/08/10 00:09:45.793,39,-29,-36,60,25
2020/08/10 00:09:45.871,39,-29,-36,60,9
2020/08/10 00:09:45.913,39,-29,-36,60,27
2020/08/10 00:09:45.979,39,-29,-36,60,58
2020/08/10 00:09:46.026,39,-29,-36,60,93
2020/08/10 00:09:46.075,39,-29,-36,60,93
2020/08/10 00:09:46.122,39,-29,-36,60,81
2020/08/10 00:09:46.169,39,-29,-36,60,65
2020/08/10 00:09:46.216,39,-29,-36,60,47
2020/08/10 00:09:46.261,39,-29,-36,60,38
2020/08/10 00:09:46.307,39,-29,-36,60,27
2020/08/10 00:09:46.350,39,-29,-36,60,31
2020/08/10 00:09:46.396,39,-29,-36,60,31
2020/08/10 00:09:46.442,39,-29,-36,60,22
2020/08/10 00:09:46.485,39,-29,-36,60,28
2020/08/10 00:09:46.529,39,-29,-36,60,32
2020/08/10 00:09:46.574,39,-29,-36,60,23
2020/08/10 00:09:46.618,39,-29,-36,60,24
2020/08/10 00:09:46.663,39,-29,-36,60,38
2020/08/10 00:09:46.708,39,-29,-36,60,81
2020/08/10 00:09:46.752,39,-29,-36,60,45
2020/08/10 00:09:46.794,39,-28,-37,61,45
2020/08/10 00:09:46.836,39,-28,-37,61,15
2020/08/10 00:09:46.879,39,-28,-37,61,19
2020/08/10 00:09:46.927,39,-28,-37,61,26
2020/08/10 00:09:46.976,39,-29,-37,61,22
2020/08/10 00:09:47.030,39,-29,-37,61,25
2020/08/10 00:09:47.085,39,-29,-37,61,19
2020/08/10 00:09:47.137,39,-29,-37,61,20
2020/08/10 00:09:47.189,39,-29,-37,61,6
2020/08/10 00:09:47.240,39,-29,-37,61,9
2020/08/10 00:09:47.296,39,-29,-37,61,9
2020/08/10 00:09:47.347,39,-29,-37,61,6
2020/08/10 00:09:47.404,39,-29,-37,61,23
2020/08/10 00:09:47.458,39,-29,-37,61,15
2020/08/10 00:09:47.501,39,-29,-37,61,46
2020/08/10 00:11:00.221,39,-31,-34,60,16
2020/08/10 00:11:00.269,39,-31,-34,60,15
2020/08/10 00:11:00.332,39,-31,-33,60,13
2020/08/10 00:11:00.394,39,-31,-33,60,12
2020/08/10 00:11:00.465,39,-31,-33,60,12
2020/08/10 00:11:00.519,38,-31,-33,59,18
2020/08/10 00:11:00.581,38,-31,-33,59,21
2020/08/10 00:11:00.638,38,-31,-33,59,10
2020/08/10 00:11:00.691,38,-31,-33,59,20
2020/08/10 00:11:00.753,40,-32,-33,61,9
2020/08/10 00:11:00.819,40,-32,-33,61,10
2020/08/10 00:11:00.887,40,-32,-33,61,16
2020/08/10 00:11:00.939,40,-32,-33,61,20
2020/08/10 00:11:00.999,40,-32,-33,61,15
2020/08/10 00:11:01.050,40,-32,-33,61,16
2020/08/10 00:11:01.113,40,-32,-34,61,10
2020/08/10 00:11:01.174,40,-32,-34,61,10
2020/08/10 00:11:01.246,40,-32,-34,61,12
2020/08/10 00:11:01.298,40,-32,-34,61,8
2020/08/10 00:11:01.367,39,-32,-33,60,10
2020/08/10 00:11:01.420,39,-32,-33,60,8
2020/08/10 00:11:01.480,39,-32,-33,60,12
2020/08/10 00:11:01.538,39,-32,-32,60,10
2020/08/10 00:11:01.590,39,-32,-32,60,8
2020/08/10 00:11:01.652,39,-32,-32,60,7
2020/08/10 00:11:01.715,40,-31,-32,60,13
2020/08/10 00:11:01.786,40,-31,-32,60,13
2020/08/10 00:11:01.837,40,-31,-32,60,8
2020/08/10 00:11:01.907,40,-31,-32,60,8
2020/08/10 00:11:01.958,39,-32,-33,60,15
2020/08/10 00:11:02.027,39,-32,-33,60,11
2020/08/10 00:11:02.079,39,-32,-33,60,9
2020/08/10 00:11:02.147,40,-32,-33,61,13
2020/08/10 00:11:02.205,40,-32,-33,61,15
2020/08/10 00:11:02.256,40,-32,-33,61,21
2020/08/10 00:11:02.327,39,-31,-34,60,8
2020/08/10 00:11:02.378,39,-31,-34,60,14
2020/08/10 00:11:02.438,39,-31,-34,60,8
2020/08/10 00:11:02.491,39,-31,-34,60,12
2020/08/10 00:11:02.548,39,-31,-34,60,11
2020/08/10 00:11:02.610,39,-31,-34,60,7
2020/08/10 00:11:02.662,39,-31,-34,60,18
2020/08/10 00:11:02.706,39,-31,-34,60,35
2020/08/10 00:11:02.748,39,-31,-34,60,59
2020/08/10 00:11:02.791,39,-31,-34,60,33
2020/08/10 00:11:02.832,39,-31,-34,60,40
2020/08/10 00:11:02.874,39,-31,-34,60,27
2020/08/10 00:11:02.917,39,-31,-34,60,23
2020/08/10 00:11:02.965,39,-31,-34,60,16
2020/08/10 00:11:03.036,39,-31,-34,60,26
2020/08/10 00:11:03.086,39,-31,-34,60,27
2020/08/10 00:11:03.148,39,-31,-34,60,13
2020/08/10 00:11:03.212,39,-31,-34,60,28
2020/08/10 00:11:03.261,39,-31,-34,60,16
2020/08/10 00:11:03.315,39,-31,-34,60,22
2020/08/10 00:11:03.386,39,-31,-34,60,25
2020/08/10 00:11:03.437,39,-31,-34,60,8
2020/08/10 00:11:03.506,39,-31,-34,60,13
2020/08/10 00:11:03.562,39,-31,-34,60,9
2020/08/10 00:11:03.620,39,-31,-34,60,14
2020/08/10 00:11:03.677,39,-31,-34,60,14
2020/08/10 00:11:03.728,39,-31,-34,60,8
2020/08/10 00:11:03.792,39,-31,-34,60,13
2020/08/10 00:11:03.839,39,-31,-34,60,59
2020/08/10 00:11:03.881,39,-31,-34,60,37
2020/08/10 00:11:03.924,39,-31,-34,60,33
2020/08/10 00:11:03.967,39,-31,-34,60,54
2020/08/10 00:11:04.014,39,-31,-34,60,43
2020/08/10 00:11:04.067,39,-31,-34,60,81
2020/08/10 00:11:04.129,39,-31,-34,60,80
2020/08/10 00:11:04.181,39,-31,-34,60,66
2020/08/10 00:11:04.235,39,-31,-34,60,41
2020/08/10 00:11:04.286,39,-31,-34,60,48
2020/08/10 00:11:04.334,39,-31,-34,60,47
2020/08/10 00:11:04.388,39,-31,-34,60,57
2020/08/10 00:11:04.433,39,-31,-34,60,34
2020/08/10 00:11:04.477,39,-31,-34,60,8
2020/08/10 00:11:04.518,39,-31,-34,60,8
2020/08/10 00:11:04.560,39,-31,-34,60,11
2020/08/10 00:11:04.609,39,-31,-34,60,27
2020/08/10 00:11:04.674,39,-31,-34,60,10
2020/08/10 00:11:04.728,39,-31,-34,60,19
2020/08/10 00:11:04.779,39,-31,-34,60,10
2020/08/10 00:11:04.825,39,-31,-34,60,20
2020/08/10 00:11:04.869,39,-31,-34,60,22
2020/08/10 00:11:04.911,39,-31,-34,60,28
2020/08/10 00:11:04.960,39,-31,-34,60,9
2020/08/10 00:11:05.003,39,-31,-34,60,16
2020/08/10 00:11:05.049,39,-31,-34,60,35
2020/08/10 00:11:05.104,39,-31,-34,60,40
2020/08/10 00:11:05.153,39,-31,-34,60,56
2020/08/10 00:11:05.198,39,-31,-34,60,43
2020/08/10 00:11:05.250,39,-31,-34,60,18
2020/08/10 00:11:05.316,39,-31,-34,60,29
2020/08/10 00:11:05.383,39,-31,-34,60,22
2020/08/10 00:11:05.444,39,-31,-34,60,32
2020/08/10 00:11:05.499,39,-31,-34,60,24
2020/08/10 00:11:05.558,39,-31,-34,60,11
2020/08/10 00:11:05.611,39,-31,-34,60,6
2020/08/10 00:11:05.675,39,-31,-34,60,12
2020/08/10 00:11:05.720,39,-31,-34,60,8
2020/08/10 00:11:05.764,39,-31,-34,60,21
2020/08/10 00:11:05.808,39,-31,-34,60,34
2020/08/10 00:11:05.853,39,-31,-34,60,35
2020/08/10 00:11:05.900,39,-31,-34,60,28
2020/08/10 00:11:05.946,39,-31,-34,60,28
2020/08/10 00:11:05.996,39,-31,-34,60,18
2020/08/10 00:11:06.045,39,-31,-34,60,25
2020/08/10 00:11:06.097,39,-31,-34,60,21
2020/08/10 00:11:06.149,39,-31,-34,60,44
2020/08/10 00:11:06.209,39,-31,-34,60,14
2020/08/10 00:11:06.266,39,-31,-34,60,27
2020/08/10 00:11:06.318,39,-31,-34,60,27
2020/08/10 00:11:06.372,39,-31,-34,60,30
2020/08/10 00:11:06.427,39,-31,-34,60,23
2020/08/10 00:11:06.482,39,-31,-34,60,20
2020/08/10 00:11:06.532,39,-31,-34,60,24
2020/08/10 00:11:06.603,39,-31,-34,60,21
2020/08/10 00:11:06.654,39,-31,-34,60,23
2020/08/10 00:11:06.716,39,-31,-34,60,23
2020/08/10 00:11:06.774,39,-31,-34,60,33
2020/08/10 00:11:06.827,39,-31,-34,60,28
2020/08/10 00:11:06.877,39,-31,-34,60,23
2020/08/10 00:11:06.929,39,-31,-34,60,21
2020/08/10 00:11:06.977,39,-31,-34,60,22
2020/08/10 00:11:07.023,39,-31,-34,60,21
2020/08/10 00:11:07.077,39,-31,-34,60,35
2020/08/10 00:11:07.136,39,-31,-34,60,29
2020/08/10 00:11:07.203,39,-31,-34,60,32
2020/08/10 00:11:07.254,39,-31,-34,60,33
2020/08/10 00:11:07.317,39,-31,-34,60,21
2020/08/10 00:11:07.382,39,-31,-34,60,11
2020/08/10 00:11:07.440,39,-31,-34,60,24
2020/08/10 00:11:07.503,39,-31,-34,60,26
2020/08/10 00:11:07.555,39,-31,-34,60,19
2020/08/10 00:11:07.629,39,-31,-34,60,14
2020/08/10 00:11:07.732,39,-31,-34,60,27
2020/08/10 00:11:07.791,39,-31,-34,60,22
2020/08/10 00:11:07.857,39,-31,-34,60,23
2020/08/10 00:11:07.933,39,-31,-34,60,23
2020/08/10 00:11:07.996,39,-31,-34,60,18
2020/08/10 00:11:08.063,39,-31,-34,60,19
2020/08/10 00:11:08.121,39,-31,-34,60,24
2020/08/10 00:11:08.167,39,-31,-34,60,34
2020/08/10 00:11:08.217,39,-31,-34,60,26
2020/08/10 00:11:08.279,39,-31,-34,60,22
2020/08/10 00:11:08.332,39,-31,-34,60,25
2020/08/10 00:11:08.396,39,-31,-34,60,18
2020/08/10 00:11:08.450,39,-31,-34,60,28
2020/08/10 00:11:08.513,39,-31,-34,60,22
2020/08/10 00:11:08.562,39,-31,-34,60,38
2020/08/10 00:11:08.611,39,-31,-34,60,34
2020/08/10 00:11:08.663,39,-31,-34,60,22
2020/08/10 00:11:08.711,39,-31,-34,60,16
2020/08/10 00:11:08.771,39,-31,-34,60,28
2020/08/10 00:11:08.829,39,-31,-34,60,23
2020/08/10 00:11:08.876,39,-31,-34,60,29
2020/08/10 00:11:08.924,39,-31,-34,60,25
2020/08/10 00:11:08.976,39,-31,-34,60,24
2020/08/10 00:11:09.024,39,-31,-34,60,20
2020/08/10 00:11:09.081,39,-31,-34,60,29
2020/08/10 00:11:09.131,39,-31,-34,60,30
2020/08/10 00:11:09.195,39,-31,-34,60,15
2020/08/10 00:11:09.245,39,-31,-34,60,31
2020/08/10 00:11:09.298,39,-31,-34,60,14
2020/08/10 00:11:09.357,39,-31,-34,60,39
2020/08/10 00:11:09.424,39,-31,-34,60,30
2020/08/10 00:11:09.481,39,-31,-34,60,27
2020/08/10 00:11:09.533,39,-31,-34,60,42
2020/08/10 00:11:09.580,39,-31,-34,60,20
2020/08/10 00:11:09.627,39,-31,-34,60,23
2020/08/10 00:11:09.674,39,-31,-34,60,14
2020/08/10 00:11:09.732,39,-31,-34,60,19
2020/08/10 00:11:09.781,39,-31,-34,60,25
2020/08/10 00:11:09.831,39,-31,-34,60,29
2020/08/10 00:11:09.895,39,-31,-34,60,37
2020/08/10 00:11:09.955,39,-31,-34,60,20
2020/08/10 00:11:10.003,39,-31,-34,60,35
2020/08/10 00:11:10.051,39,-31,-34,60,18
2020/08/10 00:11:10.102,39,-31,-34,60,30
2020/08/10 00:11:10.159,39,-31,-34,60,24
2020/08/10 00:11:10.230,39,-31,-34,60,31
2020/08/10 00:11:10.292,39,-31,-34,60,28
2020/08/10 00:11:10.352,39,-31,-34,60,33
2020/08/10 00:11:10.409,39,-31,-34,60,29
2020/08/10 00:11:10.463,39,-31,-34,60,32
2020/08/10 00:11:10.519,39,-31,-34,60,18
2020/08/10 00:11:10.585,39,-31,-34,60,26
2020/08/10 00:11:10.640,39,-31,-34,60,18
2020/08/10 00:11:10.708,39,-31,-34,60,33
2020/08/10 00:11:10.778,39,-31,-34,60,30
2020/08/10 00:11:10.835,39,-31,-34,60,23
2020/08/10 00:11:10.892,39,-31,-34,60,34
2020/08/10 00:11:10.940,39,-31,-34,60,27
2020/08/10 00:11:10.999,39,-31,-34,60,19
2020/08/10 00:11:11.063,39,-31,-34,60,23
2020/08/10 00:11:11.125,39,-31,-34,60,23
2020/08/10 00:11:11.180,39,-31,-34,60,33
2020/08/10 00:11:11.235,39,-31,-34,60,25
2020/08/10 00:11:11.293,39,-31,-34,60,17
2020/08/10 00:11:11.349,39,-31,-34,60,32
2020/08/10 00:11:11.396,39,-31,-34,60,34
2020/08/10 00:11:11.446,39,-31,-34,60,12
2020/08/10 00:11:11.498,39,-31,-34,60,23
2020/08/10 00:11:11.566,39,-31,-34,60,31
2020/08/10 00:11:11.626,39,-31,-34,60,28
2020/08/10 00:11:11.680,39,-31,-34,60,14
2020/08/10 00:11:11.741,39,-31,-34,60,37
2020/08/10 00:11:11.809,39,-31,-34,60,21
2020/08/10 00:11:11.876,39,-31,-34,60,25
2020/08/10 00:11:11.949,39,-31,-34,60,12
2020/08/10 00:11:12.014,39,-31,-34,60,8
2020/08/10 00:11:12.076,39,-31,-34,60,14
2020/08/10 00:11:12.160,39,-31,-34,60,6
2020/08/10 00:11:12.228,39,-31,-34,60,23
2020/08/10 00:11:12.300,39,-31,-34,60,22
2020/08/10 00:11:12.360,39,-31,-34,60,18
2020/08/10 00:11:12.413,39,-31,-34,60,25
2020/08/10 00:11:12.459,39,-31,-34,60,33
2020/08/10 00:11:12.513,39,-31,-34,60,34
2020/08/10 00:11:12.578,39,-31,-34,60,22
2020/08/10 00:11:12.642,39,-31,-34,60,11
2020/08/10 00:11:12.700,39,-31,-34,60,10
2020/08/10 00:11:12.760,39,-31,-34,60,29
2020/08/10 00:11:12.819,39,-31,-34,60,27
2020/08/10 00:11:12.879,39,-31,-34,60,33
2020/08/10 00:11:12.942,39,-31,-34,60,22
2020/08/10 00:11:13.008,39,-31,-34,60,27
2020/08/10 00:11:13.070,39,-31,-34,60,10
2020/08/10 00:11:13.135,39,-31,-34,60,12
2020/08/10 00:11:13.197,39,-31,-34,60,3
2020/08/10 00:11:13.265,39,-31,-34,60,13
2020/08/10 00:11:13.326,39,-31,-34,60,22
2020/08/10 00:11:13.384,39,-31,-34,60,12
2020/08/10 00:11:13.431,39,-31,-34,60,27
2020/08/10 00:11:13.498,39,-31,-34,60,18
2020/08/10 00:11:13.568,39,-31,-34,60,39
2020/08/10 00:11:13.632,39,-31,-34,60,34
2020/08/10 00:11:13.707,39,-31,-34,60,26
2020/08/10 00:11:13.760,39,-31,-34,60,27
2020/08/10 00:11:13.825,39,-31,-34,60,15
2020/08/10 00:11:13.879,39,-31,-34,60,18
2020/08/10 00:11:13.941,39,-31,-34,60,10
2020/08/10 00:11:14.002,39,-31,-34,60,15
2020/08/10 00:11:14.057,39,-31,-34,60,11
2020/08/10 00:11:14.124,39,-31,-34,60,15
2020/08/10 00:11:14.182,39,-31,-34,60,22
2020/08/10 00:11:14.236,39,-31,-34,60,10
2020/08/10 00:11:14.314,39,-31,-34,60,25
2020/08/10 00:11:14.365,39,-31,-34,60,27
2020/08/10 00:11:14.414,39,-31,-34,60,17
2020/08/10 00:11:14.479,39,-31,-34,60,13
2020/08/10 00:11:14.540,39,-31,-34,60,16
2020/08/10 00:11:14.593,39,-31,-34,60,18
2020/08/10 00:11:14.655,39,-31,-34,60,3
2020/08/10 00:11:14.727,39,-31,-34,60,3
2020/08/10 00:11:14.781,39,-31,-34,60,12
2020/08/10 00:11:14.833,39,-31,-34,60,12
2020/08/10 00:11:14.900,39,-31,-34,60,6
2020/08/10 00:11:14.960,39,-31,-34,60,16
2020/08/10 00:11:15.025,39,-31,-34,60,13
2020/08/10 00:11:15.081,39,-31,-34,60,28
2020/08/10 00:11:15.131,39,-31,-34,60,30
2020/08/10 00:11:15.179,39,-31,-34,60,22
2020/08/10 00:11:15.245,39,-31,-34,60,20
2020/08/10 00:11:15.298,39,-31,-34,60,41
2020/08/10 00:11:15.354,39,-31,-34,60,28
2020/08/10 00:11:15.411,39,-31,-34,60,26
2020/08/10 00:11:15.460,39,-31,-34,60,32
2020/08/10 00:11:15.516,39,-31,-34,60,26
2020/08/10 00:11:15.564,39,-31,-34,60,23
2020/08/10 00:11:15.617,39,-31,-34,60,12
2020/08/10 00:11:15.689,39,-31,-34,60,10
2020/08/10 00:11:15.754,39,-31,-34,60,19
2020/08/10 00:11:15.817,39,-31,-34,60,23
2020/08/10 00:11:15.877,39,-31,-34,60,22
2020/08/10 00:11:15.929,39,-31,-34,60,20
2020/08/10 00:11:15.994,39,-31,-34,60,23
2020/08/10 00:11:16.060,39,-31,-34,60,28
2020/08/10 00:11:16.126,39,-31,-34,60,28
2020/08/10 00:11:16.186,39,-31,-34,60,14
2020/08/10 00:11:16.236,39,-31,-34,60,16
2020/08/10 00:11:16.300,39,-31,-34,60,30
2020/08/10 00:11:16.363,39,-31,-34,60,26
2020/08/10 00:11:16.419,39,-31,-34,60,20
2020/08/10 00:11:16.486,39,-31,-34,60,17
2020/08/10 00:11:16.557,39,-31,-34,60,20
2020/08/10 00:11:16.633,39,-31,-34,60,20
2020/08/10 00:11:16.696,39,-31,-34,60,25
2020/08/10 00:11:16.767,39,-31,-34,60,12
2020/08/10 00:11:16.834,39,-31,-34,60,24
2020/08/10 00:11:16.909,39,-31,-34,60,10
2020/08/10 00:11:16.975,39,-31,-34,60,9
2020/08/10 00:11:17.047,39,-31,-34,60,15
2020/08/10 00:11:17.114,39,-31,-34,60,15
2020/08/10 00:11:17.171,39,-31,-34,60,21
2020/08/10 00:11:17.228,39,-31,-34,60,13
2020/08/10 00:11:17.273,39,-31,-34,60,12
2020/08/10 00:11:17.337,39,-31,-34,60,20
2020/08/10 00:11:17.387,39,-31,-34,60,38
2020/08/10 00:11:17.431,39,-31,-34,60,43
2020/08/10 00:11:17.476,39,-31,-34,60,52
2020/08/10 00:11:17.522,39,-31,-34,60,28
2020/08/10 00:11:17.577,39,-31,-34,60,36
2020/08/10 00:11:17.629,39,-31,-34,60,38
2020/08/10 00:11:17.674,39,-31,-34,60,39
2020/08/10 00:11:17.720,39,-31,-34,60,29
2020/08/10 00:11:17.764,39,-31,-34,60,41
2020/08/10 00:11:17.806,39,-31,-34,60,17
2020/08/10 00:11:17.851,39,-31,-34,60,20
2020/08/10 00:11:17.894,39,-31,-34,60,25
2020/08/10 00:11:17.938,39,-31,-34,60,10
2020/08/10 00:11:17.985,39,-31,-34,60,26
2020/08/10 00:11:18.028,39,-31,-34,60,18
2020/08/10 00:11:18.089,39,-31,-34,60,0
2020/08/10 00:11:18.153,39,-31,-34,60,20
2020/08/10 00:11:18.218,39,-31,-34,60,18
2020/08/10 00:11:18.283,39,-31,-34,60,14
2020/08/10 00:11:18.343,39,-31,-34,60,27
2020/08/10 00:11:18.398,39,-31,-34,60,10
2020/08/10 00:11:18.476,39,-31,-34,60,8
2020/08/10 00:11:18.528,39,-31,-34,60,10
2020/08/10 00:11:18.590,39,-31,-34,60,6
2020/08/10 00:11:18.653,39,-31,-34,60,14
2020/08/10 00:11:18.714,39,-31,-34,60,11
2020/08/10 00:11:18.786,39,-31,-34,60,12
2020/08/10 00:11:18.838,39,-31,-34,60,13
2020/08/10 00:11:18.886,39,-31,-34,60,20
2020/08/10 00:11:18.936,39,-31,-34,60,21
2020/08/10 00:11:19.019,39,-31,-34,60,12
2020/08/10 00:11:19.076,39,-31,-34,60,35
2020/08/10 00:11:19.124,39,-31,-34,60,33
2020/08/10 00:11:19.169,39,-31,-34,60,27
2020/08/10 00:11:19.216,39,-31,-34,60,32
2020/08/10 00:11:19.264,39,-31,-34,60,18
2020/08/10 00:11:19.316,39,-31,-34,60,19
2020/08/10 00:11:19.365,39,-31,-34,60,25
2020/08/10 00:11:19.424,39,-31,-34,60,26
2020/08/10 00:11:19.482,39,-31,-34,60,33
2020/08/10 00:11:19.535,39,-31,-34,60,14
2020/08/10 00:11:19.606,39,-31,-34,60,12
2020/08/10 00:11:19.660,39,-31,-34,60,10
2020/08/10 00:11:19.720,39,-31,-34,60,12
2020/08/10 00:11:19.772,39,-31,-34,60,16
2020/08/10 00:11:19.840,39,-31,-34,60,2
2020/08/10 00:11:19.896,39,-31,-34,60,17
2020/08/10 00:11:19.978,39,-31,-34,60,16
2020/08/10 00:11:20.039,39,-31,-34,60,19
2020/08/10 00:11:20.102,39,-31,-34,60,22
2020/08/10 00:11:20.166,39,-31,-34,60,12
2020/08/10 00:11:20.220,39,-31,-34,60,26
2020/08/10 00:11:20.273,39,-31,-34,60,40
2020/08/10 00:11:20.318,39,-31,-34,60,17
2020/08/10 00:11:20.366,39,-31,-34,60,10
2020/08/10 00:11:20.418,39,-31,-34,60,31
2020/08/10 00:11:20.484,39,-31,-34,60,28
2020/08/10 00:11:20.533,39,-31,-34,60,22
2020/08/10 00:11:20.581,39,-31,-34,60,27
2020/08/10 00:11:20.626,39,-31,-34,60,16
2020/08/10 00:11:20.673,39,-31,-34,60,20
2020/08/10 00:11:20.737,39,-31,-34,60,17
2020/08/10 00:11:20.804,39,-31,-34,60,8
2020/08/10 00:11:20.852,39,-31,-34,60,19
2020/08/10 00:11:20.902,39,-31,-34,60,25
2020/08/10 00:11:20.953,39,-31,-34,60,25
2020/08/10 00:11:21.012,39,-31,-34,60,14
2020/08/10 00:11:21.060,39,-31,-34,60,42
2020/08/10 00:11:21.113,39,-31,-34,60,8
2020/08/10 00:11:21.160,39,-31,-34,60,10
2020/08/10 00:11:21.213,39,-31,-34,60,12
2020/08/10 00:11:21.277,39,-31,-34,60,8
2020/08/10 00:11:21.347,39,-31,-34,60,14
2020/08/10 00:11:21.402,39,-31,-34,60,13
2020/08/10 00:11:21.460,39,-31,-34,60,25
2020/08/10 00:11:21.517,39,-31,-34,60,8
2020/08/10 00:11:21.586,39,-31,-34,60,29
2020/08/10 00:11:21.655,39,-31,-34,60,16
2020/08/10 00:11:21.726,39,-31,-34,60,14
2020/08/10 00:11:21.778,39,-31,-34,60,12
2020/08/10 00:11:21.850,39,-31,-34,60,8
2020/08/10 00:11:21.915,39,-31,-34,60,15
2020/08/10 00:11:21.996,39,-31,-34,60,14
2020/08/10 00:11:22.058,39,-31,-34,60,33
2020/08/10 00:11:22.109,39,-31,-34,60,27
2020/08/10 00:11:22.168,39,-31,-34,60,23
2020/08/10 00:11:22.216,39,-31,-34,60,18
2020/08/10 00:11:22.263,39,-31,-34,60,25
2020/08/10 00:11:22.320,39,-31,-34,60,12
2020/08/10 00:11:22.380,39,-31,-34,60,24
2020/08/10 00:11:22.438,39,-31,-34,60,36
2020/08/10 00:11:22.501,39,-31,-34,60,28
2020/08/10 00:11:22.568,39,-31,-34,60,28
2020/08/10 00:11:22.615,39,-31,-34,60,26
2020/08/10 00:11:22.668,39,-31,-34,60,20
2020/08/10 00:11:22.716,39,-31,-34,60,33
2020/08/10 00:11:22.771,39,-31,-34,60,23
2020/08/10 00:11:22.835,39,-31,-34,60,18
2020/08/10 00:11:22.892,39,-31,-34,60,18
2020/08/10 00:11:22.940,39,-31,-34,60,29
2020/08/10 00:11:22.997,39,-31,-34,60,21
2020/08/10 00:11:23.046,39,-31,-34,60,32
2020/08/10 00:11:23.107,39,-31,-34,60,22
2020/08/10 00:11:23.157,39,-31,-34,60,31
2020/08/10 00:11:23.210,39,-31,-34,60,23
2020/08/10 00:11:23.259,39,-31,-34,60,26
2020/08/10 00:11:23.308,39,-31,-34,60,30
2020/08/10 00:11:23.358,39,-31,-34,60,18
2020/08/10 00:11:23.405,39,-31,-34,60,15
2020/08/10 00:11:23.467,39,-31,-34,60,18
2020/08/10 00:11:23.517,39,-31,-34,60,30
2020/08/10 00:11:23.579,39,-31,-34,60,18
2020/08/10 00:11:23.631,39,-31,-34,60,25
2020/08/10 00:11:23.689,39,-31,-34,60,29
2020/08/10 00:11:23.738,39,-31,-34,60,27
2020/08/10 00:11:23.808,39,-31,-34,60,17
2020/08/10 00:11:23.879,39,-31,-34,60,28
2020/08/10 00:11:23.936,39,-31,-34,60,33
2020/08/10 00:11:23.986,39,-31,-34,60,34
2020/08/10 00:11:24.029,39,-31,-34,60,24
2020/08/10 00:11:24.073,39,-31,-34,60,17
2020/08/10 00:11:24.116,39,-31,-34,60,0
2020/08/10 00:11:24.159,39,-31,-34,60,9
2020/08/10 00:11:24.205,39,-31,-34,60,12
2020/08/10 00:11:24.261,39,-31,-34,60,11
2020/08/10 00:11:24.312,39,-31,-34,60,25
2020/08/10 00:11:24.376,39,-31,-34,60,25
2020/08/10 00:11:24.453,39,-31,-34,60,20
2020/08/10 00:11:24.522,39,-31,-34,60,18
2020/08/10 00:11:24.581,39,-31,-34,60,19
2020/08/10 00:11:24.643,39,-31,-34,60,24
2020/08/10 00:11:24.705,39,-31,-34,60,13
2020/08/10 00:11:24.766,39,-31,-34,60,22
2020/08/10 00:11:24.820,39,-31,-34,60,19
2020/08/10 00:11:24.880,39,-31,-34,60,11
2020/08/10 00:11:24.942,39,-31,-34,60,22
2020/08/10 00:11:25.001,39,-31,-34,60,38
2020/08/10 00:11:25.061,39,-31,-34,60,25
2020/08/10 00:11:25.110,39,-31,-34,60,17
2020/08/10 00:11:25.169,39,-31,-34,60,10
2020/08/10 00:11:25.235,39,-31,-34,60,14
2020/08/10 00:11:25.307,39,-31,-34,60,10
2020/08/10 00:11:25.374,39,-31,-34,60,18
2020/08/10 00:11:25.435,39,-31,-34,60,6
2020/08/10 00:11:25.514,39,-31,-34,60,27
2020/08/10 00:11:25.566,39,-31,-34,60,19
2020/08/10 00:11:25.613,39,-31,-34,60,25
2020/08/10 00:11:25.658,39,-31,-34,60,11
2020/08/10 00:11:25.704,39,-31,-34,60,18
2020/08/10 00:11:25.752,39,-31,-34,60,8
2020/08/10 00:11:25.814,39,-31,-34,60,6
2020/08/10 00:11:25.889,39,-31,-34,60,12
2020/08/10 00:11:25.953,39,-31,-34,60,6
2020/08/10 00:11:26.017,39,-31,-34,60,10
2020/08/10 00:11:26.090,39,-31,-34,60,15
2020/08/10 00:11:26.155,39,-31,-34,60,14
2020/08/10 00:11:26.230,39,-31,-34,60,22
2020/08/10 00:11:26.296,39,-31,-34,60,7
2020/08/10 00:11:26.370,39,-31,-34,60,16
2020/08/10 00:11:26.437,39,-31,-34,60,8
2020/08/10 00:11:26.499,39,-31,-34,60,14
2020/08/10 00:11:26.552,39,-31,-34,60,6
2020/08/10 00:11:26.618,39,-31,-34,60,4
2020/08/10 00:11:26.690,39,-31,-34,60,15
2020/08/10 00:11:26.756,39,-31,-34,60,15
2020/08/10 00:11:26.831,39,-31,-34,60,13
2020/08/10 00:11:26.901,39,-31,-34,60,20
2020/08/10 00:11:26.965,39,-31,-34,60,33
2020/08/10 00:11:27.029,39,-31,-34,60,24
2020/08/10 00:11:27.080,39,-31,-34,60,29
2020/08/10 00:11:27.131,39,-31,-34,60,24
2020/08/10 00:11:27.194,39,-31,-34,60,18
2020/08/10 00:11:27.267,39,-31,-34,60,11
2020/08/10 00:11:27.319,39,-31,-34,60,11
2020/08/10 00:11:27.374,39,-31,-34,60,20
2020/08/10 00:11:27.418,39,-31,-34,60,7
2020/08/10 00:11:27.485,39,-31,-34,60,15
2020/08/10 00:11:27.546,39,-31,-34,60,16
2020/08/10 00:11:27.606,39,-31,-34,60,13
2020/08/10 00:11:27.654,39,-31,-34,60,18
2020/08/10 00:11:27.717,39,-31,-34,60,14
2020/08/10 00:11:27.776,39,-31,-34,60,8
2020/08/10 00:11:27.831,39,-31,-34,60,8
2020/08/10 00:11:27.894,39,-31,-34,60,14
2020/08/10 00:11:27.965,39,-31,-34,60,14
2020/08/10 00:11:28.016,39,-31,-34,60,8
2020/08/10 00:11:28.090,39,-31,-34,60,8
2020/08/10 00:11:28.161,39,-31,-34,60,23
2020/08/10 00:11:28.227,39,-31,-34,60,22
2020/08/10 00:11:28.292,39,-31,-34,60,27
2020/08/10 00:11:28.344,39,-31,-34,60,30
2020/08/10 00:11:28.390,39,-31,-34,60,21
2020/08/10 00:11:28.451,39,-31,-34,60,8
2020/08/10 00:11:28.512,39,-31,-34,60,22
2020/08/10 00:11:28.577,39,-31,-34,60,27
2020/08/10 00:11:28.637,39,-31,-34,60,28
2020/08/10 00:11:28.691,39,-31,-34,60,23
2020/08/10 00:11:28.749,39,-31,-34,60,36
2020/08/10 00:11:28.798,39,-31,-34,60,23
2020/08/10 00:11:28.848,39,-31,-34,60,21
2020/08/10 00:11:28.916,39,-31,-34,60,20
2020/08/10 00:11:28.974,39,-31,-34,60,31
2020/08/10 00:11:29.024,39,-31,-34,60,27
2020/08/10 00:11:29.069,39,-31,-34,60,26
2020/08/10 00:11:29.117,39,-31,-34,60,25
2020/08/10 00:11:29.164,39,-31,-34,60,16
2020/08/10 00:11:29.224,39,-31,-34,60,31
2020/08/10 00:11:29.271,39,-31,-34,60,25
2020/08/10 00:11:29.325,39,-31,-34,60,22
2020/08/10 00:11:29.380,39,-31,-34,60,15
2020/08/10 00:11:29.434,39,-31,-34,60,17
2020/08/10 00:11:29.507,39,-31,-34,60,16
2020/08/10 00:11:29.563,39,-31,-34,60,35
2020/08/10 00:11:29.619,39,-31,-34,60,32
2020/08/10 00:11:29.667,39,-31,-34,60,26
2020/08/10 00:11:29.725,39,-31,-34,60,18
2020/08/10 00:11:29.778,39,-31,-34,60,38
2020/08/10 00:11:29.824,39,-31,-34,60,21
2020/08/10 00:11:29.880,39,-31,-34,60,33
2020/08/10 00:11:29.930,39,-31,-34,60,30
2020/08/10 00:11:29.995,39,-31,-34,60,22
2020/08/10 00:11:30.066,39,-31,-34,60,34
2020/08/10 00:11:30.135,39,-31,-34,60,32
2020/08/10 00:11:30.190,39,-31,-34,60,16
2020/08/10 00:11:30.236,39,-31,-34,60,35
2020/08/10 00:11:30.284,39,-31,-34,60,7
2020/08/10 00:11:30.340,39,-31,-34,60,27
2020/08/10 00:11:30.404,39,-31,-34,60,24
2020/08/10 00:11:30.458,39,-31,-34,60,32
2020/08/10 00:11:30.508,39,-31,-34,60,26
2020/08/10 00:11:30.560,39,-31,-34,60,11
2020/08/10 00:11:30.614,39,-31,-34,60,31
2020/08/10 00:11:30.679,39,-31,-34,60,16
2020/08/10 00:11:30.735,39,-31,-34,60,22
2020/08/10 00:11:30.809,39,-31,-34,60,16
2020/08/10 00:11:30.873,39,-31,-34,60,30
2020/08/10 00:11:30.929,39,-31,-34,60,31
2020/08/10 00:11:30.978,39,-31,-34,60,18
2020/08/10 00:11:31.031,39,-31,-34,60,22
2020/08/10 00:11:31.100,39,-31,-34,60,21
2020/08/10 00:11:31.162,39,-31,-34,60,29
2020/08/10 00:11:31.223,39,-31,-34,60,29
2020/08/10 00:11:31.275,39,-31,-34,60,26
2020/08/10 00:11:31.347,39,-31,-34,60,14
2020/08/10 00:11:31.403,39,-31,-34,60,19
2020/08/10 00:11:31.461,39,-31,-34,60,8
2020/08/10 00:11:31.517,39,-31,-34,60,25
2020/08/10 00:11:31.568,39,-31,-34,60,27
2020/08/10 00:11:31.614,39,-31,-34,60,32
2020/08/10 00:11:31.661,39,-31,-34,60,20
2020/08/10 00:11:31.708,39,-31,-34,60,11
2020/08/10 00:11:31.776,39,-31,-34,60,22
2020/08/10 00:11:31.843,39,-31,-34,60,22
2020/08/10 00:11:31.900,39,-31,-34,60,13
2020/08/10 00:11:31.964,39,-31,-34,60,13
2020/08/10 00:11:32.021,39,-31,-34,60,29
2020/08/10 00:11:32.071,39,-31,-34,60,29
2020/08/10 00:11:32.136,39,-31,-34,60,16
2020/08/10 00:11:32.205,39,-31,-34,60,20
2020/08/10 00:11:32.252,39,-31,-34,60,31
2020/08/10 00:11:32.317,39,-31,-34,60,21
2020/08/10 00:11:32.379,39,-31,-34,60,18
2020/08/10 00:11:32.464,39,-31,-34,60,28
2020/08/10 00:11:32.517,39,-31,-34,60,44
2020/08/10 00:11:32.565,39,-31,-34,60,15
2020/08/10 00:11:32.619,39,-31,-34,60,31
2020/08/10 00:11:32.667,39,-31,-34,60,19
2020/08/10 00:11:32.727,39,-31,-34,60,25
2020/08/10 00:11:32.791,39,-31,-34,60,19
2020/08/10 00:11:32.859,39,-31,-34,60,30
2020/08/10 00:11:32.920,39,-31,-34,60,23
2020/08/10 00:11:32.979,39,-31,-34,60,22
2020/08/10 00:11:33.030,39,-31,-34,60,26
2020/08/10 00:11:33.095,39,-31,-34,60,27
2020/08/10 00:11:33.169,39,-31,-34,60,13
2020/08/10 00:11:33.235,39,-31,-34,60,19
2020/08/10 00:11:33.298,39,-31,-34,60,28
2020/08/10 00:11:33.352,39,-31,-34,60,29
2020/08/10 00:11:33.417,39,-31,-34,60,25
2020/08/10 00:11:33.474,39,-31,-34,60,29
2020/08/10 00:11:33.533,39,-31,-34,60,28
2020/08/10 00:11:33.584,39,-31,-34,60,20
2020/08/10 00:11:33.633,39,-31,-34,60,26
2020/08/10 00:11:33.686,39,-31,-34,60,17
2020/08/10 00:11:33.735,39,-31,-34,60,30
2020/08/10 00:11:33.801,39,-31,-34,60,25
2020/08/10 00:11:33.863,39,-31,-34,60,36
2020/08/10 00:11:33.922,39,-31,-34,60,18
2020/08/10 00:11:33.981,39,-31,-34,60,10
2020/08/10 00:11:34.041,39,-31,-34,60,11
2020/08/10 00:11:34.100,39,-31,-34,60,8
2020/08/10 00:11:34.159,39,-31,-34,60,22
2020/08/10 00:11:34.218,39,-31,-34,60,6
2020/08/10 00:11:34.278,39,-31,-34,60,27
2020/08/10 00:11:34.326,39,-31,-34,60,13
2020/08/10 00:11:34.378,39,-31,-34,60,15
2020/08/10 00:11:34.433,39,-31,-34,60,20
2020/08/10 00:11:34.501,39,-31,-34,60,8
2020/08/10 00:11:34.552,39,-31,-34,60,22
2020/08/10 00:11:34.618,39,-31,-34,60,8
2020/08/10 00:11:34.686,39,-31,-34,60,11
2020/08/10 00:11:34.738,39,-31,-34,60,12
2020/08/10 00:11:34.808,39,-31,-34,60,12
2020/08/10 00:11:34.872,39,-31,-34,60,9
2020/08/10 00:11:34.934,39,-31,-34,60,11
2020/08/10 00:11:35.007,39,-31,-34,60,16
2020/08/10 00:11:35.059,39,-31,-34,60,4
2020/08/10 00:11:35.118,39,-31,-34,60,6
2020/08/10 00:11:35.181,39,-31,-34,60,24
2020/08/10 00:11:35.230,39,-31,-34,60,29
2020/08/10 00:11:35.280,39,-31,-34,60,20
2020/08/10 00:11:35.329,39,-31,-34,60,19
2020/08/10 00:11:35.380,39,-31,-34,60,23
2020/08/10 00:11:35.429,39,-31,-34,60,37
2020/08/10 00:11:35.479,39,-31,-34,60,16
2020/08/10 00:11:35.525,39,-31,-34,60,33
2020/08/10 00:11:35.577,39,-31,-34,60,18
2020/08/10 00:11:35.621,39,-31,-34,60,15
2020/08/10 00:11:35.674,39,-31,-34,60,15
2020/08/10 00:11:35.746,39,-31,-34,60,14
2020/08/10 00:11:35.810,39,-31,-34,60,16
2020/08/10 00:11:35.868,39,-31,-34,60,14
2020/08/10 00:11:35.941,39,-31,-34,60,16
2020/08/10 00:11:35.995,39,-31,-34,60,15
2020/08/10 00:11:36.059,39,-31,-34,60,15
2020/08/10 00:11:36.114,39,-31,-34,60,18
2020/08/10 00:11:36.174,39,-31,-34,60,10
2020/08/10 00:11:36.231,39,-31,-34,60,18
2020/08/10 00:11:36.290,39,-31,-34,60,16
2020/08/10 00:11:36.353,39,-31,-34,60,14
2020/08/10 00:11:36.419,39,-31,-34,60,22
2020/08/10 00:11:36.473,39,-31,-34,60,16
2020/08/10 00:11:36.521,39,-31,-34,60,22
2020/08/10 00:11:36.577,39,-31,-34,60,40
2020/08/10 00:11:36.620,39,-31,-34,60,89
2020/08/10 00:11:36.664,39,-31,-34,60,82
2020/08/10 00:11:36.706,39,-31,-34,60,36
2020/08/10 00:11:36.750,39,-31,-34,60,71
2020/08/10 00:11:36.825,39,-31,-34,60,57
2020/08/10 00:11:36.868,39,-31,-34,60,67
2020/08/10 00:11:36.916,39,-31,-34,60,28
2020/08/10 00:11:36.961,39,-31,-34,60,35
2020/08/10 00:11:37.006,39,-31,-34,60,42
2020/08/10 00:11:37.063,39,-31,-34,60,45
2020/08/10 00:11:37.107,39,-31,-34,60,50
2020/08/10 00:11:37.150,39,-31,-34,60,37
2020/08/10 00:11:37.211,39,-31,-34,60,49
2020/08/10 00:11:37.257,39,-31,-34,60,33
2020/08/10 00:11:37.320,39,-31,-34,60,33
2020/08/10 00:11:37.362,39,-31,-34,60,42
2020/08/10 00:11:37.406,39,-31,-34,60,31
2020/08/10 00:11:37.461,39,-31,-34,60,12
2020/08/10 00:11:37.507,39,-31,-34,60,46
2020/08/10 00:11:37.552,39,-31,-34,60,44
2020/08/10 00:11:37.597,39,-31,-34,60,59
2020/08/10 00:11:37.639,39,-31,-34,60,50
2020/08/10 00:11:37.681,39,-31,-34,60,31
2020/08/10 00:11:37.723,39,-31,-34,60,34
2020/08/10 00:11:37.769,38,-31,-36,61,35
2020/08/10 00:11:37.816,38,-31,-36,61,26
2020/08/10 00:11:37.861,38,-31,-36,61,28
2020/08/10 00:11:37.907,38,-31,-36,61,30
2020/08/10 00:11:37.952,38,-31,-34,60,40
2020/08/10 00:11:37.995,38,-31,-34,60,20
2020/08/10 00:11:38.037,38,-31,-34,60,18
2020/08/10 00:11:38.079,38,-31,-34,60,15
2020/08/10 00:11:38.121,38,-31,-34,60,25
2020/08/10 00:11:38.163,39,-31,-32,59,27
2020/08/10 00:11:38.205,39,-31,-32,59,18
2020/08/10 00:11:38.247,39,-31,-32,59,18
2020/08/10 00:11:38.289,39,-31,-32,59,15
2020/08/10 00:11:38.332,39,-31,-32,59,29
2020/08/10 00:11:38.375,39,-32,-32,60,13
2020/08/10 00:11:38.417,39,-32,-32,60,6
2020/08/10 00:11:38.461,39,-32,-32,60,11
2020/08/10 00:11:38.502,39,-32,-32,60,26
2020/08/10 00:11:38.546,39,-32,-32,60,21
2020/08/10 00:11:38.588,39,-31,-32,59,22
2020/08/10 00:11:38.630,39,-31,-32,59,15
2020/08/10 00:11:38.673,39,-31,-32,59,25
2020/08/10 00:11:38.714,39,-31,-32,59,29
2020/08/10 00:11:38.757,38,-31,-33,59,17
2020/08/10 00:11:38.799,38,-31,-33,59,28
2020/08/10 00:11:38.843,38,-31,-33,59,12
2020/08/10 00:11:38.885,38,-31,-33,59,8
2020/08/10 00:11:38.929,38,-31,-33,59,18
2020/08/10 00:11:38.973,39,-31,-33,60,27
2020/08/10 00:11:39.016,39,-31,-33,60,18
2020/08/10 00:11:39.063,39,-31,-33,60,18
2020/08/10 00:11:39.108,39,-31,-33,60,29
