TimeStamp,B_x,B_y,B_z,B_net,CPU_load2020/08/10 00:17:32.757,39,-32,-33,60,0
2020/08/10 00:17:32.800,39,-32,-33,60,9
2020/08/10 00:17:32.844,38,-31,-34,60,15
2020/08/10 00:17:32.887,38,-31,-34,60,20
2020/08/10 00:17:32.930,38,-31,-34,60,10
2020/08/10 00:17:32.974,38,-31,-34,60,13
2020/08/10 00:17:33.016,38,-31,-34,60,12
2020/08/10 00:17:33.060,38,-31,-31,58,10
2020/08/10 00:17:33.102,38,-31,-31,58,21
2020/08/10 00:17:33.147,38,-31,-31,58,32
2020/08/10 00:17:33.190,38,-31,-31,58,23
2020/08/10 00:17:33.232,38,-31,-31,58,16
2020/08/10 00:17:33.274,39,-32,-33,60,16
2020/08/10 00:17:33.317,39,-32,-33,60,15
2020/08/10 00:17:33.361,39,-32,-33,60,6
2020/08/10 00:17:33.404,39,-32,-33,60,21
2020/08/10 00:17:33.447,39,-32,-34,61,17
2020/08/10 00:17:33.490,39,-32,-34,61,29
2020/08/10 00:17:33.534,39,-32,-34,61,42
2020/08/10 00:17:33.577,39,-32,-34,61,46
2020/08/10 00:17:33.623,39,-32,-34,61,43
2020/08/10 00:17:33.666,39,-32,-34,61,80
2020/08/10 00:17:33.709,39,-32,-34,61,39
2020/08/10 00:17:33.753,39,-32,-34,61,28
2020/08/10 00:17:33.795,39,-32,-34,61,59
2020/08/10 00:17:33.838,39,-32,-34,61,2
2020/08/10 00:17:33.881,39,-32,-34,61,12
2020/08/10 00:17:33.924,39,-32,-34,61,15
2020/08/10 00:17:33.968,39,-32,-34,61,30
2020/08/10 00:17:34.014,39,-32,-34,61,38
2020/08/10 00:17:34.057,39,-32,-34,61,42
2020/08/10 00:17:34.100,39,-32,-34,61,20
2020/08/10 00:17:34.143,39,-32,-34,61,23
2020/08/10 00:17:34.185,39,-32,-34,61,25
2020/08/10 00:17:34.228,39,-32,-34,61,25
2020/08/10 00:17:34.269,39,-32,-34,61,26
2020/08/10 00:17:34.311,39,-32,-34,61,18
2020/08/10 00:17:34.353,39,-32,-34,61,6
2020/08/10 00:17:34.400,39,-32,-34,61,35
2020/08/10 00:17:34.446,39,-32,-34,61,30
2020/08/10 00:17:34.493,39,-32,-34,61,66
2020/08/10 00:17:34.537,39,-32,-34,61,70
2020/08/10 00:17:34.580,39,-32,-34,61,46
2020/08/10 00:17:34.626,39,-32,-34,61,54
2020/08/10 00:17:34.675,39,-32,-34,61,82
2020/08/10 00:17:34.734,39,-32,-34,61,101
2020/08/10 00:17:34.801,39,-32,-34,61,76
2020/08/10 00:17:34.855,39,-32,-34,61,72
2020/08/10 00:17:34.913,39,-32,-34,61,56
2020/08/10 00:17:34.966,39,-32,-34,61,81
2020/08/10 00:17:35.032,39,-32,-34,61,78
2020/08/10 00:17:35.080,39,-32,-34,61,64
2020/08/10 00:17:35.125,39,-32,-34,61,48
2020/08/10 00:17:35.183,39,-32,-34,61,19
2020/08/10 00:17:35.242,39,-32,-34,61,20
2020/08/10 00:17:35.299,39,-32,-34,61,21
2020/08/10 00:17:35.351,39,-32,-34,61,12
2020/08/10 00:17:35.416,39,-32,-34,61,10
2020/08/10 00:17:35.468,39,-32,-34,61,21
2020/08/10 00:17:35.529,39,-32,-34,61,16
2020/08/10 00:17:35.574,39,-32,-34,61,15
2020/08/10 00:17:35.621,39,-32,-34,61,31
2020/08/10 00:17:35.666,39,-32,-34,61,21
2020/08/10 00:17:35.741,39,-32,-34,61,21
2020/08/10 00:17:35.796,39,-32,-34,61,31
2020/08/10 00:17:35.846,39,-32,-34,61,43
2020/08/10 00:17:35.898,39,-32,-34,61,31
2020/08/10 00:17:35.948,39,-32,-34,61,44
2020/08/10 00:17:35.997,39,-32,-34,61,32
2020/08/10 00:17:36.046,39,-32,-34,61,18
2020/08/10 00:17:36.094,39,-32,-34,61,33
2020/08/10 00:17:36.142,39,-32,-34,61,22
2020/08/10 00:17:36.193,39,-32,-34,61,15
2020/08/10 00:17:36.236,39,-32,-34,61,15
2020/08/10 00:17:36.281,39,-32,-34,61,18
2020/08/10 00:17:36.329,39,-32,-34,61,6
2020/08/10 00:17:36.403,39,-32,-34,61,14
2020/08/10 00:17:36.452,39,-32,-34,61,32
2020/08/10 00:17:36.499,39,-32,-34,61,35
2020/08/10 00:17:36.552,39,-32,-34,61,25
2020/08/10 00:17:36.601,39,-32,-34,61,20
2020/08/10 00:17:36.646,39,-32,-34,61,34
2020/08/10 00:17:36.695,39,-32,-34,61,27
2020/08/10 00:17:36.744,39,-32,-34,61,27
2020/08/10 00:17:36.793,39,-32,-34,61,33
2020/08/10 00:17:36.843,39,-32,-34,61,37
2020/08/10 00:17:36.911,39,-32,-34,61,36
2020/08/10 00:17:36.960,39,-32,-34,61,39
2020/08/10 00:17:37.006,39,-32,-34,61,38
2020/08/10 00:17:37.050,39,-32,-34,61,28
2020/08/10 00:17:37.095,39,-32,-34,61,20
2020/08/10 00:17:37.147,39,-32,-34,61,23
2020/08/10 00:17:37.195,39,-32,-34,61,23
2020/08/10 00:17:37.242,39,-32,-34,61,34
2020/08/10 00:17:37.293,39,-32,-34,61,29
2020/08/10 00:17:37.357,39,-32,-34,61,12
2020/08/10 00:17:37.431,39,-32,-34,61,15
2020/08/10 00:17:37.497,39,-32,-34,61,17
2020/08/10 00:17:37.573,39,-32,-34,61,14
2020/08/10 00:17:37.632,39,-32,-34,61,28
2020/08/10 00:17:37.683,39,-32,-34,61,20
2020/08/10 00:17:37.732,39,-32,-34,61,26
2020/08/10 00:17:37.801,39,-32,-34,61,12
2020/08/10 00:17:37.852,39,-32,-34,61,38
2020/08/10 00:17:37.899,39,-32,-34,61,28
2020/08/10 00:17:37.947,39,-32,-34,61,23
2020/08/10 00:17:38.007,39,-32,-34,61,21
2020/08/10 00:17:38.071,39,-32,-34,61,10
2020/08/10 00:17:38.135,39,-32,-34,61,15
2020/08/10 00:17:38.205,39,-32,-34,61,23
2020/08/10 00:17:38.265,39,-32,-34,61,37
2020/08/10 00:17:38.319,39,-32,-34,61,36
2020/08/10 00:17:38.386,39,-32,-34,61,27
2020/08/10 00:17:38.447,39,-32,-34,61,31
2020/08/10 00:17:38.559,39,-32,-34,61,18
2020/08/10 00:17:38.657,39,-32,-34,61,33
2020/08/10 00:17:38.700,39,-32,-34,61,6
2020/08/10 00:17:38.749,39,-32,-34,61,17
2020/08/10 00:17:38.813,39,-32,-34,61,15
2020/08/10 00:17:38.878,39,-32,-34,61,23
2020/08/10 00:17:38.950,39,-32,-34,61,11
2020/08/10 00:17:39.009,39,-32,-34,61,25
2020/08/10 00:17:39.052,39,-32,-34,61,19
2020/08/10 00:17:39.095,39,-32,-34,61,15
2020/08/10 00:17:39.138,39,-32,-34,61,0
2020/08/10 00:17:39.183,39,-32,-34,61,17
2020/08/10 00:17:39.237,39,-32,-34,61,6
2020/08/10 00:17:39.310,39,-32,-34,61,7
2020/08/10 00:17:39.377,39,-32,-34,61,20
2020/08/10 00:17:39.449,39,-32,-34,61,12
2020/08/10 00:17:39.517,39,-32,-34,61,10
2020/08/10 00:17:39.578,39,-32,-34,61,26
2020/08/10 00:17:39.638,39,-32,-34,61,14
2020/08/10 00:17:39.686,39,-32,-34,61,12
2020/08/10 00:17:39.732,39,-32,-34,61,22
2020/08/10 00:17:39.775,39,-32,-34,61,30
2020/08/10 00:17:39.820,39,-32,-34,61,15
2020/08/10 00:17:39.868,39,-32,-34,61,20
2020/08/10 00:17:39.945,39,-32,-34,61,19
2020/08/10 00:17:40.004,39,-32,-34,61,30
2020/08/10 00:17:40.057,39,-32,-34,61,26
2020/08/10 00:17:40.114,39,-32,-34,61,35
2020/08/10 00:17:40.187,39,-32,-34,61,28
2020/08/10 00:17:40.243,39,-32,-34,61,47
2020/08/10 00:17:40.299,39,-32,-34,61,29
2020/08/10 00:17:40.345,39,-32,-34,61,53
2020/08/10 00:17:40.395,39,-32,-34,61,25
2020/08/10 00:17:40.443,39,-32,-34,61,40
2020/08/10 00:17:40.492,39,-32,-34,61,27
2020/08/10 00:17:40.549,39,-32,-34,61,24
2020/08/10 00:17:40.602,39,-32,-34,61,38
2020/08/10 00:17:40.648,39,-32,-34,61,33
2020/08/10 00:17:40.696,39,-32,-34,61,26
2020/08/10 00:17:40.747,39,-32,-34,61,19
2020/08/10 00:17:40.794,39,-32,-34,61,32
2020/08/10 00:17:40.841,39,-32,-34,61,26
2020/08/10 00:17:40.891,39,-32,-34,61,40
2020/08/10 00:17:40.936,39,-32,-34,61,19
2020/08/10 00:17:40.979,39,-32,-34,61,5
2020/08/10 00:17:41.023,39,-32,-34,61,6
2020/08/10 00:17:41.078,39,-32,-34,61,9
2020/08/10 00:17:41.136,39,-32,-34,61,30
2020/08/10 00:17:41.191,39,-32,-34,61,36
2020/08/10 00:17:41.244,39,-32,-34,61,53
2020/08/10 00:17:41.294,39,-32,-34,61,34
2020/08/10 00:17:41.348,39,-32,-34,61,39
2020/08/10 00:17:41.397,39,-32,-34,61,39
2020/08/10 00:17:41.447,39,-32,-34,61,32
2020/08/10 00:17:41.493,39,-32,-34,61,37
2020/08/10 00:17:41.537,39,-32,-34,61,35
2020/08/10 00:17:41.583,39,-32,-34,61,34
2020/08/10 00:17:41.632,39,-32,-34,61,27
2020/08/10 00:17:41.680,39,-32,-34,61,25
2020/08/10 00:17:41.729,39,-32,-34,61,25
2020/08/10 00:17:41.782,39,-32,-34,61,57
2020/08/10 00:17:41.837,39,-32,-34,61,68
2020/08/10 00:17:41.887,39,-32,-34,61,53
2020/08/10 00:17:41.932,39,-32,-34,61,48
2020/08/10 00:17:41.986,39,-32,-34,61,39
2020/08/10 00:17:42.032,39,-32,-34,61,31
2020/08/10 00:17:42.077,39,-32,-34,61,33
2020/08/10 00:17:42.122,39,-32,-34,61,16
2020/08/10 00:17:42.174,39,-32,-34,61,10
2020/08/10 00:17:42.225,39,-32,-34,61,49
2020/08/10 00:17:42.272,39,-32,-34,61,50
2020/08/10 00:17:42.325,39,-32,-34,61,44
2020/08/10 00:17:42.372,39,-32,-34,61,46
2020/08/10 00:17:42.418,39,-32,-34,61,29
2020/08/10 00:17:42.473,39,-32,-34,61,12
2020/08/10 00:17:42.528,39,-32,-34,61,29
2020/08/10 00:17:42.575,39,-32,-34,61,10
2020/08/10 00:17:42.624,39,-32,-34,61,31
2020/08/10 00:17:42.677,39,-32,-34,61,23
2020/08/10 00:17:42.740,39,-32,-34,61,10
2020/08/10 00:17:42.799,39,-32,-34,61,22
2020/08/10 00:17:42.855,39,-32,-34,61,14
2020/08/10 00:17:42.918,39,-32,-34,61,10
2020/08/10 00:17:42.970,39,-32,-34,61,14
2020/08/10 00:17:43.029,39,-32,-34,61,10
2020/08/10 00:17:43.095,39,-32,-34,61,20
2020/08/10 00:17:43.156,39,-32,-34,61,9
2020/08/10 00:17:43.229,39,-32,-34,61,12
2020/08/10 00:17:43.292,39,-32,-34,61,6
2020/08/10 00:17:43.355,39,-32,-34,61,8
2020/08/10 00:17:43.425,39,-32,-34,61,8
2020/08/10 00:17:43.476,39,-32,-34,61,10
2020/08/10 00:17:43.548,39,-32,-34,61,12
2020/08/10 00:17:43.615,39,-32,-34,61,13
2020/08/10 00:17:43.697,39,-32,-34,61,18
2020/08/10 00:17:43.750,39,-32,-34,61,41
2020/08/10 00:17:43.798,39,-32,-34,61,40
2020/08/10 00:17:43.846,39,-32,-34,61,35
2020/08/10 00:17:43.895,39,-32,-34,61,20
2020/08/10 00:17:43.943,39,-32,-34,61,24
2020/08/10 00:17:43.994,39,-32,-34,61,28
2020/08/10 00:17:44.039,39,-32,-34,61,26
2020/08/10 00:17:44.084,39,-32,-34,61,23
2020/08/10 00:17:44.126,39,-32,-34,61,20
2020/08/10 00:17:44.170,39,-32,-34,61,15
2020/08/10 00:17:44.232,39,-32,-34,61,6
2020/08/10 00:17:44.295,39,-32,-34,61,15
2020/08/10 00:17:44.366,39,-32,-34,61,6
2020/08/10 00:17:44.419,39,-32,-34,61,12
2020/08/10 00:17:44.479,39,-32,-34,61,6
2020/08/10 00:17:44.531,39,-32,-34,61,8
2020/08/10 00:17:44.595,39,-32,-34,61,8
2020/08/10 00:17:44.646,39,-32,-34,61,12
2020/08/10 00:17:44.704,39,-32,-34,61,6
2020/08/10 00:17:44.754,39,-32,-34,61,33
2020/08/10 00:17:44.800,39,-32,-34,61,23
2020/08/10 00:17:44.850,39,-32,-34,61,39
2020/08/10 00:17:44.901,39,-32,-34,61,46
2020/08/10 00:17:44.946,39,-32,-34,61,39
2020/08/10 00:17:44.994,39,-32,-34,61,12
2020/08/10 00:17:45.044,39,-32,-34,61,40
2020/08/10 00:17:45.093,39,-32,-34,61,31
2020/08/10 00:17:45.141,39,-32,-34,61,20
2020/08/10 00:17:45.194,39,-32,-34,61,21
2020/08/10 00:17:45.240,39,-32,-34,61,34
2020/08/10 00:17:45.288,39,-32,-34,61,29
2020/08/10 00:17:45.333,39,-32,-34,61,23
2020/08/10 00:17:45.379,39,-32,-34,61,17
2020/08/10 00:17:45.430,39,-32,-34,61,31
2020/08/10 00:17:45.483,39,-32,-34,61,40
2020/08/10 00:17:45.531,39,-32,-34,61,36
2020/08/10 00:17:45.576,39,-32,-34,61,39
2020/08/10 00:17:45.626,39,-32,-34,61,27
2020/08/10 00:17:45.671,39,-32,-34,61,44
2020/08/10 00:17:45.718,39,-32,-34,61,20
2020/08/10 00:17:45.763,39,-32,-34,61,13
2020/08/10 00:17:45.814,39,-32,-34,61,35
2020/08/10 00:17:45.862,39,-32,-34,61,20
2020/08/10 00:17:45.907,39,-32,-34,61,23
2020/08/10 00:17:45.953,39,-32,-34,61,36
2020/08/10 00:17:45.999,39,-32,-34,61,32
2020/08/10 00:17:46.045,39,-32,-34,61,25
2020/08/10 00:17:46.091,39,-32,-34,61,15
2020/08/10 00:17:46.137,39,-32,-34,61,25
2020/08/10 00:17:46.184,39,-32,-34,61,42
2020/08/10 00:17:46.231,39,-32,-34,61,29
2020/08/10 00:17:46.279,39,-32,-34,61,34
2020/08/10 00:17:46.330,39,-32,-34,61,34
2020/08/10 00:17:46.380,39,-32,-34,61,36
2020/08/10 00:17:46.433,39,-32,-34,61,29
2020/08/10 00:17:46.484,39,-32,-34,61,23
2020/08/10 00:17:46.533,39,-32,-34,61,33
2020/08/10 00:17:46.581,39,-32,-34,61,23
2020/08/10 00:17:46.633,39,-32,-34,61,40
2020/08/10 00:17:46.680,39,-32,-34,61,43
2020/08/10 00:17:46.728,39,-32,-34,61,36
2020/08/10 00:17:46.776,39,-32,-34,61,40
2020/08/10 00:17:46.828,39,-32,-34,61,32
2020/08/10 00:17:46.878,39,-32,-34,61,36
2020/08/10 00:17:46.926,39,-32,-34,61,28
2020/08/10 00:17:46.972,39,-32,-34,61,42
2020/08/10 00:17:47.016,39,-32,-34,61,35
2020/08/10 00:17:47.063,39,-32,-34,61,31
2020/08/10 00:17:47.111,39,-32,-34,61,23
2020/08/10 00:17:47.157,39,-32,-34,61,40
2020/08/10 00:17:47.212,39,-32,-34,61,26
2020/08/10 00:17:47.262,39,-32,-34,61,43
2020/08/10 00:17:47.309,39,-32,-34,61,24
2020/08/10 00:17:47.358,39,-32,-34,61,40
2020/08/10 00:17:47.404,39,-32,-34,61,28
2020/08/10 00:17:47.451,39,-32,-34,61,35
2020/08/10 00:17:47.499,39,-32,-34,61,12
2020/08/10 00:17:47.545,39,-32,-34,61,32
2020/08/10 00:17:47.593,39,-32,-34,61,15
2020/08/10 00:17:47.644,39,-32,-34,61,21
2020/08/10 00:17:47.698,39,-32,-34,61,25
2020/08/10 00:17:47.746,39,-32,-34,61,28
2020/08/10 00:17:47.793,39,-32,-34,61,30
2020/08/10 00:17:47.840,39,-32,-34,61,26
2020/08/10 00:17:47.884,39,-32,-34,61,25
2020/08/10 00:17:47.929,39,-32,-34,61,23
2020/08/10 00:17:47.976,39,-32,-34,61,21
2020/08/10 00:17:48.024,39,-32,-34,61,20
2020/08/10 00:17:48.068,39,-32,-34,61,34
2020/08/10 00:17:48.115,39,-32,-34,61,31
2020/08/10 00:17:48.167,39,-32,-34,61,32
2020/08/10 00:17:48.216,39,-32,-34,61,43
2020/08/10 00:17:48.264,39,-32,-34,61,57
2020/08/10 00:17:48.311,39,-32,-34,61,29
2020/08/10 00:17:48.358,39,-32,-34,61,28
2020/08/10 00:17:48.407,39,-32,-34,61,32
2020/08/10 00:17:48.453,39,-32,-34,61,39
2020/08/10 00:17:48.499,39,-32,-34,61,36
2020/08/10 00:17:48.548,39,-32,-34,61,26
2020/08/10 00:17:48.598,39,-32,-34,61,22
2020/08/10 00:17:48.645,39,-32,-34,61,33
2020/08/10 00:17:48.694,39,-32,-34,61,31
2020/08/10 00:17:48.739,39,-32,-34,61,24
2020/08/10 00:17:48.785,39,-32,-34,61,36
2020/08/10 00:17:48.832,39,-32,-34,61,32
2020/08/10 00:17:48.883,39,-32,-34,61,28
2020/08/10 00:17:48.931,39,-32,-34,61,26
2020/08/10 00:17:48.983,39,-32,-34,61,34
2020/08/10 00:17:49.041,39,-32,-34,61,23
2020/08/10 00:17:49.090,39,-32,-34,61,31
2020/08/10 00:17:49.136,39,-32,-34,61,33
2020/08/10 00:17:49.182,39,-32,-34,61,27
2020/08/10 00:17:49.230,39,-32,-34,61,43
2020/08/10 00:17:49.278,39,-32,-34,61,36
2020/08/10 00:17:49.327,39,-32,-34,61,35
2020/08/10 00:17:49.375,39,-32,-34,61,33
2020/08/10 00:17:49.423,39,-32,-34,61,28
2020/08/10 00:17:49.467,39,-32,-34,61,30
2020/08/10 00:17:49.514,39,-32,-34,61,33
2020/08/10 00:17:49.560,39,-32,-34,61,26
2020/08/10 00:17:49.607,39,-32,-34,61,33
2020/08/10 00:17:49.653,39,-32,-34,61,35
2020/08/10 00:17:49.699,39,-32,-34,61,34
2020/08/10 00:17:49.748,39,-32,-34,61,27
2020/08/10 00:17:49.793,39,-32,-34,61,12
2020/08/10 00:17:49.848,39,-32,-34,61,28
2020/08/10 00:17:49.897,39,-32,-34,61,67
2020/08/10 00:17:49.950,39,-32,-34,61,39
2020/08/10 00:17:50.002,39,-32,-34,61,46
2020/08/10 00:17:50.048,39,-32,-34,61,41
2020/08/10 00:17:50.096,39,-32,-34,61,15
2020/08/10 00:17:50.147,39,-32,-34,61,40
2020/08/10 00:17:50.196,39,-32,-34,61,57
2020/08/10 00:17:50.245,39,-32,-34,61,50
2020/08/10 00:17:50.299,39,-32,-34,61,51
2020/08/10 00:17:50.349,39,-32,-34,61,28
2020/08/10 00:17:50.397,39,-32,-34,61,35
2020/08/10 00:17:50.446,39,-32,-34,61,18
2020/08/10 00:17:50.491,39,-32,-34,61,36
2020/08/10 00:17:50.541,39,-32,-34,61,26
2020/08/10 00:17:50.588,39,-32,-34,61,25
2020/08/10 00:17:50.638,39,-32,-34,61,34
2020/08/10 00:17:50.686,39,-32,-34,61,36
2020/08/10 00:17:50.730,39,-32,-34,61,38
2020/08/10 00:17:50.778,39,-32,-34,61,25
2020/08/10 00:17:50.828,39,-32,-34,61,34
2020/08/10 00:17:50.875,39,-32,-34,61,26
2020/08/10 00:17:50.923,39,-32,-34,61,36
2020/08/10 00:17:50.969,39,-32,-34,61,27
2020/08/10 00:17:51.022,39,-32,-34,61,29
2020/08/10 00:17:51.066,39,-32,-34,61,27
2020/08/10 00:17:51.110,39,-32,-34,61,2
2020/08/10 00:17:51.180,39,-32,-34,61,15
2020/08/10 00:17:51.224,39,-32,-34,61,14
2020/08/10 00:17:51.282,39,-32,-34,61,4
2020/08/10 00:17:51.344,39,-32,-34,61,23
2020/08/10 00:17:51.411,39,-32,-34,61,15
2020/08/10 00:17:51.466,39,-32,-34,61,31
2020/08/10 00:17:51.517,39,-32,-34,61,27
2020/08/10 00:17:51.562,39,-32,-34,61,25
2020/08/10 00:17:51.606,39,-32,-34,61,17
2020/08/10 00:17:51.650,39,-32,-34,61,28
2020/08/10 00:17:51.696,39,-32,-34,61,33
2020/08/10 00:17:51.745,39,-32,-34,61,25
2020/08/10 00:17:51.793,39,-32,-34,61,37
2020/08/10 00:17:51.853,39,-32,-34,61,36
2020/08/10 00:17:51.899,39,-32,-34,61,22
2020/08/10 00:17:51.947,39,-32,-34,61,24
2020/08/10 00:17:51.993,39,-32,-34,61,23
2020/08/10 00:17:52.045,39,-32,-34,61,26
2020/08/10 00:17:52.098,39,-32,-34,61,2
2020/08/10 00:17:52.147,39,-32,-34,61,32
2020/08/10 00:17:52.195,39,-32,-34,61,14
2020/08/10 00:17:52.242,39,-32,-34,61,25
2020/08/10 00:17:52.293,39,-32,-34,61,8
2020/08/10 00:17:52.355,39,-32,-34,61,20
2020/08/10 00:17:52.428,39,-32,-34,61,8
2020/08/10 00:17:52.494,39,-32,-34,61,11
2020/08/10 00:17:52.556,39,-32,-34,61,9
2020/08/10 00:17:52.629,39,-32,-34,61,12
2020/08/10 00:17:52.696,39,-32,-34,61,15
2020/08/10 00:17:52.771,39,-32,-34,61,12
2020/08/10 00:17:52.819,39,-32,-34,61,25
2020/08/10 00:17:52.880,39,-32,-34,61,11
2020/08/10 00:17:52.942,39,-32,-34,61,16
2020/08/10 00:17:52.990,39,-32,-34,61,28
2020/08/10 00:17:53.036,39,-32,-34,61,29
2020/08/10 00:17:53.082,39,-32,-34,61,17
2020/08/10 00:17:53.132,39,-32,-34,61,6
2020/08/10 00:17:53.198,39,-32,-34,61,6
2020/08/10 00:17:53.248,39,-32,-34,61,28
2020/08/10 00:17:53.293,39,-32,-34,61,24
2020/08/10 00:17:53.344,39,-32,-34,61,35
2020/08/10 00:17:53.390,39,-32,-34,61,36
2020/08/10 00:17:53.450,39,-32,-34,61,59
2020/08/10 00:17:53.498,39,-32,-34,61,28
2020/08/10 00:17:53.545,39,-32,-34,61,41
2020/08/10 00:17:53.592,39,-32,-34,61,30
2020/08/10 00:17:53.637,39,-32,-34,61,44
2020/08/10 00:17:53.683,39,-32,-34,61,24
2020/08/10 00:17:53.726,39,-32,-34,61,32
2020/08/10 00:17:53.769,39,-32,-34,61,25
2020/08/10 00:17:53.814,39,-32,-34,61,27
2020/08/10 00:17:53.857,39,-32,-34,61,6
2020/08/10 00:17:53.904,39,-32,-34,61,12
2020/08/10 00:17:53.954,39,-32,-34,61,6
2020/08/10 00:17:54.017,39,-32,-34,61,15
2020/08/10 00:17:54.095,39,-32,-34,61,19
2020/08/10 00:17:54.141,39,-32,-34,61,23
2020/08/10 00:17:54.192,39,-32,-34,61,35
2020/08/10 00:17:54.236,39,-32,-34,61,24
2020/08/10 00:17:54.280,39,-32,-34,61,6
2020/08/10 00:17:54.332,39,-32,-34,61,17
2020/08/10 00:17:54.395,39,-32,-34,61,3
2020/08/10 00:17:54.465,39,-32,-34,61,12
2020/08/10 00:17:54.511,39,-32,-34,61,25
2020/08/10 00:17:54.562,39,-32,-34,61,28
2020/08/10 00:17:54.610,39,-32,-34,61,29
2020/08/10 00:17:54.659,39,-32,-34,61,24
2020/08/10 00:17:54.708,39,-32,-34,61,27
2020/08/10 00:17:54.753,39,-32,-34,61,33
2020/08/10 00:17:54.798,39,-32,-34,61,20
2020/08/10 00:17:54.842,39,-32,-34,61,8
2020/08/10 00:17:54.901,39,-32,-34,61,10
2020/08/10 00:17:54.961,39,-32,-34,61,14
2020/08/10 00:17:55.025,39,-32,-34,61,9
2020/08/10 00:17:55.076,39,-32,-34,61,25
2020/08/10 00:17:55.124,39,-32,-34,61,37
2020/08/10 00:17:55.172,39,-32,-34,61,7
2020/08/10 00:17:55.229,39,-32,-34,61,19
2020/08/10 00:17:55.278,39,-32,-34,61,27
2020/08/10 00:17:55.326,39,-32,-34,61,33
2020/08/10 00:17:55.373,39,-32,-34,61,17
2020/08/10 00:17:55.417,39,-32,-34,61,14
2020/08/10 00:17:55.461,39,-32,-34,61,8
2020/08/10 00:17:55.508,39,-32,-34,61,12
2020/08/10 00:17:55.575,39,-32,-34,61,6
2020/08/10 00:17:55.628,39,-32,-34,61,21
2020/08/10 00:17:55.677,39,-32,-34,61,27
2020/08/10 00:17:55.720,39,-32,-34,61,28
2020/08/10 00:17:55.772,39,-32,-34,61,6
2020/08/10 00:17:55.847,39,-32,-34,61,6
2020/08/10 00:17:55.921,39,-32,-34,61,15
2020/08/10 00:17:55.969,39,-32,-34,61,25
2020/08/10 00:17:56.032,39,-32,-34,61,0
2020/08/10 00:17:56.089,39,-32,-34,61,13
2020/08/10 00:17:56.156,39,-32,-34,61,10
2020/08/10 00:17:56.227,39,-32,-34,61,4
2020/08/10 00:17:56.278,39,-32,-34,61,12
2020/08/10 00:17:56.348,39,-32,-34,61,8
2020/08/10 00:17:56.411,39,-32,-34,61,10
2020/08/10 00:17:56.472,39,-32,-34,61,9
2020/08/10 00:17:56.535,39,-32,-34,61,12
2020/08/10 00:17:56.613,39,-32,-34,61,11
2020/08/10 00:17:56.665,39,-32,-34,61,25
2020/08/10 00:17:56.714,39,-32,-34,61,19
2020/08/10 00:17:56.756,39,-32,-34,61,18
2020/08/10 00:17:56.801,39,-32,-34,61,6
2020/08/10 00:17:56.850,39,-32,-34,61,8
2020/08/10 00:17:56.919,39,-32,-34,61,12
2020/08/10 00:17:56.979,39,-32,-34,61,28
2020/08/10 00:17:57.030,39,-32,-34,61,21
2020/08/10 00:17:57.073,39,-32,-34,61,28
2020/08/10 00:17:57.118,39,-32,-34,61,0
2020/08/10 00:17:57.164,39,-32,-34,61,15
2020/08/10 00:17:57.213,39,-32,-34,61,26
2020/08/10 00:17:57.277,39,-32,-34,61,10
2020/08/10 00:17:57.330,39,-32,-34,61,26
2020/08/10 00:17:57.394,39,-32,-34,61,6
2020/08/10 00:17:57.471,39,-32,-34,61,11
2020/08/10 00:17:57.535,39,-32,-34,61,11
2020/08/10 00:17:57.608,39,-32,-34,61,9
2020/08/10 00:17:57.671,39,-32,-34,61,10
2020/08/10 00:17:57.734,39,-32,-34,61,14
2020/08/10 00:17:57.807,39,-32,-34,61,9
2020/08/10 00:17:57.860,39,-32,-34,61,15
2020/08/10 00:17:57.905,39,-32,-34,61,13
2020/08/10 00:17:57.956,39,-32,-34,61,8
2020/08/10 00:17:58.008,39,-32,-34,61,27
2020/08/10 00:17:58.061,39,-32,-34,61,20
2020/08/10 00:17:58.108,39,-32,-34,61,30
2020/08/10 00:17:58.157,39,-32,-34,61,35
2020/08/10 00:17:58.204,39,-32,-34,61,30
2020/08/10 00:17:58.249,39,-32,-34,61,22
2020/08/10 00:17:58.293,39,-32,-34,61,25
2020/08/10 00:17:58.342,39,-32,-34,61,11
2020/08/10 00:17:58.406,39,-32,-34,61,13
2020/08/10 00:17:58.477,39,-32,-34,61,15
2020/08/10 00:17:58.522,39,-32,-34,61,27
2020/08/10 00:17:58.565,39,-32,-34,61,26
2020/08/10 00:17:58.615,39,-32,-34,61,6
2020/08/10 00:17:58.683,39,-32,-34,61,10
2020/08/10 00:17:58.738,39,-32,-34,61,27
2020/08/10 00:17:58.790,39,-32,-34,61,30
2020/08/10 00:17:58.843,39,-32,-34,61,57
2020/08/10 00:17:58.887,39,-32,-34,61,23
2020/08/10 00:17:58.932,39,-32,-34,61,18
2020/08/10 00:17:58.977,39,-32,-34,61,31
2020/08/10 00:17:59.028,39,-32,-34,61,33
2020/08/10 00:17:59.075,39,-32,-34,61,21
2020/08/10 00:17:59.126,39,-32,-34,61,32
2020/08/10 00:17:59.174,39,-32,-34,61,43
2020/08/10 00:17:59.219,39,-32,-34,61,32
2020/08/10 00:17:59.268,39,-32,-34,61,36
2020/08/10 00:17:59.315,39,-32,-34,61,12
2020/08/10 00:17:59.362,39,-32,-34,61,33
2020/08/10 00:17:59.407,39,-32,-34,61,12
2020/08/10 00:17:59.451,39,-32,-34,61,30
2020/08/10 00:17:59.494,39,-32,-34,61,2
2020/08/10 00:17:59.537,39,-32,-34,61,12
2020/08/10 00:17:59.581,39,-32,-34,61,0
2020/08/10 00:17:59.628,39,-32,-34,61,10
2020/08/10 00:17:59.693,39,-32,-34,61,0
2020/08/10 00:17:59.758,39,-32,-34,61,12
2020/08/10 00:17:59.814,39,-32,-34,61,23
2020/08/10 00:17:59.863,39,-32,-34,61,15
2020/08/10 00:17:59.914,39,-32,-34,61,13
2020/08/10 00:17:59.988,39,-32,-34,61,18
2020/08/10 00:18:00.040,39,-32,-34,61,22
2020/08/10 00:18:00.083,39,-32,-34,61,30
2020/08/10 00:18:00.127,39,-32,-34,61,27
2020/08/10 00:18:00.169,39,-32,-34,61,21
2020/08/10 00:18:00.212,39,-32,-34,61,18
2020/08/10 00:18:00.255,39,-32,-34,61,18
2020/08/10 00:18:00.298,39,-32,-34,61,25
2020/08/10 00:18:00.340,39,-32,-34,61,11
2020/08/10 00:18:00.389,39,-32,-34,61,12
2020/08/10 00:18:00.453,39,-32,-34,61,4
2020/08/10 00:18:00.516,39,-32,-34,61,14
2020/08/10 00:18:00.589,39,-32,-34,61,8
2020/08/10 00:18:00.644,39,-32,-34,61,22
2020/08/10 00:18:00.696,39,-32,-34,61,12
2020/08/10 00:18:00.767,39,-32,-34,61,9
2020/08/10 00:18:00.835,39,-32,-34,61,12
2020/08/10 00:18:00.910,39,-32,-34,61,7
2020/08/10 00:18:00.974,39,-32,-34,61,19
2020/08/10 00:18:01.035,39,-32,-34,61,14
2020/08/10 00:18:01.107,39,-32,-34,61,6
2020/08/10 00:18:01.163,39,-32,-34,61,15
2020/08/10 00:18:01.216,39,-32,-34,61,6
2020/08/10 00:18:01.289,39,-32,-34,61,18
2020/08/10 00:18:01.353,39,-32,-34,61,6
2020/08/10 00:18:01.417,39,-32,-34,61,8
2020/08/10 00:18:01.469,39,-32,-34,61,17
2020/08/10 00:18:01.532,39,-32,-34,61,6
2020/08/10 00:18:01.596,39,-32,-34,61,7
2020/08/10 00:18:01.669,39,-32,-34,61,15
2020/08/10 00:18:01.733,39,-32,-34,61,6
2020/08/10 00:18:01.796,39,-32,-34,61,15
2020/08/10 00:18:01.867,39,-32,-34,61,14
2020/08/10 00:18:01.936,39,-32,-34,61,13
2020/08/10 00:18:01.989,39,-32,-34,61,13
2020/08/10 00:18:02.053,39,-32,-34,61,8
2020/08/10 00:18:02.115,39,-32,-34,61,12
2020/08/10 00:18:02.188,39,-32,-34,61,9
2020/08/10 00:18:02.240,39,-32,-34,61,7
2020/08/10 00:18:02.307,39,-32,-34,61,14
2020/08/10 00:18:02.355,39,-32,-34,61,19
2020/08/10 00:18:02.416,39,-32,-34,61,12
2020/08/10 00:18:02.467,39,-32,-34,61,13
2020/08/10 00:18:02.520,39,-32,-34,61,20
2020/08/10 00:18:02.581,39,-32,-34,61,8
2020/08/10 00:18:02.635,39,-32,-34,61,8
2020/08/10 00:18:02.707,39,-32,-34,61,6
2020/08/10 00:18:02.771,39,-32,-34,61,14
2020/08/10 00:18:02.835,39,-32,-34,61,6
2020/08/10 00:18:02.909,39,-32,-34,61,8
2020/08/10 00:18:02.974,39,-32,-34,61,11
2020/08/10 00:18:03.035,39,-32,-34,61,12
2020/08/10 00:18:03.107,39,-32,-34,61,8
2020/08/10 00:18:03.163,39,-32,-34,61,14
2020/08/10 00:18:03.223,39,-32,-34,61,20
2020/08/10 00:18:03.279,39,-32,-34,61,6
2020/08/10 00:18:03.336,39,-32,-34,61,10
2020/08/10 00:18:03.388,39,-32,-34,61,4
2020/08/10 00:18:03.452,39,-32,-34,61,12
2020/08/10 00:18:03.516,39,-32,-34,61,14
2020/08/10 00:18:03.588,39,-32,-34,61,12
2020/08/10 00:18:03.651,39,-32,-34,61,8
2020/08/10 00:18:03.714,39,-32,-34,61,14
2020/08/10 00:18:03.776,39,-32,-34,61,6
2020/08/10 00:18:03.849,39,-32,-34,61,6
2020/08/10 00:18:03.913,39,-32,-34,61,20
2020/08/10 00:18:03.975,39,-32,-34,61,14
2020/08/10 00:18:04.048,39,-32,-34,61,9
2020/08/10 00:18:04.111,39,-32,-34,61,14
2020/08/10 00:18:04.176,39,-32,-34,61,7
2020/08/10 00:18:04.251,39,-32,-34,61,18
2020/08/10 00:18:04.320,39,-32,-34,61,7
2020/08/10 00:18:04.381,39,-32,-34,61,17
2020/08/10 00:18:04.439,39,-32,-34,61,12
2020/08/10 00:18:04.498,39,-32,-34,61,14
2020/08/10 00:18:04.553,39,-32,-34,61,10
2020/08/10 00:18:04.616,39,-32,-34,61,12
2020/08/10 00:18:04.688,39,-32,-34,61,6
2020/08/10 00:18:04.751,39,-32,-34,61,10
2020/08/10 00:18:04.815,39,-32,-34,61,8
2020/08/10 00:18:04.888,39,-32,-34,61,17
2020/08/10 00:18:04.951,39,-32,-34,61,12
2020/08/10 00:18:05.015,39,-32,-34,61,6
2020/08/10 00:18:05.088,39,-32,-34,61,12
2020/08/10 00:18:05.152,39,-32,-34,61,12
2020/08/10 00:18:05.218,39,-32,-34,61,8
2020/08/10 00:18:05.288,39,-32,-34,61,9
2020/08/10 00:18:05.351,39,-32,-34,61,18
2020/08/10 00:18:05.414,39,-32,-34,61,6
2020/08/10 00:18:05.476,39,-32,-34,61,6
2020/08/10 00:18:05.547,39,-32,-34,61,18
2020/08/10 00:18:05.599,39,-32,-34,61,7
2020/08/10 00:18:05.659,39,-32,-34,61,12
2020/08/10 00:18:05.716,39,-32,-34,61,14
2020/08/10 00:18:05.768,39,-32,-34,61,8
2020/08/10 00:18:05.816,39,-32,-34,61,20
2020/08/10 00:18:05.887,39,-32,-34,61,10
2020/08/10 00:18:05.939,39,-32,-34,61,8
2020/08/10 00:18:06.000,39,-32,-34,61,8
2020/08/10 00:18:06.059,39,-32,-34,61,6
2020/08/10 00:18:06.112,39,-32,-34,61,6
2020/08/10 00:18:06.177,39,-32,-34,61,12
2020/08/10 00:18:06.239,39,-32,-34,61,18
2020/08/10 00:18:06.296,39,-32,-34,61,6
2020/08/10 00:18:06.368,39,-32,-34,61,8
2020/08/10 00:18:06.433,39,-32,-34,61,8
2020/08/10 00:18:06.495,39,-32,-34,61,14
2020/08/10 00:18:06.567,39,-32,-34,61,15
2020/08/10 00:18:06.619,39,-32,-34,61,9
2020/08/10 00:18:06.679,39,-32,-34,61,8
2020/08/10 00:18:06.736,39,-32,-34,61,12
2020/08/10 00:18:06.788,39,-32,-34,61,6
2020/08/10 00:18:06.851,39,-32,-34,61,6
2020/08/10 00:18:06.915,39,-32,-34,61,12
2020/08/10 00:18:06.976,39,-32,-34,61,11
2020/08/10 00:18:07.048,39,-32,-34,61,10
2020/08/10 00:18:07.111,39,-32,-34,61,14
2020/08/10 00:18:07.175,39,-32,-34,61,9
2020/08/10 00:18:07.248,39,-32,-34,61,10
2020/08/10 00:18:07.313,39,-32,-34,61,6
2020/08/10 00:18:07.375,39,-32,-34,61,16
2020/08/10 00:18:07.447,39,-32,-34,61,11
2020/08/10 00:18:07.500,39,-32,-34,61,9
2020/08/10 00:18:07.560,39,-32,-34,61,6
2020/08/10 00:18:07.618,39,-32,-34,61,6
2020/08/10 00:18:07.671,39,-32,-34,61,12
2020/08/10 00:18:07.734,39,-32,-34,61,3
2020/08/10 00:18:07.796,39,-32,-34,61,15
2020/08/10 00:18:07.868,39,-32,-34,61,10
2020/08/10 00:18:07.932,39,-32,-34,61,8
2020/08/10 00:18:07.996,39,-32,-34,61,14
2020/08/10 00:18:08.068,39,-32,-34,61,9
2020/08/10 00:18:08.131,39,-32,-34,61,8
2020/08/10 00:18:08.209,39,-32,-34,61,14
2020/08/10 00:18:08.275,39,-32,-34,61,8
2020/08/10 00:18:08.346,39,-32,-34,61,18
2020/08/10 00:18:08.399,39,-32,-34,61,9
2020/08/10 00:18:08.472,39,-32,-34,61,12
2020/08/10 00:18:08.539,39,-32,-34,61,11
2020/08/10 00:18:08.610,39,-32,-34,61,25
2020/08/10 00:18:08.665,39,-32,-34,61,34
2020/08/10 00:18:08.714,39,-32,-34,61,40
2020/08/10 00:18:08.761,39,-32,-34,61,36
2020/08/10 00:18:08.809,39,-32,-34,61,46
2020/08/10 00:18:08.853,39,-32,-34,61,21
2020/08/10 00:18:08.899,39,-32,-34,61,34
2020/08/10 00:18:08.943,39,-32,-34,61,27
2020/08/10 00:18:08.988,39,-32,-34,61,21
2020/08/10 00:18:09.030,39,-32,-34,61,14
2020/08/10 00:18:09.074,39,-32,-34,61,14
2020/08/10 00:18:09.117,39,-32,-34,61,0
2020/08/10 00:18:09.161,39,-32,-34,61,12
2020/08/10 00:18:09.210,39,-32,-34,61,12
2020/08/10 00:18:09.282,39,-32,-34,61,6
2020/08/10 00:18:09.339,39,-32,-34,61,20
2020/08/10 00:18:09.404,39,-32,-34,61,17
2020/08/10 00:18:09.469,39,-32,-34,61,20
2020/08/10 00:18:09.543,39,-32,-34,61,21
2020/08/10 00:18:09.608,39,-32,-34,61,24
2020/08/10 00:18:09.673,39,-32,-34,61,6
2020/08/10 00:18:09.736,39,-32,-34,61,16
2020/08/10 00:18:09.807,39,-32,-34,61,12
2020/08/10 00:18:09.859,39,-32,-34,61,6
2020/08/10 00:18:09.919,39,-32,-34,61,12
2020/08/10 00:18:09.976,39,-32,-34,61,10
2020/08/10 00:18:10.028,39,-32,-34,61,10
2020/08/10 00:18:10.095,39,-32,-34,61,6
2020/08/10 00:18:10.156,39,-32,-34,61,18
2020/08/10 00:18:10.214,39,-32,-34,61,14
2020/08/10 00:18:10.278,39,-32,-34,61,15
2020/08/10 00:18:10.340,39,-32,-34,61,11
2020/08/10 00:18:10.399,39,-32,-34,61,8
2020/08/10 00:18:10.447,39,-32,-34,61,18
2020/08/10 00:18:10.511,39,-32,-34,61,8
2020/08/10 00:18:10.579,39,-32,-34,61,8
2020/08/10 00:18:10.640,39,-32,-34,61,12
2020/08/10 00:18:10.699,39,-32,-34,61,6
2020/08/10 00:18:10.751,39,-32,-34,61,6
2020/08/10 00:18:10.815,39,-32,-34,61,12
2020/08/10 00:18:10.889,39,-32,-34,61,10
2020/08/10 00:18:10.953,39,-32,-34,61,11
2020/08/10 00:18:11.017,39,-32,-34,61,6
2020/08/10 00:18:11.088,39,-32,-34,61,21
2020/08/10 00:18:11.154,39,-32,-34,61,6
2020/08/10 00:18:11.216,39,-32,-34,61,8
2020/08/10 00:18:11.287,39,-32,-34,61,8
2020/08/10 00:18:11.351,39,-32,-34,61,6
2020/08/10 00:18:11.414,39,-32,-34,61,24
2020/08/10 00:18:11.486,39,-32,-34,61,8
2020/08/10 00:18:11.539,39,-32,-34,61,21
2020/08/10 00:18:11.608,39,-32,-34,61,8
2020/08/10 00:18:11.673,39,-32,-34,61,7
2020/08/10 00:18:11.735,39,-32,-34,61,6
2020/08/10 00:18:11.806,39,-32,-34,61,15
2020/08/10 00:18:11.858,39,-32,-34,61,8
2020/08/10 00:18:11.928,39,-32,-34,61,20
2020/08/10 00:18:11.992,39,-32,-34,61,9
2020/08/10 00:18:12.055,39,-32,-34,61,6
2020/08/10 00:18:12.126,39,-32,-34,61,18
2020/08/10 00:18:12.179,39,-32,-34,61,6
2020/08/10 00:18:12.239,39,-32,-34,61,14
2020/08/10 00:18:12.297,39,-32,-34,61,6
2020/08/10 00:18:12.350,39,-32,-34,61,8
2020/08/10 00:18:12.413,39,-32,-34,61,8
2020/08/10 00:18:12.476,39,-32,-34,61,14
2020/08/10 00:18:12.532,39,-32,-34,61,14
2020/08/10 00:18:12.576,39,-32,-34,61,12
2020/08/10 00:18:12.644,39,-32,-34,61,28
2020/08/10 00:18:12.686,39,-32,-34,61,12
2020/08/10 00:18:12.729,39,-32,-34,61,6
2020/08/10 00:18:12.791,39,-32,-34,61,12
2020/08/10 00:18:12.854,39,-32,-34,61,9
2020/08/10 00:18:12.926,39,-32,-34,61,6
2020/08/10 00:18:12.978,39,-32,-34,61,12
2020/08/10 00:18:13.049,39,-32,-34,61,6
2020/08/10 00:18:13.112,39,-32,-34,61,14
2020/08/10 00:18:13.176,39,-32,-34,61,10
2020/08/10 00:18:13.238,39,-32,-34,61,17
2020/08/10 00:18:13.290,39,-32,-34,61,13
2020/08/10 00:18:13.353,39,-32,-34,61,6
2020/08/10 00:18:13.415,39,-32,-34,61,10
2020/08/10 00:18:13.487,39,-32,-34,61,11
2020/08/10 00:18:13.539,39,-32,-34,61,17
2020/08/10 00:18:13.599,39,-32,-34,61,14
2020/08/10 00:18:13.657,39,-32,-34,61,6
2020/08/10 00:18:13.709,39,-32,-34,61,12
2020/08/10 00:18:13.773,39,-32,-34,61,6
2020/08/10 00:18:13.836,39,-32,-34,61,14
2020/08/10 00:18:13.908,39,-32,-34,61,7
2020/08/10 00:18:13.971,39,-32,-34,61,6
2020/08/10 00:18:14.034,39,-32,-34,61,6
2020/08/10 00:18:14.097,39,-32,-34,61,6
2020/08/10 00:18:14.168,39,-32,-34,61,9
2020/08/10 00:18:14.231,39,-32,-34,61,21
2020/08/10 00:18:14.298,39,-32,-34,61,6
2020/08/10 00:18:14.368,39,-32,-34,61,22
2020/08/10 00:18:14.435,39,-32,-34,61,8
2020/08/10 00:18:14.510,39,-32,-34,61,16
2020/08/10 00:18:14.573,39,-32,-34,61,16
2020/08/10 00:18:14.637,39,-32,-34,61,8
2020/08/10 00:18:14.698,39,-32,-34,61,14
2020/08/10 00:18:14.751,39,-32,-34,61,11
2020/08/10 00:18:14.805,39,-32,-34,61,8
2020/08/10 00:18:14.860,39,-32,-34,61,41
2020/08/10 00:18:14.906,39,-32,-34,61,41
2020/08/10 00:18:14.951,39,-32,-34,61,26
2020/08/10 00:18:15.000,39,-32,-34,61,40
2020/08/10 00:18:15.048,39,-32,-34,61,27
2020/08/10 00:18:15.096,39,-32,-34,61,21
2020/08/10 00:18:15.142,39,-32,-34,61,26
2020/08/10 00:18:15.189,39,-32,-34,61,26
2020/08/10 00:18:15.234,39,-32,-34,61,32
2020/08/10 00:18:15.280,39,-32,-34,61,17
2020/08/10 00:18:15.327,39,-32,-34,61,4
2020/08/10 00:18:15.376,39,-32,-34,61,20
2020/08/10 00:18:15.421,39,-32,-34,61,22
2020/08/10 00:18:15.468,39,-32,-34,61,30
2020/08/10 00:18:15.513,39,-32,-34,61,10
2020/08/10 00:18:15.558,39,-32,-34,61,29
2020/08/10 00:18:15.603,39,-32,-34,61,12
2020/08/10 00:18:15.652,39,-32,-34,61,12
2020/08/10 00:18:15.716,39,-32,-34,61,10
2020/08/10 00:18:15.785,39,-32,-34,61,12
2020/08/10 00:18:15.834,39,-32,-34,61,21
2020/08/10 00:18:15.902,39,-32,-34,61,10
2020/08/10 00:18:15.965,39,-32,-34,61,30
2020/08/10 00:18:16.022,39,-32,-34,61,16
2020/08/10 00:18:16.080,39,-32,-34,61,26
2020/08/10 00:18:16.141,39,-32,-34,61,17
2020/08/10 00:18:16.199,39,-32,-34,61,9
2020/08/10 00:18:16.260,39,-32,-34,61,25
2020/08/10 00:18:16.323,39,-32,-34,61,9
2020/08/10 00:18:16.381,39,-32,-34,61,12
2020/08/10 00:18:16.441,39,-32,-34,61,4
2020/08/10 00:18:16.500,39,-32,-34,61,18
2020/08/10 00:18:16.555,39,-32,-34,61,11
2020/08/10 00:18:16.619,39,-32,-34,61,12
2020/08/10 00:18:16.690,39,-32,-34,61,14
2020/08/10 00:18:16.737,39,-32,-34,61,22
2020/08/10 00:18:16.801,39,-32,-34,61,14
2020/08/10 00:18:16.860,39,-32,-34,61,11
2020/08/10 00:18:16.920,39,-32,-34,61,6
2020/08/10 00:18:16.980,39,-32,-34,61,18
2020/08/10 00:18:17.040,39,-32,-34,61,14
2020/08/10 00:18:17.100,39,-32,-34,61,10
2020/08/10 00:18:17.155,39,-32,-34,61,2
2020/08/10 00:18:17.229,39,-32,-34,61,6
2020/08/10 00:18:17.296,39,-32,-34,61,18
2020/08/10 00:18:17.370,39,-32,-34,61,17
2020/08/10 00:18:17.436,39,-32,-34,61,10
2020/08/10 00:18:17.509,39,-32,-34,61,13
2020/08/10 00:18:17.562,39,-32,-34,61,22
2020/08/10 00:18:17.607,39,-32,-34,61,18
2020/08/10 00:18:17.660,39,-32,-34,61,3
2020/08/10 00:18:17.705,39,-32,-34,61,30
2020/08/10 00:18:17.751,39,-32,-34,61,26
2020/08/10 00:18:17.799,39,-32,-34,61,37
2020/08/10 00:18:17.848,39,-32,-34,61,33
2020/08/10 00:18:17.895,39,-32,-34,61,32
2020/08/10 00:18:17.944,39,-32,-34,61,23
2020/08/10 00:18:17.994,39,-32,-34,61,31
2020/08/10 00:18:18.044,39,-32,-34,61,44
2020/08/10 00:18:18.094,39,-32,-34,61,23
2020/08/10 00:18:18.140,39,-32,-34,61,18
2020/08/10 00:18:18.199,39,-32,-34,61,30
2020/08/10 00:18:18.246,39,-32,-34,61,57
2020/08/10 00:18:18.294,39,-32,-34,61,21
2020/08/10 00:18:18.337,39,-32,-34,61,16
2020/08/10 00:18:18.390,39,-32,-34,61,6
2020/08/10 00:18:18.457,39,-32,-34,61,17
2020/08/10 00:18:18.504,39,-32,-34,61,18
2020/08/10 00:18:18.546,39,-32,-34,61,38
2020/08/10 00:18:18.592,39,-32,-34,61,18
2020/08/10 00:18:18.647,39,-32,-34,61,50
2020/08/10 00:18:18.697,39,-32,-34,61,35
2020/08/10 00:18:18.749,39,-32,-34,61,48
2020/08/10 00:18:18.795,39,-32,-34,61,45
2020/08/10 00:18:18.846,39,-32,-34,61,25
2020/08/10 00:18:18.904,39,-32,-34,61,17
2020/08/10 00:18:18.951,39,-32,-34,61,20
2020/08/10 00:18:18.997,39,-32,-34,61,24
2020/08/10 00:18:19.045,39,-32,-34,61,8
2020/08/10 00:18:19.091,39,-32,-34,61,24
2020/08/10 00:18:19.144,39,-32,-34,61,21
2020/08/10 00:18:19.193,39,-32,-34,61,29
2020/08/10 00:18:19.238,39,-32,-34,61,28
2020/08/10 00:18:19.284,39,-32,-34,61,32
2020/08/10 00:18:19.331,39,-32,-34,61,30
2020/08/10 00:18:19.379,39,-32,-34,61,33
2020/08/10 00:18:19.424,39,-32,-34,61,37
2020/08/10 00:18:19.471,39,-32,-34,61,21
2020/08/10 00:18:19.515,39,-32,-34,61,29
2020/08/10 00:18:19.558,39,-32,-34,61,8
2020/08/10 00:18:19.603,39,-32,-34,61,28
2020/08/10 00:18:19.665,39,-32,-34,61,8
2020/08/10 00:18:19.725,39,-32,-34,61,31
2020/08/10 00:18:19.776,39,-32,-34,61,32
2020/08/10 00:18:19.827,39,-32,-34,61,38
2020/08/10 00:18:19.894,39,-32,-34,61,15
2020/08/10 00:18:19.960,39,-32,-34,61,16
2020/08/10 00:18:20.019,39,-32,-34,61,27
2020/08/10 00:18:20.067,39,-32,-34,61,26
2020/08/10 00:18:20.115,39,-32,-34,61,41
2020/08/10 00:18:20.162,39,-32,-34,61,13
2020/08/10 00:18:20.207,39,-32,-34,61,39
2020/08/10 00:18:20.256,39,-32,-34,61,22
2020/08/10 00:18:20.310,39,-32,-34,61,52
2020/08/10 00:18:20.355,39,-32,-34,61,47
2020/08/10 00:18:20.401,39,-32,-34,61,21
2020/08/10 00:18:20.450,39,-32,-34,61,40
2020/08/10 00:18:20.495,39,-32,-34,61,21
2020/08/10 00:18:20.543,39,-32,-34,61,14
2020/08/10 00:18:20.589,39,-32,-34,61,22
2020/08/10 00:18:20.634,39,-32,-34,61,19
2020/08/10 00:18:20.680,39,-32,-34,61,23
2020/08/10 00:18:20.725,39,-32,-34,61,36
2020/08/10 00:18:20.771,39,-32,-34,61,26
2020/08/10 00:18:20.818,39,-32,-34,61,38
2020/08/10 00:18:20.866,39,-32,-34,61,34
2020/08/10 00:18:20.918,39,-32,-34,61,25
2020/08/10 00:18:20.967,39,-32,-34,61,33
2020/08/10 00:18:21.017,39,-32,-34,61,30
2020/08/10 00:18:21.063,39,-32,-34,61,37
2020/08/10 00:18:21.109,39,-32,-34,61,27
2020/08/10 00:18:21.156,39,-32,-34,61,27
2020/08/10 00:18:21.204,39,-32,-34,61,25
2020/08/10 00:18:21.249,39,-32,-34,61,34
2020/08/10 00:18:21.295,39,-32,-34,61,20
2020/08/10 00:18:21.341,39,-32,-34,61,21
2020/08/10 00:18:21.386,39,-32,-34,61,27
2020/08/10 00:18:21.431,39,-32,-34,61,28
2020/08/10 00:18:21.475,39,-32,-34,61,25
2020/08/10 00:18:21.522,39,-32,-34,61,28
2020/08/10 00:18:21.566,39,-32,-34,61,29
2020/08/10 00:18:21.611,39,-32,-34,61,12
2020/08/10 00:18:21.661,39,-32,-34,61,23
2020/08/10 00:18:21.709,39,-32,-34,61,24
2020/08/10 00:18:21.756,39,-32,-34,61,27
2020/08/10 00:18:21.800,39,-32,-34,61,20
2020/08/10 00:18:21.847,39,-32,-34,61,18
2020/08/10 00:18:21.891,39,-32,-34,61,17
2020/08/10 00:18:21.934,39,-32,-34,61,26
2020/08/10 00:18:21.978,39,-32,-34,61,6
2020/08/10 00:18:22.023,39,-32,-34,61,8
2020/08/10 00:18:22.076,39,-32,-34,61,12
2020/08/10 00:18:22.146,39,-32,-34,61,10
2020/08/10 00:18:22.215,39,-32,-34,61,23
2020/08/10 00:18:22.284,39,-32,-34,61,31
2020/08/10 00:18:22.342,39,-32,-34,61,22
2020/08/10 00:18:22.391,39,-32,-34,61,33
2020/08/10 00:18:22.436,39,-32,-34,61,27
2020/08/10 00:18:22.484,39,-32,-34,61,24
2020/08/10 00:18:22.536,39,-32,-34,61,30
2020/08/10 00:18:22.584,39,-32,-34,61,34
2020/08/10 00:18:22.635,39,-32,-34,61,29
2020/08/10 00:18:22.709,39,-32,-34,61,40
2020/08/10 00:18:22.760,39,-32,-34,61,61
2020/08/10 00:18:22.812,39,-32,-34,61,64
2020/08/10 00:18:22.858,39,-32,-34,61,47
2020/08/10 00:18:22.906,39,-32,-34,61,46
2020/08/10 00:18:22.952,39,-32,-34,61,58
2020/08/10 00:18:22.997,39,-32,-34,61,52
2020/08/10 00:18:23.043,39,-32,-34,61,42
2020/08/10 00:18:23.089,39,-32,-34,61,31
2020/08/10 00:18:23.133,39,-32,-34,61,25
2020/08/10 00:18:23.178,39,-32,-34,61,25
2020/08/10 00:18:23.232,39,-32,-34,61,42
2020/08/10 00:18:23.278,39,-32,-34,61,45
2020/08/10 00:18:23.323,39,-32,-34,61,21
2020/08/10 00:18:23.376,39,-32,-34,61,31
2020/08/10 00:18:23.423,39,-32,-34,61,21
2020/08/10 00:18:23.476,39,-32,-34,61,32
2020/08/10 00:18:23.522,39,-32,-34,61,43
2020/08/10 00:18:23.600,39,-32,-34,61,20
2020/08/10 00:18:23.650,39,-32,-34,61,65
2020/08/10 00:18:23.695,39,-32,-34,61,52
2020/08/10 00:18:23.742,39,-32,-34,61,31
2020/08/10 00:18:23.791,39,-32,-34,61,43
2020/08/10 00:18:23.836,39,-32,-34,61,44
2020/08/10 00:18:23.884,39,-32,-34,61,48
2020/08/10 00:18:23.930,39,-32,-34,61,35
2020/08/10 00:18:23.976,39,-32,-34,61,33
2020/08/10 00:18:24.020,39,-32,-34,61,42
2020/08/10 00:18:24.067,39,-32,-34,61,16
2020/08/10 00:18:24.115,39,-32,-34,61,25
2020/08/10 00:18:24.161,39,-32,-34,61,26
2020/08/10 00:18:24.211,39,-32,-34,61,23
2020/08/10 00:18:24.260,39,-32,-34,61,42
2020/08/10 00:18:24.307,39,-32,-34,61,27
2020/08/10 00:18:24.351,39,-32,-34,61,40
2020/08/10 00:18:24.396,39,-32,-34,61,29
2020/08/10 00:18:24.442,39,-32,-34,61,11
2020/08/10 00:18:24.493,39,-32,-34,61,14
2020/08/10 00:18:24.556,39,-32,-34,61,12
2020/08/10 00:18:24.608,39,-32,-34,61,26
2020/08/10 00:18:24.657,39,-32,-34,61,56
2020/08/10 00:18:24.705,39,-32,-34,61,27
2020/08/10 00:18:24.750,39,-32,-34,61,29
2020/08/10 00:18:24.798,39,-32,-34,61,32
2020/08/10 00:18:24.845,39,-32,-34,61,27
2020/08/10 00:18:24.889,39,-32,-34,61,30
2020/08/10 00:18:24.936,39,-32,-34,61,25
2020/08/10 00:18:24.981,39,-32,-34,61,21
2020/08/10 00:18:25.030,39,-32,-34,61,23
2020/08/10 00:18:25.079,39,-32,-34,61,34
2020/08/10 00:18:25.126,39,-32,-34,61,32
2020/08/10 00:18:25.177,39,-32,-34,61,36
2020/08/10 00:18:25.228,39,-32,-34,61,31
2020/08/10 00:18:25.278,39,-32,-34,61,46
2020/08/10 00:18:25.325,39,-32,-34,61,20
2020/08/10 00:18:25.370,39,-32,-34,61,27
2020/08/10 00:18:25.418,39,-32,-34,61,30
2020/08/10 00:18:25.465,39,-32,-34,61,32
2020/08/10 00:18:25.515,39,-32,-34,61,28
2020/08/10 00:18:25.565,39,-32,-34,61,35
2020/08/10 00:18:25.615,39,-32,-34,61,28
2020/08/10 00:18:25.662,39,-32,-34,61,23
2020/08/10 00:18:25.707,39,-32,-34,61,29
2020/08/10 00:18:25.751,39,-32,-34,61,24
2020/08/10 00:18:25.794,39,-32,-34,61,15
2020/08/10 00:18:25.837,39,-32,-34,61,10
2020/08/10 00:18:25.881,39,-32,-34,61,12
2020/08/10 00:18:25.932,39,-32,-34,61,20
2020/08/10 00:18:25.999,39,-32,-34,61,12
2020/08/10 00:18:26.055,39,-32,-34,61,17
2020/08/10 00:18:26.101,39,-32,-34,61,30
2020/08/10 00:18:26.148,39,-32,-34,61,33
2020/08/10 00:18:26.195,39,-32,-34,61,22
2020/08/10 00:18:26.240,39,-32,-34,61,34
2020/08/10 00:18:26.284,39,-32,-34,61,28
2020/08/10 00:18:26.333,39,-32,-34,61,27
2020/08/10 00:18:26.381,39,-32,-34,61,25
2020/08/10 00:18:26.429,39,-32,-34,61,27
2020/08/10 00:18:26.471,39,-32,-34,61,8
2020/08/10 00:18:26.514,39,-32,-34,61,15
2020/08/10 00:18:26.579,39,-32,-34,61,16
2020/08/10 00:18:26.628,39,-32,-34,61,26
2020/08/10 00:18:26.673,39,-32,-34,61,28
2020/08/10 00:18:26.716,39,-32,-34,61,26
2020/08/10 00:18:26.762,39,-32,-34,61,40
2020/08/10 00:18:26.812,39,-32,-34,61,25
2020/08/10 00:18:26.858,39,-32,-34,61,18
2020/08/10 00:18:26.906,39,-32,-34,61,18
2020/08/10 00:18:26.955,39,-32,-34,61,46
2020/08/10 00:18:27.002,39,-32,-34,61,26
2020/08/10 00:18:27.045,39,-32,-34,61,21
2020/08/10 00:18:27.093,39,-32,-34,61,10
2020/08/10 00:18:27.141,39,-32,-34,61,27
2020/08/10 00:18:27.188,39,-32,-34,61,25
2020/08/10 00:18:27.257,39,-32,-34,61,17
2020/08/10 00:18:27.308,39,-32,-34,61,27
2020/08/10 00:18:27.360,39,-32,-34,61,40
2020/08/10 00:18:27.414,39,-32,-34,61,26
2020/08/10 00:18:27.471,39,-32,-34,61,25
2020/08/10 00:18:27.535,39,-32,-34,61,41
2020/08/10 00:18:27.586,39,-32,-34,61,34
2020/08/10 00:18:27.636,39,-32,-34,61,34
2020/08/10 00:18:27.684,39,-32,-34,61,30
2020/08/10 00:18:27.729,39,-32,-34,61,35
2020/08/10 00:18:27.773,39,-32,-34,61,24
2020/08/10 00:18:27.817,39,-32,-34,61,36
2020/08/10 00:18:27.864,39,-32,-34,61,18
2020/08/10 00:18:27.909,39,-32,-34,61,47
2020/08/10 00:18:27.959,39,-32,-34,61,27
2020/08/10 00:18:28.008,39,-32,-34,61,23
2020/08/10 00:18:28.063,39,-32,-34,61,47
2020/08/10 00:18:28.109,39,-32,-34,61,35
2020/08/10 00:18:28.158,39,-32,-34,61,50
2020/08/10 00:18:28.210,39,-32,-34,61,30
2020/08/10 00:18:28.259,39,-32,-34,61,39
2020/08/10 00:18:28.309,39,-32,-34,61,40
2020/08/10 00:18:28.358,39,-32,-34,61,26
2020/08/10 00:18:28.407,39,-32,-34,61,37
2020/08/10 00:18:28.454,39,-32,-34,61,39
2020/08/10 00:18:28.501,39,-32,-34,61,25
2020/08/10 00:18:28.548,39,-32,-34,61,28
2020/08/10 00:18:28.595,39,-32,-34,61,24
2020/08/10 00:18:28.655,39,-32,-34,61,36
2020/08/10 00:18:28.703,39,-32,-34,61,45
2020/08/10 00:18:28.753,39,-32,-34,61,36
2020/08/10 00:18:28.804,39,-32,-34,61,30
2020/08/10 00:18:28.848,39,-32,-34,61,57
2020/08/10 00:18:28.899,39,-32,-34,61,32
2020/08/10 00:18:28.947,39,-32,-34,61,38
2020/08/10 00:18:28.997,39,-32,-34,61,35
2020/08/10 00:18:29.044,39,-32,-34,61,46
2020/08/10 00:18:29.088,39,-32,-34,61,32
2020/08/10 00:18:29.131,39,-32,-34,61,31
2020/08/10 00:18:29.190,39,-32,-34,61,29
2020/08/10 00:18:29.235,39,-32,-34,61,77
2020/08/10 00:18:29.290,39,-32,-34,61,48
2020/08/10 00:18:29.336,39,-32,-34,61,45
2020/08/10 00:18:29.382,39,-32,-34,61,31
2020/08/10 00:18:29.429,39,-32,-34,61,35
2020/08/10 00:18:29.497,39,-32,-34,61,46
2020/08/10 00:18:29.545,39,-32,-34,61,32
2020/08/10 00:18:29.592,39,-32,-34,61,17
2020/08/10 00:18:29.636,39,-32,-34,61,36
2020/08/10 00:18:29.679,39,-32,-34,61,5
2020/08/10 00:18:29.724,39,-32,-34,61,19
2020/08/10 00:18:29.775,39,-32,-34,61,2
2020/08/10 00:18:29.822,39,-32,-34,61,31
2020/08/10 00:18:29.870,39,-32,-34,61,30
2020/08/10 00:18:29.920,39,-32,-34,61,48
2020/08/10 00:18:29.970,39,-32,-34,61,51
2020/08/10 00:18:30.023,39,-32,-34,61,28
2020/08/10 00:18:30.080,39,-32,-34,61,52
2020/08/10 00:18:30.129,39,-32,-34,61,36
2020/08/10 00:18:30.179,39,-32,-34,61,28
2020/08/10 00:18:30.230,39,-32,-34,61,32
2020/08/10 00:18:30.277,39,-32,-34,61,38
2020/08/10 00:18:30.325,39,-32,-34,61,33
2020/08/10 00:18:30.370,39,-32,-34,61,25
2020/08/10 00:18:30.417,39,-32,-34,61,40
2020/08/10 00:18:30.465,39,-32,-34,61,31
2020/08/10 00:18:30.515,39,-32,-34,61,33
2020/08/10 00:18:30.564,39,-32,-34,61,41
2020/08/10 00:18:30.608,39,-32,-34,61,33
2020/08/10 00:18:30.658,39,-32,-34,61,19
2020/08/10 00:18:30.706,39,-32,-34,61,27
2020/08/10 00:18:30.754,39,-32,-34,61,36
2020/08/10 00:18:30.797,39,-32,-34,61,24
2020/08/10 00:18:30.844,39,-32,-34,61,2
2020/08/10 00:18:30.890,39,-32,-34,61,22
2020/08/10 00:18:30.936,39,-32,-34,61,46
2020/08/10 00:18:30.983,39,-32,-34,61,28
2020/08/10 00:18:31.031,39,-32,-34,61,41
2020/08/10 00:18:31.082,39,-32,-34,61,25
2020/08/10 00:18:31.132,39,-32,-34,61,29
2020/08/10 00:18:31.185,39,-32,-34,61,31
2020/08/10 00:18:31.231,39,-32,-34,61,30
2020/08/10 00:18:31.276,39,-32,-34,61,40
2020/08/10 00:18:31.327,39,-32,-34,61,33
2020/08/10 00:18:31.374,39,-32,-34,61,32
2020/08/10 00:18:31.423,39,-32,-34,61,30
2020/08/10 00:18:31.472,39,-32,-34,61,24
2020/08/10 00:18:31.520,39,-32,-34,61,26
2020/08/10 00:18:31.572,39,-32,-34,61,46
2020/08/10 00:18:31.625,39,-32,-34,61,34
2020/08/10 00:18:31.679,39,-32,-34,61,54
2020/08/10 00:18:31.727,39,-32,-34,61,51
2020/08/10 00:18:31.777,39,-32,-34,61,16
2020/08/10 00:18:31.829,39,-32,-34,61,45
2020/08/10 00:18:31.878,39,-32,-34,61,39
2020/08/10 00:18:31.929,39,-32,-34,61,36
2020/08/10 00:18:31.982,39,-32,-34,61,30
2020/08/10 00:18:32.031,39,-32,-34,61,33
2020/08/10 00:18:32.079,39,-32,-34,61,23
2020/08/10 00:18:32.127,39,-32,-34,61,28
2020/08/10 00:18:32.176,39,-32,-34,61,29
2020/08/10 00:18:32.226,39,-32,-34,61,34
2020/08/10 00:18:32.280,39,-32,-34,61,45
2020/08/10 00:18:32.327,39,-32,-34,61,41
2020/08/10 00:18:32.377,39,-32,-34,61,40
2020/08/10 00:18:32.425,39,-32,-34,61,27
2020/08/10 00:18:32.474,39,-32,-34,61,44
2020/08/10 00:18:32.526,39,-32,-34,61,27
2020/08/10 00:18:32.575,39,-32,-34,61,42
2020/08/10 00:18:32.625,39,-32,-34,61,43
2020/08/10 00:18:32.675,39,-32,-34,61,25
2020/08/10 00:18:32.723,39,-32,-34,61,32
2020/08/10 00:18:32.769,39,-32,-34,61,33
2020/08/10 00:18:32.816,39,-32,-34,61,45
2020/08/10 00:18:32.868,39,-32,-34,61,37
2020/08/10 00:18:32.918,39,-32,-34,61,34
2020/08/10 00:18:32.965,39,-32,-34,61,46
2020/08/10 00:18:33.010,39,-32,-34,61,19
2020/08/10 00:18:33.053,39,-32,-34,61,30
2020/08/10 00:18:33.106,39,-32,-34,61,21
2020/08/10 00:18:33.160,39,-32,-34,61,37
2020/08/10 00:18:33.205,39,-32,-34,61,44
2020/08/10 00:18:33.269,39,-32,-34,61,33
2020/08/10 00:18:33.312,39,-32,-34,61,52
2020/08/10 00:18:33.367,39,-32,-34,61,15
2020/08/10 00:18:33.415,39,-32,-34,61,30
2020/08/10 00:18:33.467,39,-32,-34,61,34
2020/08/10 00:18:33.513,39,-32,-34,61,28
2020/08/10 00:18:33.560,39,-32,-34,61,31
2020/08/10 00:18:33.610,39,-32,-34,61,11
2020/08/10 00:18:33.683,39,-32,-34,61,17
2020/08/10 00:18:33.732,39,-32,-34,61,41
2020/08/10 00:18:33.786,39,-32,-34,61,50
2020/08/10 00:18:33.829,39,-32,-34,61,30
2020/08/10 00:18:33.872,39,-32,-34,61,30
2020/08/10 00:18:33.915,39,-32,-34,61,6
2020/08/10 00:18:33.957,39,-32,-34,61,9
2020/08/10 00:18:34.000,39,-32,-34,61,6
2020/08/10 00:18:34.048,39,-32,-34,61,4
2020/08/10 00:18:34.114,39,-32,-34,61,7
2020/08/10 00:18:34.175,39,-32,-34,61,23
2020/08/10 00:18:34.222,39,-32,-34,61,19
2020/08/10 00:18:34.275,39,-32,-34,61,17
2020/08/10 00:18:34.341,39,-32,-34,61,25
2020/08/10 00:18:34.407,39,-32,-34,61,20
2020/08/10 00:18:34.478,39,-32,-34,61,19
2020/08/10 00:18:34.530,39,-32,-34,61,36
2020/08/10 00:18:34.591,39,-32,-34,61,7
2020/08/10 00:18:34.659,39,-32,-34,61,14
2020/08/10 00:18:34.721,39,-32,-34,61,16
2020/08/10 00:18:34.779,39,-32,-34,61,11
2020/08/10 00:18:34.831,39,-32,-34,61,8
2020/08/10 00:18:34.895,39,-32,-34,61,6
2020/08/10 00:18:34.957,39,-32,-34,61,14
2020/08/10 00:18:35.028,39,-32,-34,61,8
2020/08/10 00:18:35.091,39,-32,-34,61,12
2020/08/10 00:18:35.154,39,-32,-34,61,6
2020/08/10 00:18:35.215,39,-32,-34,61,8
2020/08/10 00:18:35.269,39,-32,-34,61,26
2020/08/10 00:18:35.331,39,-32,-34,61,10
2020/08/10 00:18:35.396,39,-32,-34,61,6
2020/08/10 00:18:35.467,39,-32,-34,61,13
2020/08/10 00:18:35.519,39,-32,-34,61,14
2020/08/10 00:18:35.580,39,-32,-34,61,8
2020/08/10 00:18:35.640,39,-32,-34,61,16
2020/08/10 00:18:35.698,39,-32,-34,61,16
2020/08/10 00:18:35.755,39,-32,-34,61,14
2020/08/10 00:18:35.809,39,-32,-34,61,26
2020/08/10 00:18:35.853,39,-32,-34,61,27
2020/08/10 00:18:35.903,39,-32,-34,61,44
2020/08/10 00:18:35.950,39,-32,-34,61,47
2020/08/10 00:18:35.996,39,-32,-34,61,41
2020/08/10 00:18:36.041,39,-32,-34,61,37
2020/08/10 00:18:36.082,39,-32,-34,61,57
2020/08/10 00:18:36.127,39,-32,-34,61,60
2020/08/10 00:18:36.170,39,-32,-34,61,15
2020/08/10 00:18:36.213,39,-32,-34,61,13
2020/08/10 00:18:36.256,39,-32,-34,61,15
2020/08/10 00:18:36.299,39,-32,-34,61,0
2020/08/10 00:18:36.344,39,-32,-34,61,14
2020/08/10 00:18:36.399,39,-32,-34,61,6
2020/08/10 00:18:36.456,39,-32,-34,61,10
2020/08/10 00:18:36.508,39,-32,-34,61,6
2020/08/10 00:18:36.584,39,-32,-34,61,16
2020/08/10 00:18:36.641,39,-32,-34,61,18
2020/08/10 00:18:36.699,39,-32,-34,61,32
2020/08/10 00:18:36.766,39,-32,-34,61,30
2020/08/10 00:18:36.825,39,-32,-34,61,40
2020/08/10 00:18:36.871,39,-32,-34,61,35
2020/08/10 00:18:36.915,39,-32,-34,61,35
2020/08/10 00:18:36.962,39,-32,-34,61,12
2020/08/10 00:18:37.006,39,-32,-34,61,11
2020/08/10 00:18:37.053,39,-32,-34,61,21
2020/08/10 00:18:37.101,39,-32,-34,61,25
2020/08/10 00:18:37.150,39,-32,-34,61,28
2020/08/10 00:18:37.206,39,-32,-34,61,42
2020/08/10 00:18:37.252,39,-32,-34,61,38
2020/08/10 00:18:37.298,39,-32,-34,61,40
2020/08/10 00:18:37.346,39,-32,-34,61,8
2020/08/10 00:18:37.393,39,-32,-34,61,15
2020/08/10 00:18:37.440,39,-32,-34,61,13
2020/08/10 00:18:37.484,39,-32,-34,61,32
2020/08/10 00:18:37.528,39,-32,-34,61,25
2020/08/10 00:18:37.576,39,-32,-34,61,14
2020/08/10 00:18:37.622,39,-32,-34,61,37
2020/08/10 00:18:37.667,39,-32,-34,61,35
2020/08/10 00:18:37.718,39,-32,-34,61,35
2020/08/10 00:18:37.767,39,-32,-34,61,8
2020/08/10 00:18:37.816,39,-32,-34,61,16
2020/08/10 00:18:37.864,39,-32,-34,61,33
2020/08/10 00:18:37.911,39,-32,-34,61,25
2020/08/10 00:18:37.956,39,-32,-34,61,25
2020/08/10 00:18:38.009,39,-32,-34,61,20
2020/08/10 00:18:38.071,39,-32,-34,61,22
2020/08/10 00:18:38.134,39,-32,-34,61,10
2020/08/10 00:18:38.196,39,-32,-34,61,8
2020/08/10 00:18:38.267,39,-32,-34,61,14
2020/08/10 00:18:38.319,39,-32,-34,61,7
2020/08/10 00:18:38.383,39,-32,-34,61,14
2020/08/10 00:18:38.441,39,-32,-34,61,13
2020/08/10 00:18:38.495,39,-32,-34,61,32
2020/08/10 00:18:38.567,39,-32,-34,61,43
2020/08/10 00:18:38.619,39,-32,-34,61,39
2020/08/10 00:18:38.670,39,-32,-34,61,24
2020/08/10 00:18:38.718,39,-32,-34,61,22
2020/08/10 00:18:38.766,39,-32,-34,61,42
2020/08/10 00:18:38.813,39,-32,-34,61,29
2020/08/10 00:18:38.860,39,-32,-34,61,21
2020/08/10 00:18:38.906,39,-32,-34,61,21
2020/08/10 00:18:38.957,39,-32,-34,61,45
2020/08/10 00:18:39.005,39,-32,-34,61,31
2020/08/10 00:18:39.053,39,-32,-34,61,26
2020/08/10 00:18:39.100,39,-32,-34,61,28
2020/08/10 00:18:39.148,39,-32,-34,61,26
2020/08/10 00:18:39.198,39,-32,-34,61,31
2020/08/10 00:18:39.248,39,-32,-34,61,32
2020/08/10 00:18:39.296,39,-32,-34,61,34
2020/08/10 00:18:39.344,39,-32,-34,61,18
2020/08/10 00:18:39.391,39,-32,-34,61,27
2020/08/10 00:18:39.440,39,-32,-34,61,33
2020/08/10 00:18:39.488,39,-32,-34,61,29
2020/08/10 00:18:39.535,39,-32,-34,61,28
2020/08/10 00:18:39.582,39,-32,-34,61,30
2020/08/10 00:18:39.629,39,-32,-34,61,37
2020/08/10 00:18:39.682,39,-32,-34,61,25
2020/08/10 00:18:39.731,39,-32,-34,61,31
2020/08/10 00:18:39.779,39,-32,-34,61,31
2020/08/10 00:18:39.824,39,-32,-34,61,30
2020/08/10 00:18:39.871,39,-32,-34,61,18
2020/08/10 00:18:39.920,39,-32,-34,61,36
2020/08/10 00:18:39.967,39,-32,-34,61,42
2020/08/10 00:18:40.015,39,-32,-34,61,15
2020/08/10 00:18:40.063,39,-32,-34,61,33
2020/08/10 00:18:40.112,39,-32,-34,61,32
2020/08/10 00:18:40.158,39,-32,-34,61,27
2020/08/10 00:18:40.212,39,-32,-34,61,30
2020/08/10 00:18:40.263,39,-32,-34,61,36
2020/08/10 00:18:40.309,39,-32,-34,61,21
2020/08/10 00:18:40.356,39,-32,-34,61,33
2020/08/10 00:18:40.403,39,-32,-34,61,36
2020/08/10 00:18:40.451,39,-32,-34,61,28
2020/08/10 00:18:40.505,39,-32,-34,61,23
2020/08/10 00:18:40.554,39,-32,-34,61,26
2020/08/10 00:18:40.601,39,-32,-34,61,32
2020/08/10 00:18:40.649,39,-32,-34,61,24
2020/08/10 00:18:40.696,39,-32,-34,61,21
2020/08/10 00:18:40.763,39,-32,-34,61,33
2020/08/10 00:18:40.823,39,-32,-34,61,19
2020/08/10 00:18:40.880,39,-32,-34,61,29
2020/08/10 00:18:40.932,39,-32,-34,61,43
2020/08/10 00:18:40.982,39,-32,-34,61,39
2020/08/10 00:18:41.027,39,-32,-34,61,15
2020/08/10 00:18:41.073,39,-32,-34,61,38
2020/08/10 00:18:41.119,39,-32,-34,61,36
2020/08/10 00:18:41.169,39,-32,-34,61,47
2020/08/10 00:18:41.212,39,-32,-34,61,21
2020/08/10 00:18:41.258,39,-32,-34,61,28
2020/08/10 00:18:41.305,39,-32,-34,61,18
2020/08/10 00:18:41.358,39,-32,-34,61,25
2020/08/10 00:18:41.419,39,-32,-34,61,25
2020/08/10 00:18:41.488,39,-32,-34,61,11
2020/08/10 00:18:41.557,39,-32,-34,61,18
2020/08/10 00:18:41.619,39,-32,-34,61,22
2020/08/10 00:18:41.674,39,-32,-34,61,15
2020/08/10 00:18:41.748,39,-32,-34,61,8
2020/08/10 00:18:41.812,39,-32,-34,61,18
2020/08/10 00:18:41.876,39,-32,-34,61,8
2020/08/10 00:18:41.948,39,-32,-34,61,6
2020/08/10 00:18:42.012,39,-32,-34,61,9
2020/08/10 00:18:42.076,39,-32,-34,61,14
2020/08/10 00:18:42.153,39,-32,-34,61,12
2020/08/10 00:18:42.198,39,-32,-34,61,33
2020/08/10 00:18:42.252,39,-32,-34,61,12
2020/08/10 00:18:42.296,39,-32,-34,61,17
2020/08/10 00:18:42.339,39,-32,-34,61,6
2020/08/10 00:18:42.383,39,-32,-34,61,9
2020/08/10 00:18:42.438,39,-32,-34,61,6
2020/08/10 00:18:42.489,39,-32,-34,61,8
2020/08/10 00:18:42.554,39,-32,-34,61,12
2020/08/10 00:18:42.622,39,-32,-34,61,10
2020/08/10 00:18:42.689,39,-32,-34,61,13
2020/08/10 00:18:42.733,39,-32,-34,61,34
2020/08/10 00:18:42.779,39,-32,-34,61,23
2020/08/10 00:18:42.826,39,-32,-34,61,72
2020/08/10 00:18:42.872,39,-32,-34,61,73
2020/08/10 00:18:42.918,39,-32,-34,61,75
2020/08/10 00:18:42.968,39,-32,-34,61,86
2020/08/10 00:18:43.017,39,-32,-34,61,80
2020/08/10 00:18:43.063,39,-32,-34,61,49
2020/08/10 00:18:43.111,39,-32,-34,61,50
2020/08/10 00:18:43.165,39,-32,-34,61,39
2020/08/10 00:18:43.214,39,-32,-34,61,43
2020/08/10 00:18:43.264,39,-32,-34,61,44
2020/08/10 00:18:43.308,39,-32,-34,61,24
2020/08/10 00:18:43.353,39,-32,-34,61,24
2020/08/10 00:18:43.399,39,-32,-34,61,31
2020/08/10 00:18:43.442,39,-32,-34,61,41
2020/08/10 00:18:43.485,39,-32,-34,61,23
2020/08/10 00:18:43.528,39,-32,-34,61,15
2020/08/10 00:18:43.570,39,-32,-34,61,23
2020/08/10 00:18:43.613,39,-32,-34,61,18
2020/08/10 00:18:43.656,39,-32,-34,61,5
2020/08/10 00:18:43.705,39,-32,-34,61,8
2020/08/10 00:18:43.752,39,-32,-34,61,34
2020/08/10 00:18:43.797,39,-32,-34,61,53
2020/08/10 00:18:43.840,39,-32,-34,61,11
2020/08/10 00:18:43.882,39,-32,-34,61,17
2020/08/10 00:18:43.925,39,-32,-34,61,14
2020/08/10 00:18:43.968,39,-32,-34,61,16
2020/08/10 00:18:44.011,39,-32,-34,61,18
2020/08/10 00:18:44.056,39,-32,-34,61,28
2020/08/10 00:18:44.101,39,-32,-34,61,8
2020/08/10 00:18:44.154,39,-32,-33,60,25
2020/08/10 00:18:44.206,39,-32,-33,60,16
2020/08/10 00:18:44.259,39,-32,-33,60,21
2020/08/10 00:18:44.310,39,-32,-33,60,18
2020/08/10 00:18:44.373,39,-32,-34,61,5
2020/08/10 00:18:44.434,39,-32,-34,61,16
2020/08/10 00:18:44.506,39,-32,-34,61,9
2020/08/10 00:18:44.559,39,-33,-34,61,13
2020/08/10 00:18:44.620,39,-33,-34,61,16
2020/08/10 00:18:44.681,39,-33,-34,61,8
2020/08/10 00:18:44.737,39,-33,-34,61,12
