TimeStamp,B_x,B_y,B_z,B_net
2020/07/24 10:25:00.874,-30,11,-16,36
2020/07/24 10:25:00.897,-30,11,-16,36
2020/07/24 10:25:00.918,-30,11,-16,36
2020/07/24 10:25:00.940,-30,11,-16,36
2020/07/24 10:25:00.962,-30,12,-16,36
2020/07/24 10:25:00.984,-30,12,-16,36
2020/07/24 10:25:01.006,-30,12,-16,36
2020/07/24 10:25:01.027,-30,12,-16,36
2020/07/24 10:25:01.049,-30,12,-16,36
2020/07/24 10:25:01.071,-30,12,-16,36
2020/07/24 10:25:01.092,-30,12,-16,36
2020/07/24 10:25:01.114,-30,12,-16,36
2020/07/24 10:25:01.136,-30,12,-16,36
2020/07/24 10:25:01.157,-30,12,-16,36
2020/07/24 10:25:01.179,-30,12,-16,36
2020/07/24 10:25:01.200,-30,12,-16,36
2020/07/24 10:25:01.221,-30,12,-16,36
2020/07/24 10:25:01.242,-30,12,-16,36
2020/07/24 10:25:01.263,-30,12,-16,36
2020/07/24 10:25:01.285,-29,12,-16,35
2020/07/24 10:25:01.307,-29,12,-16,35
2020/07/24 10:25:01.328,-29,12,-16,35
2020/07/24 10:25:01.352,-29,12,-16,35
2020/07/24 10:25:01.378,-29,12,-16,35
2020/07/24 10:25:01.403,-29,12,-16,35
2020/07/24 10:25:01.430,-29,12,-16,35
2020/07/24 10:25:01.459,-30,13,-16,36
2020/07/24 10:25:01.487,-30,13,-16,36
2020/07/24 10:25:01.513,-30,13,-16,36
2020/07/24 10:25:01.539,-30,13,-16,36
2020/07/24 10:25:01.564,-30,13,-16,36
2020/07/24 10:25:01.589,-30,13,-16,36
2020/07/24 10:25:01.615,-30,12,-16,36
2020/07/24 10:25:01.641,-30,12,-16,36
2020/07/24 10:25:01.667,-30,12,-16,36
2020/07/24 10:25:01.693,-30,12,-16,36
2020/07/24 10:25:01.719,-30,12,-16,36
2020/07/24 10:25:01.744,-30,12,-16,36
2020/07/24 10:25:01.768,-29,12,-16,35
2020/07/24 10:25:01.795,-29,12,-16,35
2020/07/24 10:25:01.820,-29,12,-16,35
2020/07/24 10:25:01.847,-29,12,-16,35
2020/07/24 10:25:01.873,-29,12,-16,35
2020/07/24 10:25:01.899,-29,12,-16,35
2020/07/24 10:25:01.925,-30,12,-16,36
2020/07/24 10:25:01.952,-30,12,-16,36
2020/07/24 10:25:01.979,-30,12,-16,36
2020/07/24 10:25:02.005,-30,12,-16,36
2020/07/24 10:25:02.031,-30,12,-16,36
2020/07/24 10:25:02.055,-30,12,-16,36
2020/07/24 10:25:02.079,-29,12,-16,35
2020/07/24 10:25:02.103,-29,12,-16,35
2020/07/24 10:25:02.128,-29,12,-16,35
2020/07/24 10:25:02.153,-29,12,-16,35
2020/07/24 10:25:02.181,-29,12,-16,35
2020/07/24 10:25:02.207,-29,12,-16,35
2020/07/24 10:25:02.233,-30,11,-16,36
2020/07/24 10:25:02.260,-30,11,-16,36
2020/07/24 10:25:02.285,-30,11,-16,36
2020/07/24 10:25:02.311,-30,11,-16,36
2020/07/24 10:25:02.339,-30,11,-16,36
2020/07/24 10:25:02.365,-30,11,-16,36
2020/07/24 10:25:02.391,-30,11,-16,36
2020/07/24 10:25:02.419,-30,11,-16,36
2020/07/24 10:25:02.445,-30,11,-16,36
2020/07/24 10:25:02.471,-30,11,-16,36
2020/07/24 10:25:02.498,-30,11,-16,36
2020/07/24 10:25:02.524,-30,11,-16,36
2020/07/24 10:25:02.550,-30,11,-16,36
2020/07/24 10:25:02.576,-29,11,-16,35
2020/07/24 10:25:02.601,-29,11,-16,35
2020/07/24 10:25:02.626,-29,11,-16,35
2020/07/24 10:25:02.652,-29,11,-16,35
2020/07/24 10:25:02.678,-29,11,-16,35
2020/07/24 10:25:02.704,-29,11,-16,35
2020/07/24 10:25:02.731,-29,11,-16,35
2020/07/24 10:25:02.759,-29,11,-16,35
2020/07/24 10:25:02.786,-29,11,-16,35
2020/07/24 10:25:02.812,-29,11,-16,35
2020/07/24 10:25:02.838,-29,11,-16,35
2020/07/24 10:25:02.866,-29,11,-16,35
2020/07/24 10:25:02.893,-29,11,-16,35
2020/07/24 10:25:02.919,-29,11,-16,35
2020/07/24 10:25:02.943,-29,11,-16,35
2020/07/24 10:25:02.970,-29,11,-16,35
2020/07/24 10:25:02.996,-29,11,-16,35
2020/07/24 10:25:03.022,-29,11,-16,35
2020/07/24 10:25:03.048,-29,12,-16,35
2020/07/24 10:25:03.072,-29,12,-16,35
2020/07/24 10:25:03.096,-29,12,-16,35
2020/07/24 10:25:03.122,-29,12,-16,35
2020/07/24 10:25:03.146,-29,12,-16,35
2020/07/24 10:25:03.171,-29,12,-16,35
2020/07/24 10:25:03.196,-29,12,-16,35
2020/07/24 10:25:03.223,-29,12,-16,35
2020/07/24 10:25:03.249,-29,12,-16,35
2020/07/24 10:25:03.275,-29,12,-16,35
2020/07/24 10:25:03.302,-29,12,-16,35
2020/07/24 10:25:03.327,-29,12,-16,35
2020/07/24 10:25:03.352,-30,12,-16,36
2020/07/24 10:25:03.377,-30,12,-16,36
2020/07/24 10:25:03.404,-30,12,-16,36
2020/07/24 10:25:03.430,-30,12,-16,36
2020/07/24 10:25:03.456,-30,12,-16,36
2020/07/24 10:25:03.482,-30,12,-16,36
2020/07/24 10:25:03.509,-30,12,-16,36
2020/07/24 10:25:03.536,-30,11,-16,36
2020/07/24 10:25:03.563,-30,11,-16,36
2020/07/24 10:25:03.589,-30,11,-16,36
2020/07/24 10:25:03.614,-30,11,-16,36
2020/07/24 10:25:03.641,-30,11,-16,36
2020/07/24 10:25:03.668,-30,11,-16,36
2020/07/24 10:25:03.694,-30,11,-16,36
2020/07/24 10:25:03.721,-30,11,-16,36
2020/07/24 10:25:03.747,-30,11,-16,36
2020/07/24 10:25:03.773,-30,11,-16,36
2020/07/24 10:25:03.797,-30,11,-16,36
2020/07/24 10:25:03.824,-30,11,-16,36
2020/07/24 10:25:03.852,-30,11,-15,35
2020/07/24 10:25:03.879,-30,11,-15,35
2020/07/24 10:25:03.907,-30,11,-15,35
2020/07/24 10:25:03.934,-30,11,-15,35
2020/07/24 10:25:03.960,-30,11,-15,35
2020/07/24 10:25:03.987,-30,11,-15,35
2020/07/24 10:25:04.013,-30,11,-15,35
2020/07/24 10:25:04.038,-30,11,-15,35
2020/07/24 10:25:04.065,-30,11,-15,35
2020/07/24 10:25:04.091,-30,11,-15,35
2020/07/24 10:25:04.117,-30,11,-15,35
2020/07/24 10:25:04.144,-30,11,-15,35
2020/07/24 10:25:04.172,-30,11,-15,35
2020/07/24 10:25:04.198,-30,11,-15,35
2020/07/24 10:25:04.223,-30,11,-15,35
2020/07/24 10:25:04.249,-30,11,-15,35
2020/07/24 10:25:04.276,-30,11,-15,35
2020/07/24 10:25:04.303,-30,11,-15,35
2020/07/24 10:25:04.332,-30,11,-16,36
2020/07/24 10:25:04.361,-30,11,-16,36
2020/07/24 10:25:04.386,-30,11,-16,36
2020/07/24 10:25:04.412,-30,11,-16,36
2020/07/24 10:25:04.437,-30,11,-16,36
2020/07/24 10:25:04.462,-30,11,-16,36
2020/07/24 10:25:04.488,-30,11,-16,36
2020/07/24 10:25:04.515,-30,11,-16,36
2020/07/24 10:25:04.543,-30,11,-16,36
2020/07/24 10:25:04.569,-30,11,-16,36
2020/07/24 10:25:04.595,-30,11,-16,36
2020/07/24 10:25:04.622,-30,11,-16,36
2020/07/24 10:25:04.648,-29,11,-16,35
2020/07/24 10:25:04.675,-29,11,-16,35
2020/07/24 10:25:04.702,-29,11,-16,35
2020/07/24 10:25:04.728,-29,11,-16,35
2020/07/24 10:25:04.755,-29,11,-16,35
2020/07/24 10:25:04.781,-29,11,-16,35
2020/07/24 10:25:04.807,-29,11,-16,35
2020/07/24 10:25:04.834,-29,11,-16,35
2020/07/24 10:25:04.860,-29,11,-16,35
2020/07/24 10:25:04.884,-29,11,-16,35
2020/07/24 10:25:04.911,-29,11,-16,35
2020/07/24 10:25:04.936,-29,11,-16,35
2020/07/24 10:25:04.962,-28,11,-16,34
2020/07/24 10:25:04.989,-28,11,-16,34
2020/07/24 10:25:05.015,-28,11,-16,34
2020/07/24 10:25:05.040,-28,11,-16,34
2020/07/24 10:25:05.065,-28,11,-16,34
2020/07/24 10:25:05.091,-28,11,-16,34
2020/07/24 10:25:05.116,-29,12,-15,35
2020/07/24 10:25:05.143,-29,12,-15,35
2020/07/24 10:25:05.170,-29,12,-15,35
2020/07/24 10:25:05.197,-29,12,-15,35
2020/07/24 10:25:05.223,-29,12,-15,35
2020/07/24 10:25:05.248,-29,12,-15,35
2020/07/24 10:25:05.273,-29,12,-16,35
2020/07/24 10:25:05.299,-29,12,-16,35
2020/07/24 10:25:05.327,-29,12,-16,35
2020/07/24 10:25:05.354,-29,12,-16,35
2020/07/24 10:25:05.381,-29,12,-16,35
2020/07/24 10:25:05.407,-29,12,-16,35
2020/07/24 10:25:05.434,-30,12,-16,36
2020/07/24 10:25:05.461,-30,12,-16,36
2020/07/24 10:25:05.488,-30,12,-16,36
2020/07/24 10:25:05.514,-30,12,-16,36
2020/07/24 10:25:05.541,-30,12,-16,36
2020/07/24 10:25:05.568,-30,12,-16,36
2020/07/24 10:25:05.595,-31,12,-16,37
2020/07/24 10:25:05.622,-31,12,-16,37
2020/07/24 10:25:05.648,-31,12,-16,37
2020/07/24 10:25:05.673,-31,12,-16,37
2020/07/24 10:25:05.698,-31,12,-16,37
2020/07/24 10:25:05.723,-31,12,-16,37
2020/07/24 10:25:05.749,-31,12,-16,37
2020/07/24 10:25:05.776,-31,12,-16,37
2020/07/24 10:25:05.803,-31,12,-16,37
2020/07/24 10:25:05.830,-31,12,-16,37
2020/07/24 10:25:05.857,-31,12,-16,37
2020/07/24 10:25:05.883,-31,12,-16,37
2020/07/24 10:25:05.910,-31,12,-16,37
2020/07/24 10:25:05.937,-30,12,-16,36
2020/07/24 10:25:05.964,-30,12,-16,36
2020/07/24 10:25:05.991,-30,12,-16,36
2020/07/24 10:25:06.017,-30,12,-16,36
2020/07/24 10:25:06.044,-30,12,-16,36
2020/07/24 10:25:06.071,-30,11,-16,36
2020/07/24 10:25:06.098,-30,11,-16,36
2020/07/24 10:25:06.126,-30,11,-16,36
2020/07/24 10:25:06.152,-30,11,-16,36
2020/07/24 10:25:06.179,-30,11,-16,36
2020/07/24 10:25:06.205,-30,11,-16,36
2020/07/24 10:25:06.231,-30,11,-16,35
2020/07/24 10:25:06.256,-30,11,-15,35
2020/07/24 10:25:06.283,-30,11,-15,35
2020/07/24 10:25:06.307,-30,11,-15,35
2020/07/24 10:25:06.332,-30,11,-15,35
2020/07/24 10:25:06.359,-30,11,-15,35
2020/07/24 10:25:06.385,-30,11,-15,35
2020/07/24 10:25:06.412,-30,11,-16,36
2020/07/24 10:25:06.440,-30,11,-16,36
2020/07/24 10:25:06.467,-30,11,-16,36
2020/07/24 10:25:06.494,-30,11,-16,36
2020/07/24 10:25:06.522,-30,11,-16,36
2020/07/24 10:25:06.549,-30,11,-16,36
2020/07/24 10:25:06.577,-30,11,-15,35
2020/07/24 10:25:06.605,-30,11,-15,35
2020/07/24 10:25:06.631,-30,11,-15,35
2020/07/24 10:25:06.658,-30,11,-15,35
2020/07/24 10:25:06.684,-30,11,-15,35
2020/07/24 10:25:06.712,-30,11,-16,36
2020/07/24 10:25:06.739,-30,11,-16,36
2020/07/24 10:25:06.766,-30,11,-16,36
2020/07/24 10:25:06.792,-30,11,-16,36
2020/07/24 10:25:06.819,-30,11,-16,36
2020/07/24 10:25:06.845,-30,11,-16,36
2020/07/24 10:25:06.871,-29,11,-16,35
2020/07/24 10:25:06.898,-29,11,-16,35
2020/07/24 10:25:06.925,-29,11,-16,35
2020/07/24 10:25:06.952,-29,11,-16,35
2020/07/24 10:25:06.979,-29,11,-16,35
2020/07/24 10:25:07.006,-29,11,-16,35
2020/07/24 10:25:07.032,-29,11,-16,35
2020/07/24 10:25:07.059,-29,11,-16,35
2020/07/24 10:25:07.086,-29,11,-16,35
2020/07/24 10:25:07.113,-29,11,-16,35
2020/07/24 10:25:07.139,-29,11,-16,35
2020/07/24 10:25:07.166,-29,11,-16,35
2020/07/24 10:25:07.192,-29,11,-16,35
2020/07/24 10:25:07.219,-29,11,-16,35
2020/07/24 10:25:07.246,-29,11,-16,35
2020/07/24 10:25:07.276,-29,11,-16,35
2020/07/24 10:25:07.302,-29,11,-16,35
2020/07/24 10:25:07.328,-29,11,-16,35
2020/07/24 10:25:07.353,-29,11,-16,35
2020/07/24 10:25:07.379,-29,11,-16,35
2020/07/24 10:25:07.406,-29,11,-16,35
2020/07/24 10:25:07.433,-29,11,-16,35
2020/07/24 10:25:07.459,-29,11,-16,35
2020/07/24 10:25:07.486,-29,11,-16,35
2020/07/24 10:25:07.513,-29,12,-16,35
2020/07/24 10:25:07.539,-29,12,-16,35
2020/07/24 10:25:07.566,-29,12,-16,35
2020/07/24 10:25:07.593,-29,12,-16,35
2020/07/24 10:25:07.620,-29,12,-16,35
2020/07/24 10:25:07.647,-29,12,-16,35
2020/07/24 10:25:07.675,-29,11,-16,35
2020/07/24 10:25:07.701,-29,11,-16,35
2020/07/24 10:25:07.728,-29,11,-16,35
2020/07/24 10:25:07.754,-29,11,-16,35
2020/07/24 10:25:07.779,-29,11,-16,35
2020/07/24 10:25:07.806,-29,11,-16,35
2020/07/24 10:25:07.832,-29,12,-16,35
2020/07/24 10:25:07.859,-29,12,-16,35
2020/07/24 10:25:07.886,-29,12,-16,35
2020/07/24 10:25:07.913,-29,12,-16,35
2020/07/24 10:25:07.940,-29,12,-16,35
2020/07/24 10:25:07.967,-29,12,-16,35
2020/07/24 10:25:07.993,-29,12,-16,35
2020/07/24 10:25:08.022,-29,12,-16,35
2020/07/24 10:25:08.049,-29,12,-16,35
2020/07/24 10:25:08.076,-29,12,-16,35
2020/07/24 10:25:08.104,-29,12,-16,35
2020/07/24 10:25:08.131,-29,12,-16,35
2020/07/24 10:25:08.156,-29,11,-15,34
2020/07/24 10:25:08.200,-29,11,-15,34
2020/07/24 10:25:08.225,-29,11,-15,34
2020/07/24 10:25:08.251,-29,11,-15,34
2020/07/24 10:25:08.279,-29,11,-15,34
2020/07/24 10:25:08.304,-29,11,-15,34
2020/07/24 10:25:08.331,-29,11,-15,34
2020/07/24 10:25:08.356,-29,11,-15,34
2020/07/24 10:25:08.382,-29,11,-15,34
2020/07/24 10:25:08.407,-29,11,-15,34
2020/07/24 10:25:08.431,-29,11,-15,34
2020/07/24 10:25:08.458,-29,11,-15,34
2020/07/24 10:25:08.484,-30,11,-15,35
2020/07/24 10:25:08.512,-30,11,-15,35
2020/07/24 10:25:08.539,-30,11,-15,35
2020/07/24 10:25:08.566,-30,11,-15,35
2020/07/24 10:25:08.594,-30,11,-15,35
2020/07/24 10:25:08.622,-30,11,-15,35
2020/07/24 10:25:08.648,-30,11,-16,36
2020/07/24 10:25:08.675,-30,11,-16,36
2020/07/24 10:25:08.702,-30,11,-16,36
2020/07/24 10:25:08.728,-30,11,-16,36
2020/07/24 10:25:08.754,-30,11,-16,36
2020/07/24 10:25:08.778,-30,11,-16,36
2020/07/24 10:25:08.806,-30,12,-15,36
2020/07/24 10:25:08.830,-30,12,-15,36
2020/07/24 10:25:08.854,-30,12,-15,36
2020/07/24 10:25:08.879,-30,12,-15,36
2020/07/24 10:25:08.904,-30,12,-15,36
2020/07/24 10:25:08.928,-30,12,-15,36
2020/07/24 10:25:08.952,-30,12,-15,36
2020/07/24 10:25:08.976,-30,12,-15,36
2020/07/24 10:25:08.999,-30,12,-15,36
2020/07/24 10:25:09.022,-30,12,-15,36
2020/07/24 10:25:09.047,-30,12,-15,36
2020/07/24 10:25:09.074,-30,12,-15,36
2020/07/24 10:25:09.100,-30,12,-15,36
2020/07/24 10:25:09.127,-30,12,-15,36
2020/07/24 10:25:09.154,-30,12,-15,36
2020/07/24 10:25:09.180,-30,12,-15,36
2020/07/24 10:25:09.207,-30,12,-15,36
2020/07/24 10:25:09.233,-30,12,-15,36
2020/07/24 10:25:09.260,-30,12,-15,36
2020/07/24 10:25:09.287,-29,13,-15,35
2020/07/24 10:25:09.315,-29,13,-15,35
2020/07/24 10:25:09.342,-29,13,-15,35
2020/07/24 10:25:09.369,-29,13,-15,35
2020/07/24 10:25:09.395,-29,13,-15,35
2020/07/24 10:25:09.420,-29,13,-15,35
2020/07/24 10:25:09.445,-30,12,-15,36
2020/07/24 10:25:09.469,-30,12,-15,36
2020/07/24 10:25:09.494,-30,12,-15,36
2020/07/24 10:25:09.519,-30,12,-15,36
2020/07/24 10:25:09.545,-30,12,-15,36
2020/07/24 10:25:09.571,-30,12,-15,36
2020/07/24 10:25:09.599,-30,12,-16,36
2020/07/24 10:25:09.626,-30,12,-16,36
2020/07/24 10:25:09.653,-30,12,-16,36
2020/07/24 10:25:09.679,-30,12,-16,36
2020/07/24 10:25:09.706,-30,12,-16,36
2020/07/24 10:25:09.732,-30,12,-16,36
2020/07/24 10:25:09.759,-30,12,-16,36
2020/07/24 10:25:09.786,-30,12,-16,36
2020/07/24 10:25:09.813,-30,12,-16,36
2020/07/24 10:25:09.839,-30,12,-16,36
2020/07/24 10:25:09.866,-30,12,-16,36
2020/07/24 10:25:09.893,-30,12,-16,36
2020/07/24 10:25:09.920,-30,12,-16,36
2020/07/24 10:25:09.947,-30,12,-16,36
2020/07/24 10:25:09.974,-30,12,-16,36
2020/07/24 10:25:10.001,-30,12,-16,36
2020/07/24 10:25:10.028,-30,12,-16,36
2020/07/24 10:25:10.054,-30,12,-16,36
2020/07/24 10:25:10.079,-30,12,-16,36
2020/07/24 10:25:10.105,-30,12,-16,36
2020/07/24 10:25:10.131,-30,12,-16,36
2020/07/24 10:25:10.158,-30,12,-16,36
2020/07/24 10:25:10.185,-30,12,-16,36
2020/07/24 10:25:10.211,-30,12,-16,36
2020/07/24 10:25:10.238,-30,12,-15,36
2020/07/24 10:25:10.265,-30,12,-15,36
2020/07/24 10:25:10.291,-30,12,-15,36
2020/07/24 10:25:10.318,-30,12,-15,36
2020/07/24 10:25:10.344,-30,12,-15,36
2020/07/24 10:25:10.371,-30,12,-15,36
2020/07/24 10:25:10.398,-30,13,-15,36
2020/07/24 10:25:10.425,-30,13,-15,36
2020/07/24 10:25:10.451,-30,13,-15,36
2020/07/24 10:25:10.478,-30,13,-15,36
2020/07/24 10:25:10.504,-30,13,-15,36
2020/07/24 10:25:10.529,-30,13,-15,36
2020/07/24 10:25:10.555,-30,12,-15,36
2020/07/24 10:25:10.582,-30,12,-15,36
2020/07/24 10:25:10.610,-30,12,-15,36
2020/07/24 10:25:10.637,-30,12,-15,36
2020/07/24 10:25:10.663,-30,12,-15,36
2020/07/24 10:25:10.690,-30,12,-15,36
2020/07/24 10:25:10.716,-30,12,-15,36
2020/07/24 10:25:10.741,-30,12,-15,36
2020/07/24 10:25:10.770,-30,12,-15,36
2020/07/24 10:25:10.796,-30,12,-15,36
2020/07/24 10:25:10.823,-30,12,-15,36
2020/07/24 10:25:10.849,-30,12,-15,36
2020/07/24 10:25:10.876,-30,12,-16,36
2020/07/24 10:25:10.903,-30,12,-16,36
2020/07/24 10:25:10.931,-30,12,-16,36
2020/07/24 10:25:10.959,-30,12,-16,36
2020/07/24 10:25:10.986,-30,12,-16,36
2020/07/24 10:25:11.012,-30,12,-16,36
2020/07/24 10:25:11.039,-29,12,-16,35
2020/07/24 10:25:11.066,-29,12,-16,35
2020/07/24 10:25:11.093,-29,12,-16,35
2020/07/24 10:25:11.119,-29,12,-16,35
2020/07/24 10:25:11.146,-29,12,-16,35
2020/07/24 10:25:11.173,-29,12,-16,35
2020/07/24 10:25:11.200,-29,12,-17,36
2020/07/24 10:25:11.227,-29,12,-17,36
2020/07/24 10:25:11.253,-29,12,-17,36
2020/07/24 10:25:11.280,-29,12,-17,36
2020/07/24 10:25:11.307,-29,12,-17,36
2020/07/24 10:25:11.333,-29,12,-17,36
2020/07/24 10:25:11.360,-29,12,-17,36
2020/07/24 10:25:11.387,-29,12,-17,36
2020/07/24 10:25:11.413,-29,12,-17,36
2020/07/24 10:25:11.440,-29,12,-17,36
2020/07/24 10:25:11.467,-29,12,-17,36
2020/07/24 10:25:11.493,-29,12,-17,36
2020/07/24 10:25:11.519,-29,11,-17,35
2020/07/24 10:25:11.544,-29,11,-17,35
2020/07/24 10:25:11.569,-29,11,-17,35
2020/07/24 10:25:11.594,-29,11,-17,35
2020/07/24 10:25:11.620,-29,11,-17,35
2020/07/24 10:25:11.647,-29,11,-17,35
2020/07/24 10:25:11.673,-29,11,-17,35
2020/07/24 10:25:11.700,-29,11,-17,35
2020/07/24 10:25:11.727,-29,11,-17,35
2020/07/24 10:25:11.754,-29,11,-17,35
2020/07/24 10:25:11.781,-29,11,-17,35
2020/07/24 10:25:11.807,-29,11,-17,35
2020/07/24 10:25:11.834,-29,12,-16,35
2020/07/24 10:25:11.860,-29,12,-16,35
2020/07/24 10:25:11.887,-29,12,-16,35
2020/07/24 10:25:11.914,-29,12,-16,35
2020/07/24 10:25:11.940,-29,12,-16,35
2020/07/24 10:25:11.967,-29,12,-16,35
2020/07/24 10:25:11.994,-29,12,-16,35
2020/07/24 10:25:12.019,-29,12,-16,35
2020/07/24 10:25:12.046,-29,12,-16,35
2020/07/24 10:25:12.073,-29,12,-16,35
2020/07/24 10:25:12.100,-29,12,-16,35
2020/07/24 10:25:12.126,-29,12,-16,35
2020/07/24 10:25:12.153,-29,12,-16,35
2020/07/24 10:25:12.180,-29,12,-16,35
2020/07/24 10:25:12.206,-29,12,-16,35
2020/07/24 10:25:12.233,-29,12,-16,35
2020/07/24 10:25:12.260,-29,12,-16,35
2020/07/24 10:25:12.287,-29,12,-16,35
2020/07/24 10:25:12.314,-30,12,-15,36
2020/07/24 10:25:12.340,-30,12,-15,36
2020/07/24 10:25:12.368,-30,12,-15,36
2020/07/24 10:25:12.395,-30,12,-15,36
2020/07/24 10:25:12.423,-30,12,-15,36
2020/07/24 10:25:12.450,-30,12,-15,36
2020/07/24 10:25:12.476,-30,12,-15,36
2020/07/24 10:25:12.502,-30,12,-15,36
2020/07/24 10:25:12.530,-30,12,-15,36
2020/07/24 10:25:12.555,-30,12,-15,36
2020/07/24 10:25:12.579,-30,12,-15,36
2020/07/24 10:25:12.604,-30,12,-15,36
2020/07/24 10:25:12.629,-30,12,-15,36
2020/07/24 10:25:12.656,-30,12,-15,36
2020/07/24 10:25:12.683,-30,12,-15,36
2020/07/24 10:25:12.710,-30,12,-15,36
2020/07/24 10:25:12.736,-30,12,-15,36
2020/07/24 10:25:12.763,-30,12,-15,36
2020/07/24 10:25:12.790,-30,12,-16,36
2020/07/24 10:25:12.818,-30,12,-16,36
2020/07/24 10:25:12.845,-30,12,-16,36
2020/07/24 10:25:12.872,-30,12,-16,36
2020/07/24 10:25:12.898,-30,12,-16,36
2020/07/24 10:25:12.923,-30,12,-16,36
2020/07/24 10:25:12.948,-30,12,-16,36
2020/07/24 10:25:12.975,-30,12,-16,36
2020/07/24 10:25:13.003,-30,12,-16,36
2020/07/24 10:25:13.030,-30,12,-16,36
2020/07/24 10:25:13.057,-30,12,-16,36
2020/07/24 10:25:13.084,-30,12,-16,36
2020/07/24 10:25:13.109,-29,12,-16,35
2020/07/24 10:25:13.134,-29,12,-16,35
2020/07/24 10:25:13.161,-29,12,-16,35
2020/07/24 10:25:13.188,-29,12,-16,35
2020/07/24 10:25:13.215,-29,12,-16,35
2020/07/24 10:25:13.242,-29,12,-16,35
2020/07/24 10:25:13.269,-30,12,-17,37
2020/07/24 10:25:13.295,-30,12,-17,37
2020/07/24 10:25:13.322,-30,12,-17,37
2020/07/24 10:25:13.349,-30,12,-17,37
2020/07/24 10:25:13.376,-30,12,-17,37
2020/07/24 10:25:13.403,-30,12,-17,37
2020/07/24 10:25:13.430,-30,12,-16,36
2020/07/24 10:25:13.456,-30,12,-16,36
2020/07/24 10:25:13.483,-30,12,-16,36
2020/07/24 10:25:13.510,-30,12,-16,36
2020/07/24 10:25:13.537,-30,12,-16,36
2020/07/24 10:25:13.564,-30,12,-16,36
2020/07/24 10:25:13.591,-30,12,-15,36
2020/07/24 10:25:13.620,-30,12,-15,36
2020/07/24 10:25:13.650,-30,12,-15,36
2020/07/24 10:25:13.676,-30,12,-15,36
2020/07/24 10:25:13.702,-30,12,-15,36
2020/07/24 10:25:13.730,-30,12,-15,36
2020/07/24 10:25:13.756,-30,12,-16,36
2020/07/24 10:25:13.783,-30,12,-16,36
2020/07/24 10:25:13.810,-30,12,-16,36
2020/07/24 10:25:13.838,-30,12,-16,36
2020/07/24 10:25:13.865,-30,12,-16,36
2020/07/24 10:25:13.892,-30,12,-16,36
2020/07/24 10:25:13.919,-30,12,-15,36
2020/07/24 10:25:13.946,-30,12,-15,36
2020/07/24 10:25:13.974,-30,12,-15,36
2020/07/24 10:25:14.001,-30,12,-15,36
2020/07/24 10:25:14.028,-30,12,-15,36
2020/07/24 10:25:14.055,-30,12,-15,36
2020/07/24 10:25:14.082,-30,12,-15,36
2020/07/24 10:25:14.109,-30,12,-15,36
2020/07/24 10:25:14.137,-30,12,-15,36
2020/07/24 10:25:14.164,-30,12,-15,36
2020/07/24 10:25:14.191,-30,12,-15,36
2020/07/24 10:25:14.216,-30,12,-15,36
2020/07/24 10:25:14.243,-30,12,-15,36
2020/07/24 10:25:14.270,-30,12,-15,36
2020/07/24 10:25:14.297,-30,12,-15,36
2020/07/24 10:25:14.324,-30,12,-15,36
2020/07/24 10:25:14.350,-30,12,-15,36
2020/07/24 10:25:14.378,-30,12,-15,36
2020/07/24 10:25:14.405,-30,13,-15,36
2020/07/24 10:25:14.432,-30,13,-15,36
2020/07/24 10:25:14.459,-30,13,-15,36
2020/07/24 10:25:14.486,-30,13,-15,36
2020/07/24 10:25:14.512,-30,13,-15,36
2020/07/24 10:25:14.539,-30,13,-15,36
2020/07/24 10:25:14.565,-30,12,-15,36
2020/07/24 10:25:14.592,-30,12,-15,36
2020/07/24 10:25:14.619,-30,12,-15,36
2020/07/24 10:25:14.644,-30,12,-15,36
2020/07/24 10:25:14.670,-30,12,-15,36
2020/07/24 10:25:14.695,-30,12,-15,36
2020/07/24 10:25:14.720,-30,12,-15,36
2020/07/24 10:25:14.747,-30,12,-15,36
2020/07/24 10:25:14.773,-30,12,-15,36
2020/07/24 10:25:14.800,-30,12,-15,36
2020/07/24 10:25:14.827,-30,12,-15,36
2020/07/24 10:25:14.854,-30,12,-15,36
2020/07/24 10:25:14.880,-30,12,-16,36
2020/07/24 10:25:14.908,-30,12,-16,36
2020/07/24 10:25:14.935,-30,12,-16,36
2020/07/24 10:25:14.966,-30,12,-16,36
2020/07/24 10:25:14.995,-30,12,-16,36
2020/07/24 10:25:15.030,-30,12,-16,36
2020/07/24 10:25:15.056,-30,11,-16,36
2020/07/24 10:25:15.080,-30,11,-16,36
2020/07/24 10:25:15.105,-30,11,-16,36
2020/07/24 10:25:15.132,-30,11,-16,36
2020/07/24 10:25:15.157,-30,11,-16,36
2020/07/24 10:25:15.184,-30,11,-16,36
2020/07/24 10:25:15.214,-30,11,-16,36
2020/07/24 10:25:15.251,-30,11,-16,36
2020/07/24 10:25:15.275,-30,11,-16,36
2020/07/24 10:25:15.298,-30,11,-16,36
2020/07/24 10:25:15.320,-30,11,-16,36
2020/07/24 10:25:15.343,-30,11,-16,36
2020/07/24 10:25:15.366,-29,12,-16,35
2020/07/24 10:25:15.390,-29,12,-16,35
2020/07/24 10:25:15.415,-29,12,-16,35
2020/07/24 10:25:15.440,-29,12,-16,35
2020/07/24 10:25:15.466,-29,12,-16,35
2020/07/24 10:25:15.492,-29,12,-16,35
2020/07/24 10:25:15.519,-30,12,-16,36
2020/07/24 10:25:15.546,-30,12,-16,36
2020/07/24 10:25:15.573,-30,12,-16,36
2020/07/24 10:25:15.600,-30,12,-16,36
2020/07/24 10:25:15.626,-30,12,-16,36
2020/07/24 10:25:15.652,-30,12,-16,36
2020/07/24 10:25:15.676,-29,12,-16,35
2020/07/24 10:25:15.701,-29,12,-16,35
2020/07/24 10:25:15.726,-29,12,-16,35
2020/07/24 10:25:15.751,-29,12,-16,35
2020/07/24 10:25:15.776,-29,12,-16,35
2020/07/24 10:25:15.803,-29,12,-16,35
2020/07/24 10:25:15.831,-29,12,-15,35
2020/07/24 10:25:15.858,-29,12,-15,35
2020/07/24 10:25:15.886,-29,12,-15,35
2020/07/24 10:25:15.913,-29,12,-15,35
2020/07/24 10:25:15.940,-29,12,-15,35
2020/07/24 10:25:15.967,-29,12,-15,35
2020/07/24 10:25:15.994,-29,11,-15,34
2020/07/24 10:25:16.021,-29,11,-15,34
2020/07/24 10:25:16.048,-29,11,-15,34
2020/07/24 10:25:16.076,-29,11,-15,34
2020/07/24 10:25:16.103,-29,11,-15,34
2020/07/24 10:25:16.129,-29,11,-15,34
2020/07/24 10:25:16.154,-29,12,-15,35
2020/07/24 10:25:16.181,-29,12,-15,35
2020/07/24 10:25:16.224,-29,12,-15,35
2020/07/24 10:25:16.251,-29,12,-15,35
2020/07/24 10:25:16.278,-29,12,-15,35
2020/07/24 10:25:16.305,-29,12,-15,35
2020/07/24 10:25:16.330,-29,12,-15,35
2020/07/24 10:25:16.357,-29,12,-15,35
2020/07/24 10:25:16.384,-29,12,-15,35
2020/07/24 10:25:16.411,-29,12,-15,35
2020/07/24 10:25:16.438,-29,12,-15,35
2020/07/24 10:25:16.464,-29,12,-15,35
2020/07/24 10:25:16.491,-29,11,-15,34
2020/07/24 10:25:16.519,-29,11,-15,34
2020/07/24 10:25:16.546,-29,11,-15,34
2020/07/24 10:25:16.572,-29,11,-15,34
2020/07/24 10:25:16.598,-29,11,-15,34
2020/07/24 10:25:16.623,-29,11,-15,34
2020/07/24 10:25:16.648,-29,12,-16,35
2020/07/24 10:25:16.676,-29,12,-16,35
2020/07/24 10:25:16.703,-29,12,-16,35
2020/07/24 10:25:16.729,-29,12,-16,35
2020/07/24 10:25:16.755,-29,12,-16,35
2020/07/24 10:25:16.780,-29,12,-16,35
2020/07/24 10:25:16.805,-29,11,-16,35
2020/07/24 10:25:16.832,-29,11,-16,35
2020/07/24 10:25:16.859,-29,11,-16,35
2020/07/24 10:25:16.886,-29,11,-16,35
2020/07/24 10:25:16.912,-29,11,-16,35
2020/07/24 10:25:16.939,-29,11,-16,35
2020/07/24 10:25:16.966,-30,11,-17,36
2020/07/24 10:25:16.994,-30,11,-17,36
2020/07/24 10:25:17.020,-30,11,-17,36
2020/07/24 10:25:17.046,-30,11,-17,36
2020/07/24 10:25:17.072,-30,11,-17,36
2020/07/24 10:25:17.099,-30,11,-17,36
2020/07/24 10:25:17.126,-30,11,-17,36
2020/07/24 10:25:17.153,-30,11,-17,36
2020/07/24 10:25:17.180,-30,11,-17,36
2020/07/24 10:25:17.208,-30,11,-17,36
2020/07/24 10:25:17.234,-30,11,-17,36
2020/07/24 10:25:17.262,-30,11,-17,36
2020/07/24 10:25:17.289,-30,12,-16,36
2020/07/24 10:25:17.316,-30,12,-16,36
2020/07/24 10:25:17.343,-30,12,-16,36
2020/07/24 10:25:17.370,-30,12,-16,36
2020/07/24 10:25:17.396,-30,12,-16,36
2020/07/24 10:25:17.424,-30,12,-16,36
2020/07/24 10:25:17.451,-30,12,-16,36
2020/07/24 10:25:17.479,-30,12,-16,36
2020/07/24 10:25:17.505,-30,12,-16,36
2020/07/24 10:25:17.531,-30,12,-16,36
2020/07/24 10:25:17.558,-30,12,-16,36
2020/07/24 10:25:17.586,-30,12,-16,36
2020/07/24 10:25:17.614,-30,12,-16,36
2020/07/24 10:25:17.642,-30,12,-16,36
2020/07/24 10:25:17.669,-30,12,-16,36
2020/07/24 10:25:17.696,-30,12,-16,36
2020/07/24 10:25:17.723,-30,12,-16,36
2020/07/24 10:25:17.750,-30,12,-16,36
2020/07/24 10:25:17.776,-30,12,-16,36
2020/07/24 10:25:17.802,-30,12,-16,36
2020/07/24 10:25:17.828,-30,12,-16,36
2020/07/24 10:25:17.853,-30,12,-16,36
2020/07/24 10:25:17.879,-30,12,-16,36
2020/07/24 10:25:17.906,-30,13,-16,36
2020/07/24 10:25:17.933,-30,13,-16,36
2020/07/24 10:25:17.960,-30,13,-16,36
2020/07/24 10:25:17.987,-30,13,-16,36
2020/07/24 10:25:18.014,-30,13,-16,36
2020/07/24 10:25:18.041,-30,13,-16,36
2020/07/24 10:25:18.067,-30,12,-16,36
2020/07/24 10:25:18.094,-30,12,-16,36
2020/07/24 10:25:18.121,-30,12,-16,36
2020/07/24 10:25:18.148,-30,12,-16,36
2020/07/24 10:25:18.175,-30,12,-16,36
2020/07/24 10:25:18.202,-30,12,-16,36
2020/07/24 10:25:18.228,-30,13,-15,36
2020/07/24 10:25:18.256,-30,13,-15,36
2020/07/24 10:25:18.282,-30,13,-15,36
2020/07/24 10:25:18.310,-30,13,-15,36
2020/07/24 10:25:18.335,-30,13,-15,36
2020/07/24 10:25:18.361,-30,13,-15,36
2020/07/24 10:25:18.387,-30,12,-15,36
2020/07/24 10:25:18.414,-30,12,-15,36
2020/07/24 10:25:18.441,-30,12,-15,36
2020/07/24 10:25:18.468,-30,12,-15,36
2020/07/24 10:25:18.495,-30,12,-15,36
2020/07/24 10:25:18.522,-30,12,-15,36
2020/07/24 10:25:18.548,-30,12,-15,36
2020/07/24 10:25:18.576,-30,12,-15,36
2020/07/24 10:25:18.603,-30,12,-15,36
2020/07/24 10:25:18.630,-30,12,-15,36
2020/07/24 10:25:18.656,-30,12,-15,36
2020/07/24 10:25:18.683,-30,12,-15,36
2020/07/24 10:25:18.710,-30,12,-16,36
2020/07/24 10:25:18.735,-30,12,-16,36
2020/07/24 10:25:18.761,-30,12,-16,36
2020/07/24 10:25:18.787,-30,12,-16,36
2020/07/24 10:25:18.814,-30,12,-16,36
2020/07/24 10:25:18.841,-30,12,-16,36
2020/07/24 10:25:18.867,-30,12,-16,36
2020/07/24 10:25:18.892,-30,12,-16,36
2020/07/24 10:25:18.917,-30,12,-16,36
2020/07/24 10:25:18.945,-30,12,-16,36
2020/07/24 10:25:18.971,-30,12,-16,36
2020/07/24 10:25:18.998,-30,12,-16,36
2020/07/24 10:25:19.025,-29,12,-16,35
2020/07/24 10:25:19.052,-29,12,-16,35
2020/07/24 10:25:19.079,-29,12,-16,35
2020/07/24 10:25:19.106,-29,12,-16,35
2020/07/24 10:25:19.131,-29,12,-16,35
2020/07/24 10:25:19.157,-29,12,-16,35
2020/07/24 10:25:19.184,-29,12,-16,35
2020/07/24 10:25:19.212,-29,12,-16,35
2020/07/24 10:25:19.239,-29,12,-16,35
2020/07/24 10:25:19.267,-29,12,-16,35
2020/07/24 10:25:19.294,-29,12,-16,35
2020/07/24 10:25:19.320,-29,12,-16,35
2020/07/24 10:25:19.347,-29,12,-17,36
2020/07/24 10:25:19.375,-29,12,-17,36
2020/07/24 10:25:19.402,-29,12,-17,36
2020/07/24 10:25:19.428,-29,12,-17,36
2020/07/24 10:25:19.455,-29,12,-17,36
2020/07/24 10:25:19.482,-29,12,-17,36
2020/07/24 10:25:19.509,-30,12,-17,37
2020/07/24 10:25:19.535,-30,12,-17,37
2020/07/24 10:25:19.561,-30,12,-17,37
2020/07/24 10:25:19.590,-30,12,-17,37
2020/07/24 10:25:19.617,-30,12,-17,37
2020/07/24 10:25:19.644,-30,12,-17,37
2020/07/24 10:25:19.672,-30,12,-16,36
2020/07/24 10:25:19.699,-30,12,-16,36
2020/07/24 10:25:19.726,-30,12,-16,36
2020/07/24 10:25:19.753,-30,12,-16,36
2020/07/24 10:25:19.779,-30,12,-16,36
2020/07/24 10:25:19.806,-30,12,-16,36
2020/07/24 10:25:19.833,-30,12,-16,36
2020/07/24 10:25:19.860,-30,12,-16,36
2020/07/24 10:25:19.887,-30,12,-16,36
2020/07/24 10:25:19.915,-30,12,-16,36
2020/07/24 10:25:19.942,-30,12,-16,36
2020/07/24 10:25:19.968,-30,12,-16,36
2020/07/24 10:25:19.995,-30,12,-16,36
2020/07/24 10:25:20.020,-30,12,-16,36
2020/07/24 10:25:20.045,-30,12,-16,36
2020/07/24 10:25:20.070,-30,12,-16,36
2020/07/24 10:25:20.096,-30,12,-16,36
2020/07/24 10:25:20.123,-30,12,-16,36
2020/07/24 10:25:20.150,-29,12,-16,35
2020/07/24 10:25:20.177,-29,12,-16,35
2020/07/24 10:25:20.204,-29,12,-16,35
2020/07/24 10:25:20.230,-29,12,-16,35
2020/07/24 10:25:20.258,-29,12,-16,35
2020/07/24 10:25:20.284,-29,12,-16,35
2020/07/24 10:25:20.309,-29,12,-16,35
2020/07/24 10:25:20.336,-29,12,-16,35
2020/07/24 10:25:20.363,-29,12,-16,35
2020/07/24 10:25:20.390,-29,12,-16,35
2020/07/24 10:25:20.417,-29,12,-16,35
2020/07/24 10:25:20.443,-29,12,-16,35
2020/07/24 10:25:20.470,-29,12,-16,35
2020/07/24 10:25:20.497,-29,12,-16,35
2020/07/24 10:25:20.524,-29,12,-16,35
2020/07/24 10:25:20.551,-29,12,-16,35
2020/07/24 10:25:20.578,-29,12,-16,35
2020/07/24 10:25:20.605,-29,12,-16,35
2020/07/24 10:25:20.632,-29,12,-16,35
2020/07/24 10:25:20.660,-29,12,-16,35
2020/07/24 10:25:20.688,-29,12,-16,35
2020/07/24 10:25:20.713,-29,12,-16,35
2020/07/24 10:25:20.738,-29,12,-16,35
2020/07/24 10:25:20.765,-29,12,-16,35
2020/07/24 10:25:20.792,-29,12,-16,35
2020/07/24 10:25:20.819,-29,12,-16,35
2020/07/24 10:25:20.846,-29,12,-16,35
2020/07/24 10:25:20.873,-29,12,-16,35
2020/07/24 10:25:20.900,-29,12,-16,35
2020/07/24 10:25:20.926,-29,12,-16,35
2020/07/24 10:25:20.951,-29,12,-16,35
2020/07/24 10:25:20.976,-29,12,-16,35
2020/07/24 10:25:21.000,-29,12,-16,35
2020/07/24 10:25:21.025,-29,12,-16,35
2020/07/24 10:25:21.050,-29,12,-16,35
2020/07/24 10:25:21.076,-29,12,-16,35
2020/07/24 10:25:21.103,-29,12,-16,35
2020/07/24 10:25:21.130,-29,12,-16,35
2020/07/24 10:25:21.157,-29,12,-16,35
2020/07/24 10:25:21.184,-29,12,-16,35
2020/07/24 10:25:21.211,-29,12,-16,35
2020/07/24 10:25:21.238,-29,12,-16,35
2020/07/24 10:25:21.266,-29,12,-16,35
2020/07/24 10:25:21.293,-29,12,-16,35
2020/07/24 10:25:21.320,-29,12,-16,35
2020/07/24 10:25:21.347,-29,12,-16,35
2020/07/24 10:25:21.372,-29,12,-16,35
2020/07/24 10:25:21.401,-29,12,-16,35
2020/07/24 10:25:21.426,-29,12,-16,35
2020/07/24 10:25:21.451,-29,12,-16,35
2020/07/24 10:25:21.478,-29,12,-16,35
2020/07/24 10:25:21.506,-29,12,-16,35
2020/07/24 10:25:21.533,-29,12,-16,35
2020/07/24 10:25:21.560,-29,12,-16,35
2020/07/24 10:25:21.588,-29,11,-16,35
2020/07/24 10:25:21.615,-29,11,-16,35
2020/07/24 10:25:21.643,-29,11,-16,35
2020/07/24 10:25:21.670,-29,11,-16,35
2020/07/24 10:25:21.697,-29,11,-16,35
2020/07/24 10:25:21.724,-29,11,-16,35
2020/07/24 10:25:21.751,-29,12,-16,35
2020/07/24 10:25:21.775,-29,12,-16,35
2020/07/24 10:25:21.800,-29,12,-16,35
2020/07/24 10:25:21.827,-29,12,-16,35
2020/07/24 10:25:21.855,-29,12,-16,35
2020/07/24 10:25:21.880,-29,12,-16,35
2020/07/24 10:25:21.907,-30,12,-16,36
2020/07/24 10:25:21.934,-30,12,-16,36
2020/07/24 10:25:21.961,-30,12,-16,36
2020/07/24 10:25:21.987,-30,12,-16,36
2020/07/24 10:25:22.014,-30,12,-16,36
2020/07/24 10:25:22.040,-30,12,-16,36
2020/07/24 10:25:22.066,-30,12,-16,36
2020/07/24 10:25:22.092,-30,12,-16,36
2020/07/24 10:25:22.120,-30,12,-16,36
2020/07/24 10:25:22.146,-30,12,-16,36
2020/07/24 10:25:22.170,-30,12,-16,36
2020/07/24 10:25:22.198,-30,12,-16,36
2020/07/24 10:25:22.225,-30,11,-16,36
2020/07/24 10:25:22.251,-30,11,-16,36
2020/07/24 10:25:22.278,-30,11,-16,36
2020/07/24 10:25:22.305,-30,11,-16,36
2020/07/24 10:25:22.332,-30,11,-16,36
2020/07/24 10:25:22.359,-30,11,-16,36
2020/07/24 10:25:22.386,-29,11,-16,35
2020/07/24 10:25:22.414,-29,11,-16,35
2020/07/24 10:25:22.442,-29,11,-16,35
2020/07/24 10:25:22.468,-29,11,-16,35
2020/07/24 10:25:22.494,-29,11,-16,35
2020/07/24 10:25:22.520,-29,11,-16,35
2020/07/24 10:25:22.546,-29,11,-16,35
2020/07/24 10:25:22.573,-29,11,-16,35
2020/07/24 10:25:22.601,-29,11,-16,35
2020/07/24 10:25:22.628,-29,11,-16,35
2020/07/24 10:25:22.656,-29,11,-16,35
2020/07/24 10:25:22.682,-29,11,-16,35
2020/07/24 10:25:22.709,-30,12,-16,36
2020/07/24 10:25:22.736,-30,12,-16,36
2020/07/24 10:25:22.763,-30,12,-16,36
2020/07/24 10:25:22.790,-30,12,-16,36
2020/07/24 10:25:22.817,-30,12,-16,36
2020/07/24 10:25:22.845,-30,12,-16,36
2020/07/24 10:25:22.874,-30,12,-16,36
2020/07/24 10:25:22.901,-30,12,-16,36
2020/07/24 10:25:22.929,-30,12,-16,36
2020/07/24 10:25:22.957,-30,12,-16,36
2020/07/24 10:25:22.985,-30,12,-16,36
2020/07/24 10:25:23.012,-30,12,-16,36
2020/07/24 10:25:23.038,-30,12,-16,36
2020/07/24 10:25:23.064,-30,12,-16,36
2020/07/24 10:25:23.091,-30,12,-16,36
2020/07/24 10:25:23.116,-30,12,-16,36
2020/07/24 10:25:23.142,-30,12,-16,36
2020/07/24 10:25:23.169,-30,12,-16,36
2020/07/24 10:25:23.198,-29,12,-16,35
2020/07/24 10:25:23.226,-29,12,-16,35
2020/07/24 10:25:23.258,-29,12,-16,35
2020/07/24 10:25:23.285,-29,12,-16,35
2020/07/24 10:25:23.312,-29,12,-16,35
2020/07/24 10:25:23.339,-29,12,-16,35
2020/07/24 10:25:23.367,-29,12,-16,35
2020/07/24 10:25:23.396,-29,12,-16,35
2020/07/24 10:25:23.424,-29,12,-16,35
2020/07/24 10:25:23.451,-29,12,-16,35
2020/07/24 10:25:23.478,-29,12,-16,35
2020/07/24 10:25:23.505,-29,12,-15,35
2020/07/24 10:25:23.532,-29,12,-15,35
2020/07/24 10:25:23.560,-29,12,-15,35
2020/07/24 10:25:23.588,-29,12,-15,35
2020/07/24 10:25:23.616,-29,12,-15,35
2020/07/24 10:25:23.642,-29,12,-15,35
2020/07/24 10:25:23.669,-29,13,-16,36
2020/07/24 10:25:23.697,-29,13,-16,36
2020/07/24 10:25:23.724,-29,13,-16,36
2020/07/24 10:25:23.751,-29,13,-16,36
2020/07/24 10:25:23.778,-29,13,-16,36
2020/07/24 10:25:23.805,-29,13,-16,36
2020/07/24 10:25:23.832,-29,12,-16,35
2020/07/24 10:25:23.859,-29,12,-16,35
2020/07/24 10:25:23.887,-29,12,-16,35
2020/07/24 10:25:23.914,-29,12,-16,35
2020/07/24 10:25:23.939,-29,12,-16,35
2020/07/24 10:25:23.965,-29,12,-16,35
2020/07/24 10:25:23.992,-29,12,-16,35
2020/07/24 10:25:24.019,-29,12,-16,35
2020/07/24 10:25:24.046,-29,12,-16,35
2020/07/24 10:25:24.072,-29,12,-16,35
2020/07/24 10:25:24.099,-29,12,-16,35
2020/07/24 10:25:24.126,-29,12,-16,35
2020/07/24 10:25:24.151,-29,12,-16,35
2020/07/24 10:25:24.181,-29,12,-16,35
2020/07/24 10:25:24.210,-29,12,-16,35
2020/07/24 10:25:24.237,-29,12,-16,35
2020/07/24 10:25:24.262,-29,12,-16,35
2020/07/24 10:25:24.288,-29,12,-16,35
2020/07/24 10:25:24.314,-29,11,-16,35
2020/07/24 10:25:24.342,-29,11,-16,35
2020/07/24 10:25:24.368,-29,11,-16,35
2020/07/24 10:25:24.395,-29,11,-16,35
2020/07/24 10:25:24.422,-29,11,-16,35
2020/07/24 10:25:24.450,-29,11,-16,35
2020/07/24 10:25:24.476,-29,12,-16,35
2020/07/24 10:25:24.503,-29,12,-16,35
2020/07/24 10:25:24.530,-29,12,-16,35
2020/07/24 10:25:24.557,-29,12,-16,35
2020/07/24 10:25:24.582,-29,12,-16,35
2020/07/24 10:25:24.609,-29,12,-16,35
2020/07/24 10:25:24.636,-29,12,-16,35
2020/07/24 10:25:24.664,-29,12,-16,35
2020/07/24 10:25:24.690,-29,12,-16,35
2020/07/24 10:25:24.718,-29,12,-16,35
2020/07/24 10:25:24.744,-29,12,-16,35
2020/07/24 10:25:24.772,-29,12,-16,35
2020/07/24 10:25:24.799,-30,12,-16,36
2020/07/24 10:25:24.826,-30,12,-16,36
2020/07/24 10:25:24.853,-30,12,-16,36
2020/07/24 10:25:24.880,-30,12,-16,36
2020/07/24 10:25:24.905,-30,12,-16,36
2020/07/24 10:25:24.932,-30,12,-16,36
2020/07/24 10:25:24.958,-30,12,-15,36
2020/07/24 10:25:24.986,-30,12,-15,36
2020/07/24 10:25:25.014,-30,12,-15,36
2020/07/24 10:25:25.041,-30,12,-15,36
2020/07/24 10:25:25.068,-30,12,-15,36
2020/07/24 10:25:25.095,-30,12,-15,36
2020/07/24 10:25:25.123,-30,12,-16,36
2020/07/24 10:25:25.150,-30,12,-16,36
2020/07/24 10:25:25.175,-30,12,-16,36
2020/07/24 10:25:25.207,-30,12,-16,36
2020/07/24 10:25:25.232,-30,12,-16,36
2020/07/24 10:25:25.258,-30,12,-16,36
2020/07/24 10:25:25.286,-30,12,-16,36
2020/07/24 10:25:25.313,-30,12,-16,36
2020/07/24 10:25:25.340,-30,12,-16,36
2020/07/24 10:25:25.367,-30,12,-16,36
2020/07/24 10:25:25.394,-30,12,-16,36
2020/07/24 10:25:25.422,-30,12,-16,36
2020/07/24 10:25:25.449,-30,12,-16,36
2020/07/24 10:25:25.476,-30,12,-16,36
2020/07/24 10:25:25.503,-30,12,-16,36
2020/07/24 10:25:25.531,-30,12,-16,36
2020/07/24 10:25:25.556,-30,12,-16,36
2020/07/24 10:25:25.583,-29,12,-16,35
2020/07/24 10:25:25.610,-29,12,-16,35
2020/07/24 10:25:25.638,-29,12,-16,35
2020/07/24 10:25:25.665,-29,12,-16,35
2020/07/24 10:25:25.692,-29,12,-16,35
2020/07/24 10:25:25.719,-29,12,-16,35
2020/07/24 10:25:25.746,-29,12,-16,35
2020/07/24 10:25:25.773,-29,12,-16,35
2020/07/24 10:25:25.800,-29,12,-16,35
2020/07/24 10:25:25.828,-29,12,-16,35
2020/07/24 10:25:25.854,-29,12,-16,35
2020/07/24 10:25:25.881,-29,12,-16,35
2020/07/24 10:25:25.906,-29,12,-16,35
2020/07/24 10:25:25.934,-29,12,-16,35
2020/07/24 10:25:25.961,-29,12,-16,35
2020/07/24 10:25:25.988,-29,12,-16,35
2020/07/24 10:25:26.015,-29,12,-16,35
2020/07/24 10:25:26.043,-29,12,-16,35
2020/07/24 10:25:26.070,-30,12,-16,36
2020/07/24 10:25:26.097,-30,12,-16,36
2020/07/24 10:25:26.124,-30,12,-16,36
2020/07/24 10:25:26.152,-30,12,-16,36
2020/07/24 10:25:26.179,-30,12,-16,36
2020/07/24 10:25:26.206,-30,12,-16,36
2020/07/24 10:25:26.232,-30,11,-15,35
2020/07/24 10:25:26.257,-30,11,-15,35
2020/07/24 10:25:26.282,-30,11,-15,35
2020/07/24 10:25:26.310,-30,11,-15,35
2020/07/24 10:25:26.338,-30,11,-15,35
2020/07/24 10:25:26.366,-30,11,-15,35
2020/07/24 10:25:26.393,-30,12,-15,36
2020/07/24 10:25:26.420,-30,12,-15,36
2020/07/24 10:25:26.447,-30,12,-15,36
2020/07/24 10:25:26.474,-30,12,-15,36
2020/07/24 10:25:26.501,-30,12,-15,36
2020/07/24 10:25:26.526,-30,12,-15,36
2020/07/24 10:25:26.552,-30,11,-16,36
2020/07/24 10:25:26.579,-30,11,-16,36
2020/07/24 10:25:26.606,-30,11,-16,36
2020/07/24 10:25:26.634,-30,11,-16,36
2020/07/24 10:25:26.661,-30,11,-16,36
2020/07/24 10:25:26.689,-30,11,-16,36
2020/07/24 10:25:26.716,-30,11,-16,36
2020/07/24 10:25:26.743,-30,11,-16,36
2020/07/24 10:25:26.771,-30,11,-16,36
2020/07/24 10:25:26.798,-30,11,-16,36
2020/07/24 10:25:26.823,-30,11,-16,36
2020/07/24 10:25:26.850,-30,11,-16,36
2020/07/24 10:25:26.878,-29,12,-16,35
2020/07/24 10:25:26.905,-29,12,-16,35
2020/07/24 10:25:26.932,-29,12,-16,35
2020/07/24 10:25:26.960,-29,12,-16,35
2020/07/24 10:25:26.987,-29,12,-16,35
2020/07/24 10:25:27.015,-29,12,-16,35
2020/07/24 10:25:27.042,-29,11,-16,35
2020/07/24 10:25:27.069,-29,11,-16,35
2020/07/24 10:25:27.097,-29,11,-16,35
2020/07/24 10:25:27.121,-29,11,-16,35
2020/07/24 10:25:27.148,-29,11,-16,35
2020/07/24 10:25:27.176,-29,11,-16,35
2020/07/24 10:25:27.204,-29,12,-16,35
2020/07/24 10:25:27.231,-29,12,-16,35
2020/07/24 10:25:27.257,-29,12,-16,35
2020/07/24 10:25:27.283,-29,12,-16,35
2020/07/24 10:25:27.307,-29,12,-16,35
2020/07/24 10:25:27.333,-29,12,-16,35
2020/07/24 10:25:27.359,-29,12,-16,35
2020/07/24 10:25:27.388,-29,12,-16,35
2020/07/24 10:25:27.414,-29,12,-16,35
2020/07/24 10:25:27.440,-29,12,-16,35
2020/07/24 10:25:27.468,-29,12,-16,35
2020/07/24 10:25:27.495,-29,12,-16,35
2020/07/24 10:25:27.524,-30,12,-16,36
2020/07/24 10:25:27.551,-30,12,-16,36
2020/07/24 10:25:27.579,-30,12,-16,36
2020/07/24 10:25:27.606,-30,12,-16,36
2020/07/24 10:25:27.634,-30,12,-16,36
2020/07/24 10:25:27.661,-29,12,-16,35
2020/07/24 10:25:27.688,-29,12,-16,35
2020/07/24 10:25:27.716,-29,12,-16,35
2020/07/24 10:25:27.742,-29,12,-16,35
2020/07/24 10:25:27.767,-29,12,-16,35
2020/07/24 10:25:27.794,-29,12,-16,35
2020/07/24 10:25:27.822,-29,12,-15,35
2020/07/24 10:25:27.850,-29,12,-15,35
2020/07/24 10:25:27.878,-29,12,-15,35
2020/07/24 10:25:27.906,-29,12,-15,35
2020/07/24 10:25:27.933,-29,12,-15,35
2020/07/24 10:25:27.962,-29,12,-15,35
2020/07/24 10:25:27.990,-29,12,-16,35
2020/07/24 10:25:28.018,-29,12,-16,35
2020/07/24 10:25:28.047,-29,12,-16,35
2020/07/24 10:25:28.077,-29,12,-16,35
2020/07/24 10:25:28.105,-29,12,-16,35
2020/07/24 10:25:28.133,-29,12,-16,35
2020/07/24 10:25:28.160,-30,12,-16,36
2020/07/24 10:25:28.188,-30,12,-16,36
2020/07/24 10:25:28.216,-30,12,-16,36
2020/07/24 10:25:28.244,-30,12,-16,36
2020/07/24 10:25:28.272,-30,12,-16,36
2020/07/24 10:25:28.297,-30,12,-16,36
2020/07/24 10:25:28.323,-30,12,-16,36
2020/07/24 10:25:28.351,-30,12,-16,36
2020/07/24 10:25:28.377,-30,12,-16,36
2020/07/24 10:25:28.404,-30,12,-16,36
2020/07/24 10:25:28.430,-30,12,-16,36
2020/07/24 10:25:28.457,-30,12,-16,36
2020/07/24 10:25:28.485,-30,12,-16,36
2020/07/24 10:25:28.513,-30,12,-16,36
2020/07/24 10:25:28.540,-30,12,-16,36
2020/07/24 10:25:28.567,-30,12,-16,36
2020/07/24 10:25:28.596,-30,12,-16,36
2020/07/24 10:25:28.623,-29,12,-16,35
2020/07/24 10:25:28.653,-29,12,-16,35
2020/07/24 10:25:28.684,-29,12,-16,35
2020/07/24 10:25:28.712,-29,12,-16,35
2020/07/24 10:25:28.740,-29,12,-16,35
2020/07/24 10:25:28.767,-29,12,-16,35
2020/07/24 10:25:28.794,-29,12,-16,35
2020/07/24 10:25:28.822,-29,12,-16,35
2020/07/24 10:25:28.849,-29,12,-16,35
2020/07/24 10:25:28.876,-29,12,-16,35
2020/07/24 10:25:28.904,-29,12,-16,35
2020/07/24 10:25:28.931,-29,12,-16,35
2020/07/24 10:25:28.959,-29,12,-15,35
2020/07/24 10:25:28.987,-29,12,-15,35
2020/07/24 10:25:29.017,-29,12,-15,35
2020/07/24 10:25:29.047,-29,12,-15,35
2020/07/24 10:25:29.074,-29,12,-15,35
2020/07/24 10:25:29.102,-29,13,-15,35
2020/07/24 10:25:29.129,-29,13,-15,35
2020/07/24 10:25:29.157,-29,13,-15,35
2020/07/24 10:25:29.184,-29,13,-15,35
2020/07/24 10:25:29.212,-29,13,-15,35
2020/07/24 10:25:29.239,-29,13,-15,35
2020/07/24 10:25:29.266,-29,13,-15,35
2020/07/24 10:25:29.294,-29,13,-15,35
2020/07/24 10:25:29.323,-29,13,-15,35
2020/07/24 10:25:29.349,-29,13,-15,35
2020/07/24 10:25:29.379,-29,13,-15,35
2020/07/24 10:25:29.404,-29,13,-15,35
2020/07/24 10:25:29.429,-29,13,-15,35
2020/07/24 10:25:29.455,-29,13,-15,35
2020/07/24 10:25:29.483,-29,13,-15,35
2020/07/24 10:25:29.510,-29,13,-15,35
2020/07/24 10:25:29.538,-29,13,-15,35
2020/07/24 10:25:29.566,-29,13,-15,35
2020/07/24 10:25:29.594,-29,13,-15,35
2020/07/24 10:25:29.619,-29,13,-15,35
2020/07/24 10:25:29.646,-29,13,-15,35
2020/07/24 10:25:29.672,-29,13,-15,35
2020/07/24 10:25:29.696,-29,13,-15,35
2020/07/24 10:25:29.720,-29,13,-15,35
2020/07/24 10:25:29.745,-29,13,-15,35
2020/07/24 10:25:29.772,-29,13,-15,35
2020/07/24 10:25:29.800,-29,13,-15,35
2020/07/24 10:25:29.827,-29,13,-15,35
2020/07/24 10:25:29.855,-29,13,-15,35
2020/07/24 10:25:29.882,-29,13,-15,35
2020/07/24 10:25:29.910,-30,13,-15,36
2020/07/24 10:25:29.939,-30,13,-15,36
2020/07/24 10:25:29.966,-30,13,-15,36
2020/07/24 10:25:29.994,-30,13,-15,36
2020/07/24 10:25:30.022,-30,13,-15,36
2020/07/24 10:25:30.050,-30,13,-15,36
2020/07/24 10:25:30.078,-29,12,-15,35
2020/07/24 10:25:30.105,-29,12,-15,35
2020/07/24 10:25:30.132,-29,12,-15,35
2020/07/24 10:25:30.160,-29,12,-15,35
2020/07/24 10:25:30.188,-29,12,-15,35
2020/07/24 10:25:30.218,-29,12,-15,35
2020/07/24 10:25:30.247,-30,12,-15,36
2020/07/24 10:25:30.274,-30,12,-15,36
2020/07/24 10:25:30.302,-30,12,-15,36
2020/07/24 10:25:30.329,-30,12,-15,36
2020/07/24 10:25:30.357,-30,12,-15,36
2020/07/24 10:25:30.386,-29,11,-15,34
2020/07/24 10:25:30.412,-29,11,-15,34
2020/07/24 10:25:30.439,-29,11,-15,34
2020/07/24 10:25:30.465,-29,11,-15,34
2020/07/24 10:25:30.492,-29,11,-15,34
2020/07/24 10:25:30.517,-29,11,-15,34
2020/07/24 10:25:30.543,-29,12,-15,35
2020/07/24 10:25:30.571,-29,12,-15,35
2020/07/24 10:25:30.598,-29,12,-15,35
2020/07/24 10:25:30.626,-29,12,-15,35
2020/07/24 10:25:30.654,-29,12,-15,35
2020/07/24 10:25:30.682,-29,12,-15,35
2020/07/24 10:25:30.709,-29,12,-16,35
2020/07/24 10:25:30.738,-29,12,-16,35
2020/07/24 10:25:30.765,-29,12,-16,35
2020/07/24 10:25:30.792,-29,12,-16,35
2020/07/24 10:25:30.817,-29,12,-16,35
2020/07/24 10:25:30.845,-29,12,-16,35
2020/07/24 10:25:30.872,-29,12,-16,35
2020/07/24 10:25:30.900,-29,12,-16,35
2020/07/24 10:25:30.928,-29,12,-16,35
2020/07/24 10:25:30.956,-29,12,-16,35
2020/07/24 10:25:30.984,-29,12,-16,35
2020/07/24 10:25:31.011,-29,12,-16,35
2020/07/24 10:25:31.039,-29,12,-16,35
2020/07/24 10:25:31.066,-29,12,-16,35
2020/07/24 10:25:31.091,-29,12,-16,35
2020/07/24 10:25:31.119,-29,12,-16,35
2020/07/24 10:25:31.147,-29,12,-16,35
2020/07/24 10:25:31.175,-29,12,-16,35
2020/07/24 10:25:31.203,-30,12,-17,37
2020/07/24 10:25:31.231,-30,12,-17,37
2020/07/24 10:25:31.259,-30,12,-17,37
2020/07/24 10:25:31.287,-30,12,-17,37
2020/07/24 10:25:31.316,-30,12,-17,37
2020/07/24 10:25:31.346,-30,12,-16,36
2020/07/24 10:25:31.377,-30,12,-16,36
2020/07/24 10:25:31.406,-30,12,-16,36
2020/07/24 10:25:31.434,-30,12,-16,36
2020/07/24 10:25:31.460,-30,12,-16,36
2020/07/24 10:25:31.487,-30,12,-16,36
2020/07/24 10:25:31.513,-30,13,-16,36
2020/07/24 10:25:31.538,-30,13,-16,36
2020/07/24 10:25:31.566,-30,13,-16,36
2020/07/24 10:25:31.594,-30,13,-16,36
2020/07/24 10:25:31.622,-30,13,-16,36
2020/07/24 10:25:31.649,-30,13,-16,36
2020/07/24 10:25:31.676,-30,13,-16,36
2020/07/24 10:25:31.703,-30,13,-16,36
2020/07/24 10:25:31.731,-30,13,-16,36
2020/07/24 10:25:31.758,-30,13,-16,36
2020/07/24 10:25:31.786,-30,13,-16,36
2020/07/24 10:25:31.814,-30,13,-16,36
2020/07/24 10:25:31.842,-30,12,-16,36
2020/07/24 10:25:31.872,-30,12,-16,36
2020/07/24 10:25:31.899,-30,12,-16,36
2020/07/24 10:25:31.928,-30,12,-16,36
2020/07/24 10:25:31.958,-30,12,-16,36
2020/07/24 10:25:31.989,-30,12,-16,36
2020/07/24 10:25:32.017,-30,12,-16,36
2020/07/24 10:25:32.045,-30,12,-16,36
2020/07/24 10:25:32.072,-30,12,-16,36
2020/07/24 10:25:32.100,-30,12,-16,36
2020/07/24 10:25:32.129,-30,12,-16,36
2020/07/24 10:25:32.157,-29,12,-16,35
2020/07/24 10:25:32.186,-29,12,-16,35
2020/07/24 10:25:32.213,-29,12,-16,35
2020/07/24 10:25:32.241,-29,12,-16,35
2020/07/24 10:25:32.271,-29,12,-16,35
2020/07/24 10:25:32.300,-29,12,-16,35
2020/07/24 10:25:32.328,-29,12,-16,35
2020/07/24 10:25:32.357,-29,12,-16,35
2020/07/24 10:25:32.386,-29,12,-16,35
2020/07/24 10:25:32.413,-29,12,-16,35
2020/07/24 10:25:32.441,-29,12,-16,35
2020/07/24 10:25:32.467,-29,12,-15,35
2020/07/24 10:25:32.492,-29,12,-15,35
2020/07/24 10:25:32.519,-29,12,-15,35
2020/07/24 10:25:32.546,-29,12,-15,35
2020/07/24 10:25:32.571,-29,12,-15,35
2020/07/24 10:25:32.597,-29,12,-15,35
2020/07/24 10:25:32.623,-28,13,-16,35
2020/07/24 10:25:32.652,-28,13,-16,35
2020/07/24 10:25:32.679,-28,13,-16,35
2020/07/24 10:25:32.707,-28,13,-16,35
2020/07/24 10:25:32.736,-28,13,-16,35
2020/07/24 10:25:32.763,-28,13,-16,35
2020/07/24 10:25:32.791,-29,13,-15,35
2020/07/24 10:25:32.819,-29,13,-15,35
2020/07/24 10:25:32.848,-29,13,-15,35
2020/07/24 10:25:32.876,-29,13,-15,35
2020/07/24 10:25:32.904,-29,13,-15,35
2020/07/24 10:25:32.932,-29,13,-15,35
2020/07/24 10:25:32.960,-29,12,-15,35
2020/07/24 10:25:32.989,-29,12,-15,35
2020/07/24 10:25:33.017,-29,12,-15,35
2020/07/24 10:25:33.045,-29,12,-15,35
2020/07/24 10:25:33.073,-29,12,-15,35
2020/07/24 10:25:33.102,-29,12,-15,35
2020/07/24 10:25:33.135,-29,12,-16,35
2020/07/24 10:25:33.160,-29,12,-16,35
2020/07/24 10:25:33.187,-29,12,-16,35
2020/07/24 10:25:33.216,-29,12,-16,35
2020/07/24 10:25:33.243,-29,12,-16,35
2020/07/24 10:25:33.271,-29,12,-15,35
2020/07/24 10:25:33.298,-29,12,-15,35
2020/07/24 10:25:33.326,-29,12,-15,35
2020/07/24 10:25:33.353,-29,12,-15,35
2020/07/24 10:25:33.378,-29,12,-15,35
2020/07/24 10:25:33.402,-29,12,-15,35
2020/07/24 10:25:33.425,-30,12,-16,36
2020/07/24 10:25:33.448,-30,12,-16,36
2020/07/24 10:25:33.472,-30,12,-16,36
2020/07/24 10:25:33.498,-30,12,-16,36
2020/07/24 10:25:33.525,-30,12,-16,36
2020/07/24 10:25:33.551,-30,12,-16,36
2020/07/24 10:25:33.575,-30,12,-16,36
2020/07/24 10:25:33.600,-30,12,-16,36
2020/07/24 10:25:33.625,-30,12,-16,36
2020/07/24 10:25:33.650,-30,12,-16,36
2020/07/24 10:25:33.678,-30,12,-16,36
2020/07/24 10:25:33.705,-30,12,-16,36
2020/07/24 10:25:33.732,-30,12,-16,36
2020/07/24 10:25:33.760,-30,11,-17,36
2020/07/24 10:25:33.787,-30,11,-17,36
2020/07/24 10:25:33.815,-30,11,-17,36
2020/07/24 10:25:33.843,-30,11,-17,36
2020/07/24 10:25:33.871,-30,11,-17,36
2020/07/24 10:25:33.898,-30,11,-17,36
2020/07/24 10:25:33.926,-30,11,-17,36
2020/07/24 10:25:33.953,-30,11,-17,36
2020/07/24 10:25:33.981,-30,11,-17,36
2020/07/24 10:25:34.008,-30,11,-17,36
2020/07/24 10:25:34.036,-30,11,-17,36
2020/07/24 10:25:34.063,-29,11,-17,35
2020/07/24 10:25:34.090,-29,11,-17,35
2020/07/24 10:25:34.118,-29,11,-17,35
2020/07/24 10:25:34.145,-29,11,-17,35
2020/07/24 10:25:34.170,-29,11,-17,35
2020/07/24 10:25:34.198,-29,11,-17,35
2020/07/24 10:25:34.226,-29,11,-16,35
2020/07/24 10:25:34.253,-29,11,-16,35
2020/07/24 10:25:34.281,-29,11,-16,35
2020/07/24 10:25:34.308,-29,11,-16,35
2020/07/24 10:25:34.336,-29,11,-16,35
2020/07/24 10:25:34.363,-29,11,-16,35
2020/07/24 10:25:34.388,-29,12,-16,35
2020/07/24 10:25:34.416,-29,12,-16,35
2020/07/24 10:25:34.443,-29,12,-16,35
2020/07/24 10:25:34.471,-29,12,-16,35
2020/07/24 10:25:34.498,-29,12,-16,35
2020/07/24 10:25:34.526,-29,12,-16,35
2020/07/24 10:25:34.553,-29,12,-15,35
2020/07/24 10:25:34.580,-29,12,-15,35
2020/07/24 10:25:34.608,-29,12,-15,35
2020/07/24 10:25:34.636,-29,12,-15,35
2020/07/24 10:25:34.661,-29,12,-15,35
2020/07/24 10:25:34.686,-29,12,-15,35
2020/07/24 10:25:34.714,-30,12,-16,36
2020/07/24 10:25:34.742,-30,12,-16,36
2020/07/24 10:25:34.770,-30,12,-16,36
2020/07/24 10:25:34.798,-30,12,-16,36
2020/07/24 10:25:34.825,-30,12,-16,36
2020/07/24 10:25:34.853,-30,12,-16,36
2020/07/24 10:25:34.880,-30,12,-16,36
2020/07/24 10:25:34.908,-30,12,-16,36
2020/07/24 10:25:34.937,-30,12,-16,36
2020/07/24 10:25:34.964,-30,12,-16,36
2020/07/24 10:25:34.992,-30,12,-16,36
2020/07/24 10:25:35.020,-30,12,-16,36
2020/07/24 10:25:35.047,-30,12,-16,36
2020/07/24 10:25:35.075,-30,12,-16,36
2020/07/24 10:25:35.104,-30,12,-16,36
2020/07/24 10:25:35.131,-30,12,-16,36
2020/07/24 10:25:35.159,-30,12,-16,36
2020/07/24 10:25:35.186,-30,12,-17,37
2020/07/24 10:25:35.211,-30,12,-17,37
2020/07/24 10:25:35.237,-30,12,-17,37
2020/07/24 10:25:35.266,-30,12,-17,37
2020/07/24 10:25:35.293,-30,12,-17,37
2020/07/24 10:25:35.321,-30,12,-17,37
2020/07/24 10:25:35.348,-30,12,-16,36
2020/07/24 10:25:35.376,-30,12,-16,36
2020/07/24 10:25:35.404,-30,12,-16,36
2020/07/24 10:25:35.431,-30,12,-16,36
2020/07/24 10:25:35.459,-30,12,-16,36
2020/07/24 10:25:35.484,-30,12,-16,36
2020/07/24 10:25:35.512,-29,12,-16,35
2020/07/24 10:25:35.540,-29,12,-16,35
2020/07/24 10:25:35.568,-29,12,-16,35
2020/07/24 10:25:35.595,-29,12,-16,35
2020/07/24 10:25:35.624,-29,12,-16,35
2020/07/24 10:25:35.651,-29,12,-16,35
2020/07/24 10:25:35.689,-30,12,-16,36
2020/07/24 10:25:35.717,-30,12,-16,36
2020/07/24 10:25:35.742,-30,12,-16,36
2020/07/24 10:25:35.770,-30,12,-16,36
2020/07/24 10:25:35.798,-30,12,-16,36
2020/07/24 10:25:35.825,-29,12,-16,35
2020/07/24 10:25:35.853,-29,12,-16,35
2020/07/24 10:25:35.881,-29,12,-16,35
2020/07/24 10:25:35.909,-29,12,-16,35
2020/07/24 10:25:35.937,-29,12,-16,35
2020/07/24 10:25:35.964,-29,12,-16,35
2020/07/24 10:25:35.992,-30,12,-16,36
2020/07/24 10:25:36.021,-30,12,-16,36
2020/07/24 10:25:36.048,-30,12,-16,36
2020/07/24 10:25:36.076,-30,12,-16,36
2020/07/24 10:25:36.104,-30,12,-16,36
2020/07/24 10:25:36.132,-30,12,-16,36
2020/07/24 10:25:36.161,-30,12,-16,36
2020/07/24 10:25:36.190,-30,12,-16,36
2020/07/24 10:25:36.218,-30,12,-16,36
2020/07/24 10:25:36.247,-30,12,-16,36
2020/07/24 10:25:36.274,-30,12,-16,36
2020/07/24 10:25:36.303,-30,12,-16,36
2020/07/24 10:25:36.331,-30,12,-16,36
2020/07/24 10:25:36.359,-30,12,-16,36
2020/07/24 10:25:36.387,-30,12,-16,36
2020/07/24 10:25:36.416,-30,12,-16,36
2020/07/24 10:25:36.443,-30,12,-16,36
2020/07/24 10:25:36.469,-30,12,-16,36
2020/07/24 10:25:36.495,-30,12,-16,36
2020/07/24 10:25:36.522,-30,12,-16,36
2020/07/24 10:25:36.550,-30,12,-16,36
2020/07/24 10:25:36.578,-30,12,-16,36
2020/07/24 10:25:36.606,-30,12,-16,36
2020/07/24 10:25:36.634,-30,12,-16,36
2020/07/24 10:25:36.662,-30,12,-16,36
2020/07/24 10:25:36.690,-30,12,-16,36
2020/07/24 10:25:36.718,-30,12,-16,36
2020/07/24 10:25:36.743,-30,12,-16,36
2020/07/24 10:25:36.768,-30,12,-16,36
2020/07/24 10:25:36.795,-30,12,-16,36
2020/07/24 10:25:36.823,-30,12,-16,36
2020/07/24 10:25:36.851,-30,12,-16,36
2020/07/24 10:25:36.879,-30,12,-16,36
2020/07/24 10:25:36.907,-30,12,-16,36
2020/07/24 10:25:36.935,-30,12,-16,36
2020/07/24 10:25:36.964,-29,12,-16,35
2020/07/24 10:25:36.993,-29,12,-16,35
2020/07/24 10:25:37.022,-29,12,-16,35
2020/07/24 10:25:37.050,-29,12,-16,35
2020/07/24 10:25:37.078,-29,12,-16,35
2020/07/24 10:25:37.106,-29,13,-16,36
2020/07/24 10:25:37.134,-29,13,-16,36
2020/07/24 10:25:37.162,-29,13,-16,36
2020/07/24 10:25:37.190,-29,13,-16,36
2020/07/24 10:25:37.219,-29,13,-16,36
2020/07/24 10:25:37.248,-29,13,-16,36
2020/07/24 10:25:37.279,-29,13,-17,36
2020/07/24 10:25:37.306,-29,13,-17,36
2020/07/24 10:25:37.332,-29,13,-17,36
2020/07/24 10:25:37.361,-29,13,-17,36
2020/07/24 10:25:37.389,-29,13,-17,36
2020/07/24 10:25:37.417,-29,12,-16,35
2020/07/24 10:25:37.446,-29,12,-16,35
2020/07/24 10:25:37.474,-29,12,-16,35
2020/07/24 10:25:37.503,-29,12,-16,35
2020/07/24 10:25:37.534,-29,12,-16,35
2020/07/24 10:25:37.562,-29,12,-16,35
2020/07/24 10:25:37.589,-30,12,-16,36
2020/07/24 10:25:37.617,-30,12,-16,36
2020/07/24 10:25:37.646,-30,12,-16,36
2020/07/24 10:25:37.674,-30,12,-16,36
2020/07/24 10:25:37.702,-30,12,-16,36
2020/07/24 10:25:37.729,-30,12,-16,36
2020/07/24 10:25:37.762,-30,11,-16,36
2020/07/24 10:25:37.790,-30,11,-16,36
2020/07/24 10:25:37.815,-30,11,-16,36
2020/07/24 10:25:37.842,-30,11,-16,36
2020/07/24 10:25:37.870,-30,11,-16,36
2020/07/24 10:25:37.898,-30,11,-15,35
2020/07/24 10:25:37.927,-30,11,-15,35
2020/07/24 10:25:37.956,-30,11,-15,35
2020/07/24 10:25:37.985,-30,11,-15,35
2020/07/24 10:25:38.012,-30,11,-15,35
2020/07/24 10:25:38.038,-30,11,-15,35
2020/07/24 10:25:38.066,-30,11,-15,35
2020/07/24 10:25:38.094,-30,11,-15,35
2020/07/24 10:25:38.122,-30,11,-15,35
2020/07/24 10:25:38.148,-30,11,-15,35
2020/07/24 10:25:38.174,-30,11,-15,35
2020/07/24 10:25:38.201,-30,11,-15,35
2020/07/24 10:25:38.229,-29,11,-15,34
2020/07/24 10:25:38.256,-29,11,-15,34
2020/07/24 10:25:38.285,-29,11,-15,34
2020/07/24 10:25:38.312,-29,11,-15,34
2020/07/24 10:25:38.340,-29,11,-15,34
2020/07/24 10:25:38.367,-29,11,-15,34
2020/07/24 10:25:38.395,-29,12,-16,35
2020/07/24 10:25:38.423,-29,12,-16,35
2020/07/24 10:25:38.452,-29,12,-16,35
2020/07/24 10:25:38.481,-29,12,-16,35
2020/07/24 10:25:38.509,-29,12,-16,35
2020/07/24 10:25:38.540,-29,12,-16,35
2020/07/24 10:25:38.571,-29,12,-16,35
2020/07/24 10:25:38.599,-29,12,-16,35
2020/07/24 10:25:38.627,-29,12,-16,35
2020/07/24 10:25:38.656,-29,12,-16,35
2020/07/24 10:25:38.684,-29,12,-16,35
2020/07/24 10:25:38.713,-29,12,-15,35
2020/07/24 10:25:38.741,-29,12,-15,35
2020/07/24 10:25:38.770,-29,12,-15,35
2020/07/24 10:25:38.796,-29,12,-15,35
2020/07/24 10:25:38.822,-29,12,-15,35
2020/07/24 10:25:38.847,-29,12,-15,35
2020/07/24 10:25:38.871,-30,12,-16,36
2020/07/24 10:25:38.898,-30,12,-16,36
2020/07/24 10:25:38.926,-30,12,-16,36
2020/07/24 10:25:38.953,-30,12,-16,36
2020/07/24 10:25:38.993,-30,12,-16,36
2020/07/24 10:25:39.022,-29,12,-15,35
2020/07/24 10:25:39.047,-29,12,-15,35
2020/07/24 10:25:39.073,-29,12,-15,35
2020/07/24 10:25:39.099,-29,12,-15,35
2020/07/24 10:25:39.129,-29,12,-15,35
2020/07/24 10:25:39.155,-29,12,-15,35
2020/07/24 10:25:39.179,-29,13,-15,35
2020/07/24 10:25:39.203,-29,13,-15,35
2020/07/24 10:25:39.227,-29,13,-15,35
2020/07/24 10:25:39.256,-29,13,-15,35
2020/07/24 10:25:39.281,-29,13,-15,35
2020/07/24 10:25:39.305,-29,13,-15,35
2020/07/24 10:25:39.332,-29,13,-15,35
2020/07/24 10:25:39.357,-30,13,-16,36
2020/07/24 10:25:39.382,-30,13,-16,36
2020/07/24 10:25:39.406,-30,13,-16,36
2020/07/24 10:25:39.434,-30,13,-16,36
2020/07/24 10:25:39.462,-30,13,-16,36
2020/07/24 10:25:39.488,-30,13,-16,36
2020/07/24 10:25:39.517,-29,13,-16,36
2020/07/24 10:25:39.546,-29,13,-16,36
2020/07/24 10:25:39.576,-29,13,-16,36
2020/07/24 10:25:39.604,-29,13,-16,36
2020/07/24 10:25:39.632,-29,13,-16,36
2020/07/24 10:25:39.661,-29,13,-15,35
2020/07/24 10:25:39.690,-29,13,-15,35
2020/07/24 10:25:39.720,-29,13,-15,35
2020/07/24 10:25:39.747,-29,13,-15,35
2020/07/24 10:25:39.774,-29,13,-15,35
2020/07/24 10:25:39.802,-29,13,-15,35
2020/07/24 10:25:39.830,-30,12,-15,36
2020/07/24 10:25:39.858,-30,12,-15,36
2020/07/24 10:25:39.884,-30,12,-15,36
2020/07/24 10:25:39.910,-30,12,-15,36
2020/07/24 10:25:39.938,-30,12,-15,36
2020/07/24 10:25:39.964,-30,12,-15,36
2020/07/24 10:25:39.991,-29,12,-15,35
2020/07/24 10:25:40.019,-29,12,-15,35
2020/07/24 10:25:40.048,-29,12,-15,35
2020/07/24 10:25:40.076,-29,12,-15,35
2020/07/24 10:25:40.104,-29,12,-15,35
2020/07/24 10:25:40.132,-29,12,-15,35
2020/07/24 10:25:40.160,-30,11,-16,36
2020/07/24 10:25:40.188,-30,11,-16,36
2020/07/24 10:25:40.218,-30,11,-16,36
2020/07/24 10:25:40.247,-30,11,-16,36
2020/07/24 10:25:40.275,-30,11,-16,36
2020/07/24 10:25:40.304,-30,12,-17,37
2020/07/24 10:25:40.332,-30,12,-17,37
2020/07/24 10:25:40.360,-30,12,-17,37
2020/07/24 10:25:40.389,-30,12,-17,37
2020/07/24 10:25:40.418,-30,12,-17,37
2020/07/24 10:25:40.448,-30,12,-17,37
2020/07/24 10:25:40.479,-29,12,-17,36
2020/07/24 10:25:40.508,-29,12,-17,36
2020/07/24 10:25:40.536,-29,12,-17,36
2020/07/24 10:25:40.564,-29,12,-17,36
2020/07/24 10:25:40.592,-29,12,-17,36
2020/07/24 10:25:40.620,-30,12,-16,36
2020/07/24 10:25:40.649,-30,12,-16,36
2020/07/24 10:25:40.677,-30,12,-16,36
2020/07/24 10:25:40.703,-30,12,-16,36
2020/07/24 10:25:40.729,-30,12,-16,36
2020/07/24 10:25:40.758,-30,12,-16,36
2020/07/24 10:25:40.786,-29,12,-16,35
2020/07/24 10:25:40.814,-29,12,-16,35
2020/07/24 10:25:40.843,-29,12,-16,35
2020/07/24 10:25:40.872,-29,12,-16,35
2020/07/24 10:25:40.899,-29,12,-16,35
2020/07/24 10:25:40.926,-29,12,-16,35
2020/07/24 10:25:40.953,-29,12,-15,35
2020/07/24 10:25:40.979,-29,12,-15,35
2020/07/24 10:25:41.006,-29,12,-15,35
2020/07/24 10:25:41.036,-29,12,-15,35
2020/07/24 10:25:41.064,-29,12,-15,35
2020/07/24 10:25:41.092,-29,12,-15,35
2020/07/24 10:25:41.120,-29,12,-15,35
2020/07/24 10:25:41.149,-29,12,-15,35
2020/07/24 10:25:41.176,-29,12,-15,35
2020/07/24 10:25:41.204,-29,12,-15,35
2020/07/24 10:25:41.232,-29,12,-15,35
2020/07/24 10:25:41.260,-29,12,-16,35
2020/07/24 10:25:41.288,-29,12,-16,35
2020/07/24 10:25:41.316,-29,12,-16,35
2020/07/24 10:25:41.344,-29,12,-16,35
2020/07/24 10:25:41.372,-29,12,-16,35
2020/07/24 10:25:41.403,-29,12,-16,35
2020/07/24 10:25:41.433,-29,12,-15,35
2020/07/24 10:25:41.462,-29,12,-15,35
2020/07/24 10:25:41.492,-29,12,-15,35
2020/07/24 10:25:41.520,-29,12,-15,35
2020/07/24 10:25:41.549,-29,12,-15,35
2020/07/24 10:25:41.578,-29,12,-15,35
2020/07/24 10:25:41.606,-29,12,-15,35
2020/07/24 10:25:41.636,-29,12,-15,35
2020/07/24 10:25:41.665,-29,12,-15,35
2020/07/24 10:25:41.693,-29,12,-15,35
2020/07/24 10:25:41.722,-29,12,-15,35
2020/07/24 10:25:41.750,-29,12,-15,35
2020/07/24 10:25:41.778,-29,12,-15,35
2020/07/24 10:25:41.807,-29,12,-15,35
2020/07/24 10:25:41.835,-29,12,-15,35
2020/07/24 10:25:41.864,-29,12,-15,35
2020/07/24 10:25:41.892,-29,12,-15,35
2020/07/24 10:25:41.919,-29,12,-15,35
2020/07/24 10:25:41.947,-29,12,-15,35
2020/07/24 10:25:41.973,-29,12,-15,35
2020/07/24 10:25:41.998,-29,12,-15,35
2020/07/24 10:25:42.024,-29,12,-15,35
2020/07/24 10:25:42.052,-29,12,-15,35
2020/07/24 10:25:42.081,-29,12,-15,35
2020/07/24 10:25:42.108,-29,12,-15,35
2020/07/24 10:25:42.140,-29,12,-15,35
2020/07/24 10:25:42.168,-29,12,-15,35
2020/07/24 10:25:42.197,-29,12,-15,35
2020/07/24 10:25:42.226,-30,12,-16,36
2020/07/24 10:25:42.254,-30,12,-16,36
2020/07/24 10:25:42.284,-30,12,-16,36
2020/07/24 10:25:42.312,-30,12,-16,36
2020/07/24 10:25:42.341,-30,12,-16,36
2020/07/24 10:25:42.370,-30,12,-16,36
2020/07/24 10:25:42.400,-29,11,-16,35
2020/07/24 10:25:42.429,-29,11,-16,35
2020/07/24 10:25:42.457,-29,11,-16,35
2020/07/24 10:25:42.486,-29,11,-16,35
2020/07/24 10:25:42.514,-29,11,-16,35
2020/07/24 10:25:42.542,-29,11,-16,35
2020/07/24 10:25:42.570,-29,11,-16,35
2020/07/24 10:25:42.599,-29,11,-16,35
2020/07/24 10:25:42.627,-29,11,-16,35
2020/07/24 10:25:42.657,-29,11,-16,35
2020/07/24 10:25:42.686,-29,11,-16,35
2020/07/24 10:25:42.715,-29,12,-16,35
2020/07/24 10:25:42.744,-29,12,-16,35
2020/07/24 10:25:42.772,-29,12,-16,35
2020/07/24 10:25:42.802,-29,12,-16,35
2020/07/24 10:25:42.830,-29,12,-16,35
2020/07/24 10:25:42.858,-29,12,-16,35
2020/07/24 10:25:42.886,-29,12,-16,35
2020/07/24 10:25:42.916,-29,12,-16,35
2020/07/24 10:25:42.945,-29,12,-16,35
2020/07/24 10:25:42.973,-29,12,-16,35
2020/07/24 10:25:43.000,-29,12,-16,35
2020/07/24 10:25:43.026,-29,12,-16,35
2020/07/24 10:25:43.052,-29,12,-16,35
2020/07/24 10:25:43.079,-29,12,-16,35
2020/07/24 10:25:43.105,-29,12,-16,35
2020/07/24 10:25:43.133,-29,12,-16,35
2020/07/24 10:25:43.161,-29,12,-16,35
2020/07/24 10:25:43.190,-29,12,-15,35
2020/07/24 10:25:43.218,-29,12,-15,35
2020/07/24 10:25:43.247,-29,12,-15,35
2020/07/24 10:25:43.275,-29,12,-15,35
2020/07/24 10:25:43.303,-29,12,-15,35
2020/07/24 10:25:43.331,-29,12,-15,35
2020/07/24 10:25:43.361,-29,12,-16,35
2020/07/24 10:25:43.388,-29,12,-16,35
2020/07/24 10:25:43.417,-29,12,-16,35
2020/07/24 10:25:43.445,-29,12,-16,35
2020/07/24 10:25:43.473,-29,12,-16,35
2020/07/24 10:25:43.502,-29,12,-16,35
2020/07/24 10:25:43.530,-29,12,-16,35
2020/07/24 10:25:43.558,-29,12,-16,35
2020/07/24 10:25:43.584,-29,12,-16,35
2020/07/24 10:25:43.610,-29,12,-16,35
2020/07/24 10:25:43.638,-29,12,-16,35
2020/07/24 10:25:43.666,-29,12,-16,35
2020/07/24 10:25:43.695,-29,12,-16,35
2020/07/24 10:25:43.723,-29,12,-16,35
2020/07/24 10:25:43.752,-29,12,-16,35
2020/07/24 10:25:43.779,-29,12,-16,35
2020/07/24 10:25:43.808,-29,12,-16,35
2020/07/24 10:25:43.838,-29,11,-16,35
2020/07/24 10:25:43.866,-29,11,-16,35
2020/07/24 10:25:43.893,-29,11,-16,35
2020/07/24 10:25:43.922,-29,11,-16,35
2020/07/24 10:25:43.950,-29,11,-16,35
2020/07/24 10:25:43.978,-29,11,-16,35
2020/07/24 10:25:44.006,-29,11,-16,35
2020/07/24 10:25:44.034,-29,11,-16,35
2020/07/24 10:25:44.060,-29,11,-16,35
2020/07/24 10:25:44.086,-29,11,-16,35
2020/07/24 10:25:44.111,-29,11,-16,35
2020/07/24 10:25:44.138,-29,11,-16,35
2020/07/24 10:25:44.168,-29,11,-16,35
2020/07/24 10:25:44.200,-29,11,-16,35
2020/07/24 10:25:44.229,-29,11,-16,35
2020/07/24 10:25:44.256,-29,11,-16,35
2020/07/24 10:25:44.288,-29,11,-16,35
2020/07/24 10:25:44.317,-29,12,-15,35
2020/07/24 10:25:44.345,-29,12,-15,35
2020/07/24 10:25:44.374,-29,12,-15,35
2020/07/24 10:25:44.402,-29,12,-15,35
2020/07/24 10:25:44.431,-29,12,-15,35
2020/07/24 10:25:44.459,-29,12,-16,35
2020/07/24 10:25:44.490,-29,12,-16,35
2020/07/24 10:25:44.518,-29,12,-16,35
2020/07/24 10:25:44.547,-29,12,-16,35
2020/07/24 10:25:44.576,-29,12,-16,35
2020/07/24 10:25:44.604,-29,12,-16,35
2020/07/24 10:25:44.633,-29,12,-16,35
2020/07/24 10:25:44.662,-29,12,-16,35
2020/07/24 10:25:44.691,-29,12,-16,35
2020/07/24 10:25:44.718,-29,12,-16,35
2020/07/24 10:25:44.745,-29,12,-16,35
2020/07/24 10:25:44.772,-29,12,-16,35
2020/07/24 10:25:44.801,-29,12,-16,35
2020/07/24 10:25:44.830,-29,12,-16,35
2020/07/24 10:25:44.858,-29,12,-16,35
2020/07/24 10:25:44.888,-29,12,-16,35
2020/07/24 10:25:44.916,-29,12,-16,35
2020/07/24 10:25:44.944,-29,12,-16,35
2020/07/24 10:25:44.974,-29,12,-16,35
2020/07/24 10:25:45.004,-29,12,-16,35
2020/07/24 10:25:45.034,-29,12,-16,35
2020/07/24 10:25:45.063,-29,12,-16,35
2020/07/24 10:25:45.088,-29,12,-16,35
2020/07/24 10:25:45.117,-29,11,-16,35
2020/07/24 10:25:45.145,-29,11,-16,35
2020/07/24 10:25:45.170,-29,11,-16,35
2020/07/24 10:25:45.201,-29,11,-16,35
2020/07/24 10:25:45.228,-29,11,-16,35
2020/07/24 10:25:45.254,-29,12,-15,35
2020/07/24 10:25:45.283,-29,12,-15,35
2020/07/24 10:25:45.312,-29,12,-15,35
2020/07/24 10:25:45.342,-29,12,-15,35
2020/07/24 10:25:45.371,-29,12,-15,35
2020/07/24 10:25:45.398,-29,12,-15,35
2020/07/24 10:25:45.426,-29,12,-15,35
2020/07/24 10:25:45.457,-29,12,-15,35
2020/07/24 10:25:45.486,-29,12,-15,35
2020/07/24 10:25:45.514,-29,12,-15,35
2020/07/24 10:25:45.543,-29,12,-15,35
2020/07/24 10:25:45.572,-29,12,-15,35
2020/07/24 10:25:45.600,-29,12,-15,35
2020/07/24 10:25:45.630,-29,12,-15,35
2020/07/24 10:25:45.659,-29,12,-15,35
2020/07/24 10:25:45.687,-29,12,-15,35
2020/07/24 10:25:45.715,-29,12,-15,35
2020/07/24 10:25:45.746,-29,13,-16,36
2020/07/24 10:25:45.775,-29,13,-16,36
2020/07/24 10:25:45.803,-29,13,-16,36
2020/07/24 10:25:45.832,-29,13,-16,36
2020/07/24 10:25:45.861,-29,13,-16,36
2020/07/24 10:25:45.890,-29,13,-16,36
2020/07/24 10:25:45.919,-29,12,-16,35
2020/07/24 10:25:45.949,-29,12,-16,35
2020/07/24 10:25:45.981,-29,12,-16,35
2020/07/24 10:25:46.010,-29,12,-16,35
2020/07/24 10:25:46.038,-29,12,-16,35
2020/07/24 10:25:46.067,-29,12,-16,35
2020/07/24 10:25:46.097,-29,12,-16,35
2020/07/24 10:25:46.125,-29,12,-16,35
2020/07/24 10:25:46.152,-29,12,-16,35
2020/07/24 10:25:46.180,-29,12,-16,35
2020/07/24 10:25:46.205,-29,12,-16,35
2020/07/24 10:25:46.235,-29,12,-16,35
2020/07/24 10:25:46.262,-29,12,-16,35
2020/07/24 10:25:46.292,-29,12,-16,35
2020/07/24 10:25:46.322,-29,12,-16,35
2020/07/24 10:25:46.351,-29,12,-16,35
2020/07/24 10:25:46.379,-29,12,-15,35
2020/07/24 10:25:46.406,-29,12,-15,35
2020/07/24 10:25:46.434,-29,12,-15,35
2020/07/24 10:25:46.464,-29,12,-15,35
2020/07/24 10:25:46.493,-29,12,-15,35
2020/07/24 10:25:46.522,-29,12,-15,35
2020/07/24 10:25:46.551,-29,12,-15,35
2020/07/24 10:25:46.580,-29,12,-15,35
2020/07/24 10:25:46.607,-29,12,-15,35
2020/07/24 10:25:46.634,-29,12,-15,35
2020/07/24 10:25:46.663,-29,12,-15,35
2020/07/24 10:25:46.692,-29,12,-15,35
2020/07/24 10:25:46.722,-29,12,-15,35
2020/07/24 10:25:46.751,-29,12,-15,35
2020/07/24 10:25:46.780,-29,12,-15,35
2020/07/24 10:25:46.807,-29,12,-15,35
2020/07/24 10:25:46.837,-29,12,-15,35
2020/07/24 10:25:46.864,-29,12,-16,35
2020/07/24 10:25:46.892,-29,12,-16,35
2020/07/24 10:25:46.921,-29,12,-16,35
2020/07/24 10:25:46.950,-29,12,-16,35
2020/07/24 10:25:46.979,-29,12,-16,35
2020/07/24 10:25:47.008,-29,12,-16,35
2020/07/24 10:25:47.035,-29,13,-16,36
2020/07/24 10:25:47.063,-29,13,-16,36
2020/07/24 10:25:47.093,-29,13,-16,36
2020/07/24 10:25:47.124,-29,13,-16,36
2020/07/24 10:25:47.152,-29,13,-16,36
2020/07/24 10:25:47.181,-29,13,-16,36
2020/07/24 10:25:47.207,-29,13,-16,36
2020/07/24 10:25:47.236,-29,13,-16,36
2020/07/24 10:25:47.263,-29,13,-16,36
2020/07/24 10:25:47.291,-29,13,-16,36
2020/07/24 10:25:47.320,-29,13,-16,36
2020/07/24 10:25:47.349,-29,13,-16,36
2020/07/24 10:25:47.378,-29,13,-16,36
2020/07/24 10:25:47.407,-29,13,-16,36
2020/07/24 10:25:47.436,-29,13,-16,36
2020/07/24 10:25:47.464,-29,13,-16,36
2020/07/24 10:25:47.493,-29,13,-16,35
2020/07/24 10:25:47.523,-29,12,-16,35
2020/07/24 10:25:47.552,-29,12,-16,35
2020/07/24 10:25:47.582,-29,12,-16,35
2020/07/24 10:25:47.611,-29,12,-16,35
2020/07/24 10:25:47.641,-29,12,-16,35
2020/07/24 10:25:47.671,-29,12,-16,35
2020/07/24 10:25:47.702,-29,12,-16,35
2020/07/24 10:25:47.731,-29,12,-16,35
2020/07/24 10:25:47.760,-29,12,-16,35
2020/07/24 10:25:47.790,-29,12,-16,35
2020/07/24 10:25:47.820,-30,12,-16,36
2020/07/24 10:25:47.849,-30,12,-16,36
2020/07/24 10:25:47.879,-30,12,-16,36
2020/07/24 10:25:47.909,-30,12,-16,36
2020/07/24 10:25:47.938,-30,12,-16,36
2020/07/24 10:25:47.967,-30,12,-16,36
2020/07/24 10:25:47.999,-29,12,-16,35
2020/07/24 10:25:48.028,-29,12,-16,35
2020/07/24 10:25:48.058,-29,12,-16,35
2020/07/24 10:25:48.086,-29,12,-16,35
2020/07/24 10:25:48.115,-29,12,-16,35
2020/07/24 10:25:48.144,-30,13,-16,36
2020/07/24 10:25:48.173,-30,13,-16,36
2020/07/24 10:25:48.201,-30,13,-16,36
2020/07/24 10:25:48.229,-30,13,-16,36
2020/07/24 10:25:48.256,-30,13,-16,36
2020/07/24 10:25:48.283,-30,13,-16,36
2020/07/24 10:25:48.309,-30,12,-16,36
2020/07/24 10:25:48.336,-30,12,-16,36
2020/07/24 10:25:48.365,-30,12,-16,36
2020/07/24 10:25:48.393,-30,12,-16,36
2020/07/24 10:25:48.423,-30,12,-16,36
2020/07/24 10:25:48.452,-30,12,-16,36
2020/07/24 10:25:48.482,-30,12,-16,36
2020/07/24 10:25:48.511,-30,12,-16,36
2020/07/24 10:25:48.540,-30,12,-16,36
2020/07/24 10:25:48.570,-30,12,-16,36
2020/07/24 10:25:48.599,-30,12,-16,36
2020/07/24 10:25:48.628,-30,12,-16,36
2020/07/24 10:25:48.663,-30,12,-16,36
2020/07/24 10:25:48.691,-30,12,-16,36
2020/07/24 10:25:48.719,-30,12,-16,36
2020/07/24 10:25:48.748,-30,12,-16,36
2020/07/24 10:25:48.777,-30,12,-16,36
2020/07/24 10:25:48.806,-30,12,-16,36
2020/07/24 10:25:48.835,-30,12,-16,36
2020/07/24 10:25:48.865,-30,12,-16,36
2020/07/24 10:25:48.893,-30,12,-16,36
2020/07/24 10:25:48.923,-30,12,-16,36
2020/07/24 10:25:48.950,-30,12,-16,36
2020/07/24 10:25:48.977,-30,12,-16,36
2020/07/24 10:25:49.003,-30,12,-16,36
2020/07/24 10:25:49.033,-30,12,-16,36
2020/07/24 10:25:49.062,-30,12,-16,36
2020/07/24 10:25:49.090,-30,12,-16,36
2020/07/24 10:25:49.119,-30,12,-17,37
2020/07/24 10:25:49.151,-30,12,-17,37
2020/07/24 10:25:49.182,-30,12,-17,37
2020/07/24 10:25:49.212,-30,12,-17,37
2020/07/24 10:25:49.241,-30,12,-17,37
2020/07/24 10:25:49.272,-30,12,-16,36
2020/07/24 10:25:49.302,-30,12,-16,36
2020/07/24 10:25:49.332,-30,12,-16,36
2020/07/24 10:25:49.361,-30,12,-16,36
2020/07/24 10:25:49.392,-30,12,-16,36
2020/07/24 10:25:49.421,-30,12,-16,36
2020/07/24 10:25:49.450,-30,12,-16,36
2020/07/24 10:25:49.480,-30,12,-16,36
2020/07/24 10:25:49.509,-30,12,-16,36
2020/07/24 10:25:49.538,-30,12,-16,36
2020/07/24 10:25:49.568,-30,12,-16,36
2020/07/24 10:25:49.597,-30,12,-16,36
2020/07/24 10:25:49.626,-30,12,-16,36
2020/07/24 10:25:49.655,-30,12,-16,36
2020/07/24 10:25:49.684,-30,12,-16,36
2020/07/24 10:25:49.713,-30,12,-16,36
2020/07/24 10:25:49.742,-30,12,-16,36
2020/07/24 10:25:49.772,-30,12,-16,36
2020/07/24 10:25:49.799,-30,12,-16,36
2020/07/24 10:25:49.828,-30,12,-16,36
2020/07/24 10:25:49.857,-30,12,-16,36
2020/07/24 10:25:49.886,-30,12,-16,36
2020/07/24 10:25:49.916,-29,13,-16,36
2020/07/24 10:25:49.945,-29,13,-16,36
2020/07/24 10:25:49.975,-29,13,-16,36
2020/07/24 10:25:50.004,-29,13,-16,36
2020/07/24 10:25:50.032,-29,13,-16,36
2020/07/24 10:25:50.059,-29,13,-16,36
2020/07/24 10:25:50.088,-29,13,-16,36
2020/07/24 10:25:50.117,-29,13,-16,36
2020/07/24 10:25:50.146,-29,13,-16,36
2020/07/24 10:25:50.176,-29,13,-16,36
2020/07/24 10:25:50.205,-29,13,-16,36
2020/07/24 10:25:50.234,-29,13,-16,36
2020/07/24 10:25:50.262,-29,13,-16,36
2020/07/24 10:25:50.291,-29,13,-16,36
2020/07/24 10:25:50.318,-29,13,-16,36
2020/07/24 10:25:50.347,-29,13,-16,36
2020/07/24 10:25:50.374,-29,12,-16,35
2020/07/24 10:25:50.401,-29,12,-16,35
2020/07/24 10:25:50.429,-29,12,-16,35
2020/07/24 10:25:50.458,-29,12,-16,35
2020/07/24 10:25:50.485,-29,12,-16,35
2020/07/24 10:25:50.512,-29,12,-16,35
2020/07/24 10:25:50.542,-29,12,-16,35
2020/07/24 10:25:50.571,-29,12,-16,35
2020/07/24 10:25:50.602,-29,12,-16,35
2020/07/24 10:25:50.632,-29,12,-16,35
2020/07/24 10:25:50.660,-29,12,-16,35
2020/07/24 10:25:50.689,-29,12,-16,35
2020/07/24 10:25:50.717,-29,12,-15,35
2020/07/24 10:25:50.746,-29,12,-15,35
2020/07/24 10:25:50.775,-29,12,-15,35
2020/07/24 10:25:50.805,-29,12,-15,35
2020/07/24 10:25:50.834,-29,12,-15,35
2020/07/24 10:25:50.863,-29,11,-15,34
2020/07/24 10:25:50.892,-29,11,-15,34
2020/07/24 10:25:50.925,-29,11,-15,34
2020/07/24 10:25:50.952,-29,11,-15,34
2020/07/24 10:25:50.980,-29,11,-15,34
2020/07/24 10:25:51.010,-29,11,-15,34
2020/07/24 10:25:51.039,-29,12,-15,35
2020/07/24 10:25:51.068,-29,12,-15,35
2020/07/24 10:25:51.098,-29,12,-15,35
2020/07/24 10:25:51.128,-29,12,-15,35
2020/07/24 10:25:51.156,-29,12,-15,35
2020/07/24 10:25:51.185,-29,11,-16,35
2020/07/24 10:25:51.214,-29,11,-16,35
2020/07/24 10:25:51.243,-29,11,-16,35
2020/07/24 10:25:51.273,-29,11,-16,35
2020/07/24 10:25:51.302,-29,11,-16,35
2020/07/24 10:25:51.331,-29,12,-16,35
2020/07/24 10:25:51.361,-29,12,-16,35
2020/07/24 10:25:51.390,-29,12,-16,35
2020/07/24 10:25:51.426,-29,12,-16,35
2020/07/24 10:25:51.452,-29,12,-16,35
2020/07/24 10:25:51.479,-29,12,-16,35
2020/07/24 10:25:51.507,-29,12,-16,35
2020/07/24 10:25:51.537,-29,12,-16,35
2020/07/24 10:25:51.567,-29,12,-16,35
2020/07/24 10:25:51.598,-29,12,-16,35
2020/07/24 10:25:51.626,-29,12,-16,35
2020/07/24 10:25:51.653,-29,12,-16,36
2020/07/24 10:25:51.682,-29,13,-16,36
2020/07/24 10:25:51.710,-29,13,-16,36
2020/07/24 10:25:51.739,-29,13,-16,36
2020/07/24 10:25:51.769,-29,13,-16,36
2020/07/24 10:25:51.798,-29,13,-16,36
2020/07/24 10:25:51.828,-29,13,-16,36
2020/07/24 10:25:51.857,-29,13,-16,36
2020/07/24 10:25:51.887,-29,13,-16,36
2020/07/24 10:25:51.914,-29,13,-16,36
2020/07/24 10:25:51.943,-29,13,-16,36
2020/07/24 10:25:51.973,-28,13,-16,35
2020/07/24 10:25:52.002,-28,13,-16,35
2020/07/24 10:25:52.031,-28,13,-16,35
2020/07/24 10:25:52.061,-28,13,-16,35
2020/07/24 10:25:52.093,-28,13,-16,35
2020/07/24 10:25:52.123,-28,13,-16,35
2020/07/24 10:25:52.152,-29,12,-16,35
2020/07/24 10:25:52.182,-29,12,-16,35
2020/07/24 10:25:52.212,-29,12,-16,35
2020/07/24 10:25:52.241,-29,12,-16,35
2020/07/24 10:25:52.271,-29,12,-16,35
2020/07/24 10:25:52.301,-28,12,-16,34
2020/07/24 10:25:52.333,-28,12,-16,34
2020/07/24 10:25:52.364,-28,12,-16,34
2020/07/24 10:25:52.393,-28,12,-16,34
2020/07/24 10:25:52.423,-28,12,-16,34
2020/07/24 10:25:52.453,-29,12,-16,35
2020/07/24 10:25:52.480,-29,12,-16,35
2020/07/24 10:25:52.507,-29,12,-16,35
2020/07/24 10:25:52.535,-29,12,-16,35
2020/07/24 10:25:52.562,-29,12,-16,35
2020/07/24 10:25:52.592,-29,12,-16,35
2020/07/24 10:25:52.621,-29,12,-16,35
2020/07/24 10:25:52.652,-29,12,-16,35
2020/07/24 10:25:52.682,-29,12,-16,35
2020/07/24 10:25:52.710,-29,12,-16,35
2020/07/24 10:25:52.739,-29,12,-16,35
2020/07/24 10:25:52.769,-29,12,-16,35
2020/07/24 10:25:52.796,-29,12,-16,35
2020/07/24 10:25:52.826,-29,12,-16,35
2020/07/24 10:25:52.855,-29,12,-16,35
2020/07/24 10:25:52.886,-29,12,-16,35
2020/07/24 10:25:52.915,-29,12,-16,35
2020/07/24 10:25:52.944,-29,12,-16,35
2020/07/24 10:25:52.971,-29,12,-16,35
2020/07/24 10:25:52.998,-29,12,-16,35
2020/07/24 10:25:53.028,-29,12,-16,35
2020/07/24 10:25:53.057,-29,12,-16,35
2020/07/24 10:25:53.086,-29,12,-16,35
2020/07/24 10:25:53.117,-29,12,-16,35
2020/07/24 10:25:53.148,-29,12,-16,35
2020/07/24 10:25:53.180,-29,12,-16,35
2020/07/24 10:25:53.210,-29,12,-16,35
2020/07/24 10:25:53.239,-29,12,-16,35
2020/07/24 10:25:53.269,-29,12,-16,35
2020/07/24 10:25:53.299,-29,12,-16,35
2020/07/24 10:25:53.329,-29,12,-16,35
2020/07/24 10:25:53.359,-29,12,-16,35
2020/07/24 10:25:53.390,-29,12,-16,35
2020/07/24 10:25:53.421,-29,12,-16,35
2020/07/24 10:25:53.450,-29,12,-16,35
2020/07/24 10:25:53.479,-29,12,-16,35
2020/07/24 10:25:53.507,-29,12,-16,35
2020/07/24 10:25:53.534,-29,12,-16,35
2020/07/24 10:25:53.560,-29,12,-16,35
2020/07/24 10:25:53.587,-29,13,-15,35
2020/07/24 10:25:53.613,-29,13,-15,35
2020/07/24 10:25:53.642,-29,13,-15,35
2020/07/24 10:25:53.670,-29,13,-15,35
2020/07/24 10:25:53.699,-29,13,-15,35
2020/07/24 10:25:53.728,-29,13,-15,35
2020/07/24 10:25:53.758,-29,13,-15,35
2020/07/24 10:25:53.786,-29,13,-15,35
2020/07/24 10:25:53.817,-29,13,-15,35
2020/07/24 10:25:53.844,-29,13,-15,35
2020/07/24 10:25:53.873,-29,13,-15,35
2020/07/24 10:25:53.903,-30,13,-16,36
2020/07/24 10:25:53.933,-30,13,-16,36
2020/07/24 10:25:53.963,-30,13,-16,36
2020/07/24 10:25:53.994,-30,13,-16,36
2020/07/24 10:25:54.023,-30,13,-16,36
2020/07/24 10:25:54.052,-30,13,-16,36
2020/07/24 10:25:54.082,-30,13,-16,36
2020/07/24 10:25:54.113,-30,13,-16,36
2020/07/24 10:25:54.144,-30,13,-16,36
2020/07/24 10:25:54.174,-30,13,-16,36
2020/07/24 10:25:54.205,-30,13,-16,36
2020/07/24 10:25:54.235,-29,12,-16,35
2020/07/24 10:25:54.264,-29,12,-16,35
2020/07/24 10:25:54.294,-29,12,-16,35
2020/07/24 10:25:54.324,-29,12,-16,35
2020/07/24 10:25:54.353,-29,12,-16,35
2020/07/24 10:25:54.383,-29,13,-17,36
2020/07/24 10:25:54.416,-29,13,-17,36
2020/07/24 10:25:54.447,-29,13,-17,36
2020/07/24 10:25:54.477,-29,13,-17,36
2020/07/24 10:25:54.507,-29,13,-17,36
2020/07/24 10:25:54.536,-29,13,-16,36
2020/07/24 10:25:54.563,-29,13,-16,36
2020/07/24 10:25:54.590,-29,13,-16,36
2020/07/24 10:25:54.617,-29,13,-16,36
2020/07/24 10:25:54.646,-29,13,-16,36
2020/07/24 10:25:54.674,-29,13,-16,36
2020/07/24 10:25:54.703,-29,12,-16,35
2020/07/24 10:25:54.732,-29,12,-16,35
2020/07/24 10:25:54.762,-29,12,-16,35
2020/07/24 10:25:54.792,-29,12,-16,35
2020/07/24 10:25:54.822,-29,12,-16,35
2020/07/24 10:25:54.851,-29,13,-16,36
2020/07/24 10:25:54.881,-29,13,-16,36
2020/07/24 10:25:54.911,-29,13,-16,36
2020/07/24 10:25:54.939,-29,13,-16,36
2020/07/24 10:25:54.968,-29,13,-16,36
2020/07/24 10:25:54.998,-29,13,-16,36
2020/07/24 10:25:55.028,-29,13,-16,36
2020/07/24 10:25:55.058,-29,13,-16,36
2020/07/24 10:25:55.088,-29,13,-16,36
2020/07/24 10:25:55.117,-29,13,-16,36
2020/07/24 10:25:55.150,-29,13,-16,36
2020/07/24 10:25:55.181,-30,13,-17,37
2020/07/24 10:25:55.211,-30,13,-17,37
2020/07/24 10:25:55.241,-30,13,-17,37
2020/07/24 10:25:55.270,-30,13,-17,37
2020/07/24 10:25:55.300,-30,13,-17,37
2020/07/24 10:25:55.330,-29,12,-17,36
2020/07/24 10:25:55.360,-29,12,-17,36
2020/07/24 10:25:55.391,-29,12,-17,36
2020/07/24 10:25:55.419,-29,12,-17,36
2020/07/24 10:25:55.449,-29,12,-17,36
2020/07/24 10:25:55.479,-29,12,-17,36
2020/07/24 10:25:55.510,-30,12,-17,37
2020/07/24 10:25:55.540,-30,12,-17,37
2020/07/24 10:25:55.570,-30,12,-17,37
2020/07/24 10:25:55.599,-30,12,-17,37
2020/07/24 10:25:55.626,-30,12,-17,37
2020/07/24 10:25:55.655,-30,12,-17,37
2020/07/24 10:25:55.681,-30,12,-17,37
2020/07/24 10:25:55.709,-30,12,-17,37
2020/07/24 10:25:55.740,-30,12,-17,37
2020/07/24 10:25:55.769,-30,12,-17,37
2020/07/24 10:25:55.798,-30,12,-17,37
2020/07/24 10:25:55.828,-30,12,-17,37
2020/07/24 10:25:55.855,-30,12,-17,37
2020/07/24 10:25:55.886,-30,12,-17,37
2020/07/24 10:25:55.916,-30,12,-17,37
2020/07/24 10:25:55.946,-30,12,-17,37
2020/07/24 10:25:55.976,-30,12,-17,37
2020/07/24 10:25:56.006,-30,12,-17,37
2020/07/24 10:25:56.035,-30,12,-17,37
2020/07/24 10:25:56.064,-30,12,-17,37
2020/07/24 10:25:56.094,-30,12,-17,37
2020/07/24 10:25:56.123,-30,12,-17,37
2020/07/24 10:25:56.152,-30,12,-16,36
2020/07/24 10:25:56.183,-30,12,-16,36
2020/07/24 10:25:56.213,-30,12,-16,36
2020/07/24 10:25:56.243,-30,12,-16,36
2020/07/24 10:25:56.272,-30,12,-16,36
2020/07/24 10:25:56.302,-29,13,-17,36
2020/07/24 10:25:56.330,-29,13,-17,36
2020/07/24 10:25:56.358,-29,13,-17,36
2020/07/24 10:25:56.387,-29,13,-17,36
2020/07/24 10:25:56.417,-29,13,-17,36
2020/07/24 10:25:56.445,-29,13,-17,36
2020/07/24 10:25:56.472,-29,13,-16,36
2020/07/24 10:25:56.502,-29,13,-16,36
2020/07/24 10:25:56.529,-29,13,-16,36
2020/07/24 10:25:56.554,-29,13,-16,36
2020/07/24 10:25:56.584,-29,13,-16,36
2020/07/24 10:25:56.611,-29,12,-16,35
2020/07/24 10:25:56.641,-29,12,-16,35
2020/07/24 10:25:56.670,-29,12,-16,35
2020/07/24 10:25:56.697,-29,12,-16,35
2020/07/24 10:25:56.724,-29,12,-16,35
2020/07/24 10:25:56.750,-29,12,-16,35
2020/07/24 10:25:56.780,-29,12,-17,36
2020/07/24 10:25:56.810,-29,12,-17,36
2020/07/24 10:25:56.840,-29,12,-17,36
2020/07/24 10:25:56.870,-29,12,-17,36
2020/07/24 10:25:56.899,-29,12,-17,36
2020/07/24 10:25:56.928,-29,12,-17,36
2020/07/24 10:25:56.957,-29,12,-17,36
2020/07/24 10:25:56.988,-29,12,-17,36
2020/07/24 10:25:57.019,-29,12,-17,36
2020/07/24 10:25:57.050,-29,12,-17,36
2020/07/24 10:25:57.080,-29,12,-17,36
2020/07/24 10:25:57.111,-29,12,-17,36
2020/07/24 10:25:57.143,-29,12,-17,36
2020/07/24 10:25:57.174,-29,12,-17,36
2020/07/24 10:25:57.204,-29,12,-17,36
2020/07/24 10:25:57.235,-29,12,-17,36
2020/07/24 10:25:57.265,-29,12,-16,35
2020/07/24 10:25:57.296,-29,12,-16,35
2020/07/24 10:25:57.326,-29,12,-16,35
2020/07/24 10:25:57.355,-29,12,-16,35
2020/07/24 10:25:57.385,-29,12,-16,35
2020/07/24 10:25:57.414,-29,12,-16,35
2020/07/24 10:25:57.444,-29,12,-16,35
2020/07/24 10:25:57.474,-29,12,-16,35
2020/07/24 10:25:57.505,-29,12,-16,35
2020/07/24 10:25:57.535,-29,12,-16,35
2020/07/24 10:25:57.564,-29,12,-16,35
2020/07/24 10:25:57.591,-29,12,-16,35
2020/07/24 10:25:57.620,-29,12,-16,35
2020/07/24 10:25:57.650,-29,12,-16,35
2020/07/24 10:25:57.680,-29,12,-16,35
2020/07/24 10:25:57.709,-29,12,-16,35
2020/07/24 10:25:57.736,-29,11,-16,35
2020/07/24 10:25:57.766,-29,11,-16,35
2020/07/24 10:25:57.794,-29,11,-16,35
2020/07/24 10:25:57.821,-29,11,-16,35
2020/07/24 10:25:57.852,-29,11,-16,35
2020/07/24 10:25:57.882,-29,11,-16,35
2020/07/24 10:25:57.913,-29,11,-16,35
2020/07/24 10:25:57.945,-29,11,-16,35
2020/07/24 10:25:57.975,-29,11,-16,35
2020/07/24 10:25:58.005,-29,11,-16,35
2020/07/24 10:25:58.034,-29,11,-16,35
2020/07/24 10:25:58.064,-29,11,-17,35
2020/07/24 10:25:58.094,-29,11,-17,35
2020/07/24 10:25:58.124,-29,11,-17,35
2020/07/24 10:25:58.154,-29,11,-17,35
2020/07/24 10:25:58.184,-29,11,-17,35
2020/07/24 10:25:58.214,-29,11,-16,35
2020/07/24 10:25:58.246,-29,11,-16,35
2020/07/24 10:25:58.276,-29,11,-16,35
2020/07/24 10:25:58.307,-29,11,-16,35
2020/07/24 10:25:58.338,-29,11,-16,35
2020/07/24 10:25:58.368,-29,11,-16,35
2020/07/24 10:25:58.398,-29,11,-17,35
2020/07/24 10:25:58.433,-29,11,-17,35
2020/07/24 10:25:58.461,-29,11,-17,35
2020/07/24 10:25:58.491,-29,11,-17,35
2020/07/24 10:25:58.522,-29,11,-17,35
2020/07/24 10:25:58.552,-29,11,-16,35
2020/07/24 10:25:58.584,-29,11,-16,35
2020/07/24 10:25:58.614,-29,11,-16,35
2020/07/24 10:25:58.642,-29,11,-16,35
2020/07/24 10:25:58.671,-29,11,-16,35
2020/07/24 10:25:58.702,-29,11,-16,35
2020/07/24 10:25:58.732,-29,11,-16,35
2020/07/24 10:25:58.762,-29,11,-16,35
2020/07/24 10:25:58.790,-29,11,-16,35
2020/07/24 10:25:58.818,-29,11,-16,35
2020/07/24 10:25:58.845,-29,11,-16,35
2020/07/24 10:25:58.876,-29,11,-17,35
2020/07/24 10:25:58.906,-29,11,-17,35
2020/07/24 10:25:58.936,-29,11,-17,35
2020/07/24 10:25:58.966,-29,11,-17,35
2020/07/24 10:25:58.996,-29,11,-17,35
2020/07/24 10:25:59.024,-29,11,-16,35
2020/07/24 10:25:59.051,-29,11,-16,35
2020/07/24 10:25:59.079,-29,11,-16,35
2020/07/24 10:25:59.109,-29,11,-16,35
2020/07/24 10:25:59.139,-29,11,-16,35
2020/07/24 10:25:59.170,-29,12,-16,35
2020/07/24 10:25:59.200,-29,12,-16,35
2020/07/24 10:25:59.232,-29,12,-16,35
2020/07/24 10:25:59.263,-29,12,-16,35
2020/07/24 10:25:59.294,-29,12,-16,35
2020/07/24 10:25:59.325,-29,12,-16,35
2020/07/24 10:25:59.356,-29,12,-16,35
2020/07/24 10:25:59.386,-29,12,-16,35
2020/07/24 10:25:59.419,-29,12,-16,35
2020/07/24 10:25:59.447,-29,12,-16,35
2020/07/24 10:25:59.477,-29,12,-16,35
2020/07/24 10:25:59.508,-29,12,-15,35
2020/07/24 10:25:59.540,-29,12,-15,35
2020/07/24 10:25:59.571,-29,12,-15,35
2020/07/24 10:25:59.599,-29,12,-15,35
2020/07/24 10:25:59.630,-29,12,-15,35
2020/07/24 10:25:59.659,-30,12,-15,36
2020/07/24 10:25:59.689,-30,12,-15,36
2020/07/24 10:25:59.720,-30,12,-15,36
2020/07/24 10:25:59.749,-30,12,-15,36
2020/07/24 10:25:59.786,-30,12,-15,36
2020/07/24 10:25:59.831,-29,12,-15,35
2020/07/24 10:25:59.857,-29,12,-15,35
2020/07/24 10:25:59.881,-29,12,-15,35
2020/07/24 10:25:59.905,-29,12,-15,35
2020/07/24 10:25:59.930,-29,12,-15,35
2020/07/24 10:25:59.954,-29,12,-15,35
2020/07/24 10:25:59.978,-29,11,-15,34
2020/07/24 10:26:00.012,-29,11,-15,34
2020/07/24 10:26:00.037,-29,11,-15,34
2020/07/24 10:26:00.060,-29,11,-15,34
2020/07/24 10:26:00.086,-29,11,-15,34
2020/07/24 10:26:00.109,-29,11,-15,34
2020/07/24 10:26:00.133,-29,11,-15,34
2020/07/24 10:26:00.165,-29,11,-15,34
2020/07/24 10:26:00.189,-29,11,-15,34
2020/07/24 10:26:00.213,-29,11,-15,34
2020/07/24 10:26:00.237,-29,11,-15,34
2020/07/24 10:26:00.265,-29,11,-15,34
2020/07/24 10:26:00.295,-29,11,-15,34
2020/07/24 10:26:00.319,-29,11,-15,34
2020/07/24 10:26:00.344,-29,11,-15,34
2020/07/24 10:26:00.368,-29,11,-15,34
2020/07/24 10:26:00.393,-29,11,-15,34
2020/07/24 10:26:00.417,-29,11,-15,34
2020/07/24 10:26:00.440,-29,11,-15,34
2020/07/24 10:26:00.465,-29,12,-16,35
2020/07/24 10:26:00.492,-29,12,-16,35
2020/07/24 10:26:00.516,-29,12,-16,35
2020/07/24 10:26:00.540,-29,12,-16,35
2020/07/24 10:26:00.564,-29,12,-16,35
2020/07/24 10:26:00.589,-29,12,-16,35
2020/07/24 10:26:00.619,-29,12,-16,35
2020/07/24 10:26:00.646,-29,12,-16,35
2020/07/24 10:26:00.673,-29,12,-16,35
2020/07/24 10:26:00.701,-29,12,-16,35
2020/07/24 10:26:00.731,-29,12,-16,35
2020/07/24 10:26:00.761,-29,12,-16,35
2020/07/24 10:26:00.791,-29,12,-16,35
2020/07/24 10:26:00.822,-29,12,-16,35
2020/07/24 10:26:00.853,-29,12,-16,35
2020/07/24 10:26:00.879,-29,12,-16,35
2020/07/24 10:26:00.905,-29,12,-16,35
2020/07/24 10:26:00.931,-29,12,-16,35
2020/07/24 10:26:00.958,-29,12,-16,35
2020/07/24 10:26:00.988,-29,12,-16,35
2020/07/24 10:26:01.017,-29,12,-16,35
2020/07/24 10:26:01.047,-29,12,-16,35
2020/07/24 10:26:01.076,-29,12,-16,35
2020/07/24 10:26:01.106,-29,12,-16,35
2020/07/24 10:26:01.135,-29,12,-16,35
2020/07/24 10:26:01.165,-29,12,-16,35
2020/07/24 10:26:01.195,-29,12,-16,35
2020/07/24 10:26:01.222,-29,12,-16,35
2020/07/24 10:26:01.250,-29,12,-15,35
2020/07/24 10:26:01.280,-29,12,-15,35
2020/07/24 10:26:01.306,-29,12,-15,35
2020/07/24 10:26:01.336,-29,12,-15,35
2020/07/24 10:26:01.366,-29,12,-15,35
2020/07/24 10:26:01.395,-29,12,-15,35
2020/07/24 10:26:01.424,-29,12,-16,35
2020/07/24 10:26:01.446,-29,12,-16,35
2020/07/24 10:26:01.468,-29,12,-16,35
2020/07/24 10:26:01.491,-29,12,-16,35
2020/07/24 10:26:01.513,-29,12,-16,35
2020/07/24 10:26:01.536,-29,12,-16,35
2020/07/24 10:26:01.558,-29,12,-16,35
2020/07/24 10:26:01.581,-29,12,-16,35
2020/07/24 10:26:01.603,-29,12,-16,35
2020/07/24 10:26:01.626,-29,12,-16,35
2020/07/24 10:26:01.649,-29,12,-16,35
2020/07/24 10:26:01.672,-29,12,-16,35
2020/07/24 10:26:01.694,-29,12,-16,35
2020/07/24 10:26:01.717,-29,12,-16,35
2020/07/24 10:26:01.740,-29,12,-16,35
2020/07/24 10:26:01.763,-29,12,-16,35
2020/07/24 10:26:01.786,-29,12,-16,35
2020/07/24 10:26:01.808,-29,12,-16,35
2020/07/24 10:26:01.831,-29,12,-16,35
2020/07/24 10:26:01.854,-29,12,-16,35
2020/07/24 10:26:01.877,-29,12,-16,35
2020/07/24 10:26:01.900,-29,12,-16,35
2020/07/24 10:26:01.922,-29,12,-16,35
2020/07/24 10:26:01.945,-29,12,-16,35
2020/07/24 10:26:01.968,-29,12,-16,35
2020/07/24 10:26:01.992,-29,12,-16,35
2020/07/24 10:26:02.020,-29,12,-16,35
2020/07/24 10:26:02.050,-29,12,-16,35
2020/07/24 10:26:02.080,-29,12,-16,35
2020/07/24 10:26:02.111,-29,12,-16,35
2020/07/24 10:26:02.140,-29,12,-16,35
2020/07/24 10:26:02.168,-29,12,-16,35
2020/07/24 10:26:02.196,-29,12,-16,35
2020/07/24 10:26:02.226,-29,12,-16,35
2020/07/24 10:26:02.257,-29,12,-16,35
2020/07/24 10:26:02.287,-29,12,-16,35
2020/07/24 10:26:02.317,-29,12,-16,35
2020/07/24 10:26:02.343,-29,12,-16,35
2020/07/24 10:26:02.366,-29,12,-16,35
2020/07/24 10:26:02.388,-29,12,-16,35
